Asset Name,Asset Type,Unity Path,Source Folder,Is Enemy Related,Is Animation Related,Clip Count,Clip Names,Has Avatar,Rig / Avatar Notes,Likely Usage,Notes
"Enemy_Basic_Test 1","Prefab","Assets/_DiveProtocol/Prefabs/Enemies/Enemy_Basic_Test 1.prefab","_DiveProtocol","Yes","No",0,"","No","Animator Count=0; Controllers=None; Avatars=None","Not Animation","Prefab animation binding scan"
"Enemy_Basic_Test","Prefab","Assets/_DiveProtocol/Prefabs/Enemies/Enemy_Basic_Test.prefab","_DiveProtocol","Yes","No",0,"","No","Animator Count=0; Controllers=None; Avatars=None","Not Animation","Prefab animation binding scan"
"Characters","Avatar","Assets/PolygonApocalypse/Models/Characters.fbx","PolygonApocalypse","No","No",0,"","Yes","CharactersAvatar IsHuman=True IsValid=True","Not Animation","Avatar subasset(s): CharactersAvatar"
"SM_Bld_Commercial_Medium_01_Overgrowth_01","Avatar","Assets/PolygonApocalypse/Models/SM_Bld_Commercial_Medium_01_Overgrowth_01.fbx","PolygonApocalypse","No","No",0,"","Yes","SM_Bld_Commercial_Medium_01_Overgrowth_01Avatar IsHuman=False IsValid=True","Not Animation","Avatar subasset(s): SM_Bld_Commercial_Medium_01_Overgrowth_01Avatar"
"SM_Bld_Junk_Shelter_01_Tarp","Avatar","Assets/PolygonApocalypse/Models/SM_Bld_Junk_Shelter_01_Tarp.fbx","PolygonApocalypse","No","No",0,"","Yes","SM_Bld_Junk_Shelter_01_TarpAvatar IsHuman=False IsValid=True","Not Animation","Avatar subasset(s): SM_Bld_Junk_Shelter_01_TarpAvatar"
"SM_Bld_Junk_Shelter_02_Tarp","Avatar","Assets/PolygonApocalypse/Models/SM_Bld_Junk_Shelter_02_Tarp.fbx","PolygonApocalypse","No","No",0,"","Yes","SM_Bld_Junk_Shelter_02_TarpAvatar IsHuman=False IsValid=True","Not Animation","Avatar subasset(s): SM_Bld_Junk_Shelter_02_TarpAvatar"
"SM_Bld_Junk_Shelter_03_Tarp","Avatar","Assets/PolygonApocalypse/Models/SM_Bld_Junk_Shelter_03_Tarp.fbx","PolygonApocalypse","No","No",0,"","Yes","SM_Bld_Junk_Shelter_03_TarpAvatar IsHuman=False IsValid=True","Not Animation","Avatar subasset(s): SM_Bld_Junk_Shelter_03_TarpAvatar"
"SM_Bld_Junk_Shelter_04_Tarp","Avatar","Assets/PolygonApocalypse/Models/SM_Bld_Junk_Shelter_04_Tarp.fbx","PolygonApocalypse","No","No",0,"","Yes","SM_Bld_Junk_Shelter_04_TarpAvatar IsHuman=False IsValid=True","Not Animation","Avatar subasset(s): SM_Bld_Junk_Shelter_04_TarpAvatar"
"SM_Bld_Junk_Shelter_05_Tarp","Avatar","Assets/PolygonApocalypse/Models/SM_Bld_Junk_Shelter_05_Tarp.fbx","PolygonApocalypse","No","No",0,"","Yes","SM_Bld_Junk_Shelter_05_TarpAvatar IsHuman=False IsValid=True","Not Animation","Avatar subasset(s): SM_Bld_Junk_Shelter_05_TarpAvatar"
"SM_Bld_Junk_Shelter_06_Tarp","Avatar","Assets/PolygonApocalypse/Models/SM_Bld_Junk_Shelter_06_Tarp.fbx","PolygonApocalypse","No","No",0,"","Yes","SM_Bld_Junk_Shelter_06_TarpAvatar IsHuman=False IsValid=True","Not Animation","Avatar subasset(s): SM_Bld_Junk_Shelter_06_TarpAvatar"
"SM_Bld_Tarp_Generic_01","Avatar","Assets/PolygonApocalypse/Models/SM_Bld_Tarp_Generic_01.fbx","PolygonApocalypse","No","No",0,"","Yes","SM_Bld_Tarp_Generic_01Avatar IsHuman=False IsValid=True","Not Animation","Avatar subasset(s): SM_Bld_Tarp_Generic_01Avatar"
"SM_Bld_Tarp_Generic_02","Avatar","Assets/PolygonApocalypse/Models/SM_Bld_Tarp_Generic_02.fbx","PolygonApocalypse","No","No",0,"","Yes","SM_Bld_Tarp_Generic_02Avatar IsHuman=False IsValid=True","Not Animation","Avatar subasset(s): SM_Bld_Tarp_Generic_02Avatar"
"SM_Bld_Tarp_Generic_03","Avatar","Assets/PolygonApocalypse/Models/SM_Bld_Tarp_Generic_03.fbx","PolygonApocalypse","No","No",0,"","Yes","SM_Bld_Tarp_Generic_03Avatar IsHuman=False IsValid=True","Not Animation","Avatar subasset(s): SM_Bld_Tarp_Generic_03Avatar"
"SM_Env_Bridge_Support_01","Avatar","Assets/PolygonApocalypse/Models/SM_Env_Bridge_Support_01.fbx","PolygonApocalypse","No","No",0,"","Yes","SM_Env_Bridge_Support_01Avatar IsHuman=False IsValid=True","Not Animation","Avatar subasset(s): SM_Env_Bridge_Support_01Avatar"
"SM_Env_Road_Dirt_Straight_01","Avatar","Assets/PolygonApocalypse/Models/SM_Env_Road_Dirt_Straight_01.fbx","PolygonApocalypse","No","No",0,"","Yes","SM_Env_Road_Dirt_Straight_01Avatar IsHuman=False IsValid=True","Not Animation","Avatar subasset(s): SM_Env_Road_Dirt_Straight_01Avatar"
"SM_Generic_SkyDome","Avatar","Assets/PolygonApocalypse/Models/SM_Generic_SkyDome.fbx","PolygonApocalypse","No","No",0,"","Yes","SM_Generic_SkyDomeAvatar IsHuman=False IsValid=True","Not Animation","Avatar subasset(s): SM_Generic_SkyDomeAvatar"
"SM_Prop_Backetball_Hoop_02","Avatar","Assets/PolygonApocalypse/Models/SM_Prop_Backetball_Hoop_02.fbx","PolygonApocalypse","No","No",0,"","Yes","SM_Prop_Backetball_Hoop_02Avatar IsHuman=False IsValid=True","Not Animation","Avatar subasset(s): SM_Prop_Backetball_Hoop_02Avatar"
"SM_Prop_BarrelStack_01_Tarp","Avatar","Assets/PolygonApocalypse/Models/SM_Prop_BarrelStack_01_Tarp.fbx","PolygonApocalypse","No","No",0,"","Yes","SM_Prop_BarrelStack_01_TarpAvatar IsHuman=False IsValid=True","Not Animation","Avatar subasset(s): SM_Prop_BarrelStack_01_TarpAvatar"
"SM_Prop_Car_Wrecked_Stack_01_Tarp","Avatar","Assets/PolygonApocalypse/Models/SM_Prop_Car_Wrecked_Stack_01_Tarp.fbx","PolygonApocalypse","No","No",0,"","Yes","SM_Prop_Car_Wrecked_Stack_01_TarpAvatar IsHuman=False IsValid=True","Not Animation","Avatar subasset(s): SM_Prop_Car_Wrecked_Stack_01_TarpAvatar"
"SM_Prop_Gas_Table_01_Tarp","Avatar","Assets/PolygonApocalypse/Models/SM_Prop_Gas_Table_01_Tarp.fbx","PolygonApocalypse","No","No",0,"","Yes","SM_Prop_Gas_Table_01_TarpAvatar IsHuman=False IsValid=True","Not Animation","Avatar subasset(s): SM_Prop_Gas_Table_01_TarpAvatar"
"SM_Prop_Pot_Street_01","Avatar","Assets/PolygonApocalypse/Models/SM_Prop_Pot_Street_01.fbx","PolygonApocalypse","No","No",0,"","Yes","SM_Prop_Pot_Street_01Avatar IsHuman=False IsValid=True","Not Animation","Avatar subasset(s): SM_Prop_Pot_Street_01Avatar"
"SM_Prop_Scaffold_01","Avatar","Assets/PolygonApocalypse/Models/SM_Prop_Scaffold_01.fbx","PolygonApocalypse","No","No",0,"","Yes","SM_Prop_Scaffold_01Avatar IsHuman=False IsValid=True","Not Animation","Avatar subasset(s): SM_Prop_Scaffold_01Avatar"
"SM_Prop_Scaffold_Base_01","Avatar","Assets/PolygonApocalypse/Models/SM_Prop_Scaffold_Base_01.fbx","PolygonApocalypse","No","No",0,"","Yes","SM_Prop_Scaffold_Base_01Avatar IsHuman=False IsValid=True","Not Animation","Avatar subasset(s): SM_Prop_Scaffold_Base_01Avatar"
"SM_Prop_ShopFridge_02","Avatar","Assets/PolygonApocalypse/Models/SM_Prop_ShopFridge_02.fbx","PolygonApocalypse","No","No",0,"","Yes","SM_Prop_ShopFridge_02Avatar IsHuman=False IsValid=True","Not Animation","Avatar subasset(s): SM_Prop_ShopFridge_02Avatar"
"SM_Prop_Wall_Junk_03_Tarp","Avatar","Assets/PolygonApocalypse/Models/SM_Prop_Wall_Junk_03_Tarp.fbx","PolygonApocalypse","No","No",0,"","Yes","SM_Prop_Wall_Junk_03_TarpAvatar IsHuman=False IsValid=True","Not Animation","Avatar subasset(s): SM_Prop_Wall_Junk_03_TarpAvatar"
"SM_Veh_Attach_Plating_29","Avatar","Assets/PolygonApocalypse/Models/SM_Veh_Attach_Plating_29.fbx","PolygonApocalypse","No","No",0,"","Yes","SM_Veh_Attach_Plating_29Avatar IsHuman=False IsValid=True","Not Animation","Avatar subasset(s): SM_Veh_Attach_Plating_29Avatar"
"SM_Veh_Attach_Plating_30","Avatar","Assets/PolygonApocalypse/Models/SM_Veh_Attach_Plating_30.fbx","PolygonApocalypse","No","No",0,"","Yes","SM_Veh_Attach_Plating_30Avatar IsHuman=False IsValid=True","Not Animation","Avatar subasset(s): SM_Veh_Attach_Plating_30Avatar"
"SM_Veh_Attach_Plating_31","Avatar","Assets/PolygonApocalypse/Models/SM_Veh_Attach_Plating_31.fbx","PolygonApocalypse","No","No",0,"","Yes","SM_Veh_Attach_Plating_31Avatar IsHuman=False IsValid=True","Not Animation","Avatar subasset(s): SM_Veh_Attach_Plating_31Avatar"
"SM_Veh_Attach_Plating_32","Avatar","Assets/PolygonApocalypse/Models/SM_Veh_Attach_Plating_32.fbx","PolygonApocalypse","No","No",0,"","Yes","SM_Veh_Attach_Plating_32Avatar IsHuman=False IsValid=True","Not Animation","Avatar subasset(s): SM_Veh_Attach_Plating_32Avatar"
"SM_Veh_Attach_Plating_33","Avatar","Assets/PolygonApocalypse/Models/SM_Veh_Attach_Plating_33.fbx","PolygonApocalypse","No","No",0,"","Yes","SM_Veh_Attach_Plating_33Avatar IsHuman=False IsValid=True","Not Animation","Avatar subasset(s): SM_Veh_Attach_Plating_33Avatar"
"SM_Veh_Attach_Plating_34","Avatar","Assets/PolygonApocalypse/Models/SM_Veh_Attach_Plating_34.fbx","PolygonApocalypse","No","No",0,"","Yes","SM_Veh_Attach_Plating_34Avatar IsHuman=False IsValid=True","Not Animation","Avatar subasset(s): SM_Veh_Attach_Plating_34Avatar"
"SM_Veh_Attach_Plating_35","Avatar","Assets/PolygonApocalypse/Models/SM_Veh_Attach_Plating_35.fbx","PolygonApocalypse","No","No",0,"","Yes","SM_Veh_Attach_Plating_35Avatar IsHuman=False IsValid=True","Not Animation","Avatar subasset(s): SM_Veh_Attach_Plating_35Avatar"
"SM_Veh_Attach_Plating_36","Avatar","Assets/PolygonApocalypse/Models/SM_Veh_Attach_Plating_36.fbx","PolygonApocalypse","No","No",0,"","Yes","SM_Veh_Attach_Plating_36Avatar IsHuman=False IsValid=True","Not Animation","Avatar subasset(s): SM_Veh_Attach_Plating_36Avatar"
"SM_Veh_Attach_Plating_37","Avatar","Assets/PolygonApocalypse/Models/SM_Veh_Attach_Plating_37.fbx","PolygonApocalypse","No","No",0,"","Yes","SM_Veh_Attach_Plating_37Avatar IsHuman=False IsValid=True","Not Animation","Avatar subasset(s): SM_Veh_Attach_Plating_37Avatar"
"SM_Veh_Attach_Plating_38","Avatar","Assets/PolygonApocalypse/Models/SM_Veh_Attach_Plating_38.fbx","PolygonApocalypse","No","No",0,"","Yes","SM_Veh_Attach_Plating_38Avatar IsHuman=False IsValid=True","Not Animation","Avatar subasset(s): SM_Veh_Attach_Plating_38Avatar"
"SM_Veh_Attach_Plating_39","Avatar","Assets/PolygonApocalypse/Models/SM_Veh_Attach_Plating_39.fbx","PolygonApocalypse","No","No",0,"","Yes","SM_Veh_Attach_Plating_39Avatar IsHuman=False IsValid=True","Not Animation","Avatar subasset(s): SM_Veh_Attach_Plating_39Avatar"
"SM_Veh_Attach_Plating_40","Avatar","Assets/PolygonApocalypse/Models/SM_Veh_Attach_Plating_40.fbx","PolygonApocalypse","No","No",0,"","Yes","SM_Veh_Attach_Plating_40Avatar IsHuman=False IsValid=True","Not Animation","Avatar subasset(s): SM_Veh_Attach_Plating_40Avatar"
"SM_Veh_Attach_Plating_41","Avatar","Assets/PolygonApocalypse/Models/SM_Veh_Attach_Plating_41.fbx","PolygonApocalypse","No","No",0,"","Yes","SM_Veh_Attach_Plating_41Avatar IsHuman=False IsValid=True","Not Animation","Avatar subasset(s): SM_Veh_Attach_Plating_41Avatar"
"SM_Veh_Attach_Plating_42","Avatar","Assets/PolygonApocalypse/Models/SM_Veh_Attach_Plating_42.fbx","PolygonApocalypse","No","No",0,"","Yes","SM_Veh_Attach_Plating_42Avatar IsHuman=False IsValid=True","Not Animation","Avatar subasset(s): SM_Veh_Attach_Plating_42Avatar"
"SM_Veh_Attach_Plating_43","Avatar","Assets/PolygonApocalypse/Models/SM_Veh_Attach_Plating_43.fbx","PolygonApocalypse","No","No",0,"","Yes","SM_Veh_Attach_Plating_43Avatar IsHuman=False IsValid=True","Not Animation","Avatar subasset(s): SM_Veh_Attach_Plating_43Avatar"
"SM_Veh_Attach_Plating_44","Avatar","Assets/PolygonApocalypse/Models/SM_Veh_Attach_Plating_44.fbx","PolygonApocalypse","No","No",0,"","Yes","SM_Veh_Attach_Plating_44Avatar IsHuman=False IsValid=True","Not Animation","Avatar subasset(s): SM_Veh_Attach_Plating_44Avatar"
"FX_Bullet_Trail","Avatar","Assets/PolygonApocalypse/Prefabs/FX/Misc/FX_Bullet_Trail.fbx","PolygonApocalypse","No","No",0,"","Yes","FX_Bullet_TrailAvatar IsHuman=False IsValid=True","Not Animation","Avatar subasset(s): FX_Bullet_TrailAvatar"
"FX_Ring_01","Avatar","Assets/PolygonApocalypse/Prefabs/FX/Misc/FX_Ring_01.fbx","PolygonApocalypse","No","No",0,"","Yes","FX_Ring_01Avatar IsHuman=False IsValid=True","Not Animation","Avatar subasset(s): FX_Ring_01Avatar"
"FX_Sphere_01","Avatar","Assets/PolygonApocalypse/Prefabs/FX/Misc/FX_Sphere_01.fbx","PolygonApocalypse","No","No",0,"","Yes","FX_Sphere_01Avatar IsHuman=False IsValid=True","Not Animation","Avatar subasset(s): FX_Sphere_01Avatar"
"FX_Sphere_02","Avatar","Assets/PolygonApocalypse/Prefabs/FX/Misc/FX_Sphere_02.fbx","PolygonApocalypse","No","No",0,"","Yes","FX_Sphere_02Avatar IsHuman=False IsValid=True","Not Animation","Avatar subasset(s): FX_Sphere_02Avatar"
"FX_Sphere_03","Avatar","Assets/PolygonApocalypse/Prefabs/FX/Misc/FX_Sphere_03.fbx","PolygonApocalypse","No","No",0,"","Yes","FX_Sphere_03Avatar IsHuman=False IsValid=True","Not Animation","Avatar subasset(s): FX_Sphere_03Avatar"
"FX_Sphere_Pivot","Avatar","Assets/PolygonApocalypse/Prefabs/FX/Misc/FX_Sphere_Pivot.fbx","PolygonApocalypse","No","No",0,"","Yes","FX_Sphere_PivotAvatar IsHuman=False IsValid=True","Not Animation","Avatar subasset(s): FX_Sphere_PivotAvatar"
"FX_Tower_01","Avatar","Assets/PolygonApocalypse/Prefabs/FX/Misc/FX_Tower_01.fbx","PolygonApocalypse","No","No",0,"","Yes","FX_Tower_01Avatar IsHuman=False IsValid=True","Not Animation","Avatar subasset(s): FX_Tower_01Avatar"
"SM_Flame_FX","Avatar","Assets/PolygonApocalypse/Prefabs/FX/Misc/SM_Flame_FX.fbx","PolygonApocalypse","No","No",0,"","Yes","SM_Flame_FXAvatar IsHuman=False IsValid=True","Not Animation","Avatar subasset(s): SM_Flame_FXAvatar"
"Characters","FBX / ModelImporter","Assets/PolygonApocalypse/Models/Characters.fbx","PolygonApocalypse","No","No",0,"","Yes","ImportAnimation=False; AnimationType=Human; AvatarSetup=CreateFromThisModel; HasAvatar=True","Unknown","No imported/embedded animation clips detected"
"SM_Bld_Apartment_01","FBX / ModelImporter","Assets/PolygonApocalypse/Models/SM_Bld_Apartment_01.fbx","PolygonApocalypse","No","No",0,"","No","ImportAnimation=False; AnimationType=None; AvatarSetup=NoAvatar; HasAvatar=False","Unknown","No imported/embedded animation clips detected"
"SM_Bld_AutoRepair_01","FBX / ModelImporter","Assets/PolygonApocalypse/Models/SM_Bld_AutoRepair_01.fbx","PolygonApocalypse","No","No",0,"","No","ImportAnimation=False; AnimationType=None; AvatarSetup=NoAvatar; HasAvatar=False","Unknown","No imported/embedded animation clips detected"
"SM_Bld_Bunker_Beam_Concrete_01","FBX / ModelImporter","Assets/PolygonApocalypse/Models/SM_Bld_Bunker_Beam_Concrete_01.fbx","PolygonApocalypse","No","No",0,"","No","ImportAnimation=False; AnimationType=None; AvatarSetup=NoAvatar; HasAvatar=False","Unknown","No imported/embedded animation clips detected"
"SM_Bld_Bunker_Beam_Curved_Concrete_01","FBX / ModelImporter","Assets/PolygonApocalypse/Models/SM_Bld_Bunker_Beam_Curved_Concrete_01.fbx","PolygonApocalypse","No","No",0,"","No","ImportAnimation=False; AnimationType=None; AvatarSetup=NoAvatar; HasAvatar=False","Unknown","No imported/embedded animation clips detected"
"SM_Bld_Bunker_Beam_Curved_Wood_01","FBX / ModelImporter","Assets/PolygonApocalypse/Models/SM_Bld_Bunker_Beam_Curved_Wood_01.fbx","PolygonApocalypse","No","No",0,"","No","ImportAnimation=False; AnimationType=None; AvatarSetup=NoAvatar; HasAvatar=False","Unknown","No imported/embedded animation clips detected"
"SM_Bld_Bunker_Beam_End_Curved_Concrete_01","FBX / ModelImporter","Assets/PolygonApocalypse/Models/SM_Bld_Bunker_Beam_End_Curved_Concrete_01.fbx","PolygonApocalypse","No","No",0,"","No","ImportAnimation=False; AnimationType=None; AvatarSetup=NoAvatar; HasAvatar=False","Unknown","No imported/embedded animation clips detected"
"SM_Bld_Bunker_Beam_End_Curved_Wood_01","FBX / ModelImporter","Assets/PolygonApocalypse/Models/SM_Bld_Bunker_Beam_End_Curved_Wood_01.fbx","PolygonApocalypse","No","No",0,"","No","ImportAnimation=False; AnimationType=None; AvatarSetup=NoAvatar; HasAvatar=False","Unknown","No imported/embedded animation clips detected"
"SM_Bld_Bunker_Beam_Wood_01","FBX / ModelImporter","Assets/PolygonApocalypse/Models/SM_Bld_Bunker_Beam_Wood_01.fbx","PolygonApocalypse","No","No",0,"","No","ImportAnimation=False; AnimationType=None; AvatarSetup=NoAvatar; HasAvatar=False","Unknown","No imported/embedded animation clips detected"
"SM_Bld_Bunker_Ceiling_Concrete_01","FBX / ModelImporter","Assets/PolygonApocalypse/Models/SM_Bld_Bunker_Ceiling_Concrete_01.fbx","PolygonApocalypse","No","No",0,"","No","ImportAnimation=False; AnimationType=None; AvatarSetup=NoAvatar; HasAvatar=False","Unknown","No imported/embedded animation clips detected"
"SM_Bld_Bunker_Ceiling_Concrete_02","FBX / ModelImporter","Assets/PolygonApocalypse/Models/SM_Bld_Bunker_Ceiling_Concrete_02.fbx","PolygonApocalypse","No","No",0,"","No","ImportAnimation=False; AnimationType=None; AvatarSetup=NoAvatar; HasAvatar=False","Unknown","No imported/embedded animation clips detected"
"SM_Bld_Bunker_Ceiling_Corrugated_01","FBX / ModelImporter","Assets/PolygonApocalypse/Models/SM_Bld_Bunker_Ceiling_Corrugated_01.fbx","PolygonApocalypse","No","No",0,"","No","ImportAnimation=False; AnimationType=None; AvatarSetup=NoAvatar; HasAvatar=False","Unknown","No imported/embedded animation clips detected"
"SM_Bld_Bunker_Ceiling_Vent_01","FBX / ModelImporter","Assets/PolygonApocalypse/Models/SM_Bld_Bunker_Ceiling_Vent_01.fbx","PolygonApocalypse","No","No",0,"","No","ImportAnimation=False; AnimationType=None; AvatarSetup=NoAvatar; HasAvatar=False","Unknown","No imported/embedded animation clips detected"
"SM_Bld_Bunker_Ceiling_Wood_01","FBX / ModelImporter","Assets/PolygonApocalypse/Models/SM_Bld_Bunker_Ceiling_Wood_01.fbx","PolygonApocalypse","No","No",0,"","No","ImportAnimation=False; AnimationType=None; AvatarSetup=NoAvatar; HasAvatar=False","Unknown","No imported/embedded animation clips detected"
"SM_Bld_Bunker_Concrete_Floor_01","FBX / ModelImporter","Assets/PolygonApocalypse/Models/SM_Bld_Bunker_Concrete_Floor_01.fbx","PolygonApocalypse","No","No",0,"","No","ImportAnimation=False; AnimationType=None; AvatarSetup=NoAvatar; HasAvatar=False","Unknown","No imported/embedded animation clips detected"
"SM_Bld_Bunker_Entrance_01","FBX / ModelImporter","Assets/PolygonApocalypse/Models/SM_Bld_Bunker_Entrance_01.fbx","PolygonApocalypse","No","No",0,"","No","ImportAnimation=False; AnimationType=None; AvatarSetup=NoAvatar; HasAvatar=False","Unknown","No imported/embedded animation clips detected"
"SM_Bld_Bunker_Floor_Concrete_Open_01","FBX / ModelImporter","Assets/PolygonApocalypse/Models/SM_Bld_Bunker_Floor_Concrete_Open_01.fbx","PolygonApocalypse","No","No",0,"","No","ImportAnimation=False; AnimationType=None; AvatarSetup=NoAvatar; HasAvatar=False","Unknown","No imported/embedded animation clips detected"
"SM_Bld_Bunker_Floor_Concrete_Rust_Open_01","FBX / ModelImporter","Assets/PolygonApocalypse/Models/SM_Bld_Bunker_Floor_Concrete_Rust_Open_01.fbx","PolygonApocalypse","No","No",0,"","No","ImportAnimation=False; AnimationType=None; AvatarSetup=NoAvatar; HasAvatar=False","Unknown","No imported/embedded animation clips detected"
"SM_Bld_Bunker_Floor_Container_01","FBX / ModelImporter","Assets/PolygonApocalypse/Models/SM_Bld_Bunker_Floor_Container_01.fbx","PolygonApocalypse","No","No",0,"","No","ImportAnimation=False; AnimationType=None; AvatarSetup=NoAvatar; HasAvatar=False","Unknown","No imported/embedded animation clips detected"
"SM_Bld_Bunker_Floor_Container_x2_01","FBX / ModelImporter","Assets/PolygonApocalypse/Models/SM_Bld_Bunker_Floor_Container_x2_01.fbx","PolygonApocalypse","No","No",0,"","No","ImportAnimation=False; AnimationType=None; AvatarSetup=NoAvatar; HasAvatar=False","Unknown","No imported/embedded animation clips detected"
"SM_Bld_Bunker_Floor_Pallet_01","FBX / ModelImporter","Assets/PolygonApocalypse/Models/SM_Bld_Bunker_Floor_Pallet_01.fbx","PolygonApocalypse","No","No",0,"","No","ImportAnimation=False; AnimationType=None; AvatarSetup=NoAvatar; HasAvatar=False","Unknown","No imported/embedded animation clips detected"
"SM_Bld_Bunker_Floor_Pallet_02","FBX / ModelImporter","Assets/PolygonApocalypse/Models/SM_Bld_Bunker_Floor_Pallet_02.fbx","PolygonApocalypse","No","No",0,"","No","ImportAnimation=False; AnimationType=None; AvatarSetup=NoAvatar; HasAvatar=False","Unknown","No imported/embedded animation clips detected"
"SM_Bld_Bunker_Floor_Stone_01","FBX / ModelImporter","Assets/PolygonApocalypse/Models/SM_Bld_Bunker_Floor_Stone_01.fbx","PolygonApocalypse","No","No",0,"","No","ImportAnimation=False; AnimationType=None; AvatarSetup=NoAvatar; HasAvatar=False","Unknown","No imported/embedded animation clips detected"
"SM_Bld_Bunker_Floor_Stone_x2_01","FBX / ModelImporter","Assets/PolygonApocalypse/Models/SM_Bld_Bunker_Floor_Stone_x2_01.fbx","PolygonApocalypse","No","No",0,"","No","ImportAnimation=False; AnimationType=None; AvatarSetup=NoAvatar; HasAvatar=False","Unknown","No imported/embedded animation clips detected"
"SM_Bld_Bunker_Floor_Wood_01","FBX / ModelImporter","Assets/PolygonApocalypse/Models/SM_Bld_Bunker_Floor_Wood_01.fbx","PolygonApocalypse","No","No",0,"","No","ImportAnimation=False; AnimationType=None; AvatarSetup=NoAvatar; HasAvatar=False","Unknown","No imported/embedded animation clips detected"
"SM_Bld_Bunker_Floor_Wood_02","FBX / ModelImporter","Assets/PolygonApocalypse/Models/SM_Bld_Bunker_Floor_Wood_02.fbx","PolygonApocalypse","No","No",0,"","No","ImportAnimation=False; AnimationType=None; AvatarSetup=NoAvatar; HasAvatar=False","Unknown","No imported/embedded animation clips detected"
"SM_Bld_Bunker_Floor_Wood_03","FBX / ModelImporter","Assets/PolygonApocalypse/Models/SM_Bld_Bunker_Floor_Wood_03.fbx","PolygonApocalypse","No","No",0,"","No","ImportAnimation=False; AnimationType=None; AvatarSetup=NoAvatar; HasAvatar=False","Unknown","No imported/embedded animation clips detected"
"SM_Bld_Bunker_Hatch_01","FBX / ModelImporter","Assets/PolygonApocalypse/Models/SM_Bld_Bunker_Hatch_01.fbx","PolygonApocalypse","No","No",0,"","No","ImportAnimation=False; AnimationType=None; AvatarSetup=NoAvatar; HasAvatar=False","Unknown","No imported/embedded animation clips detected"
"SM_Bld_Bunker_Hatch_Round_01","FBX / ModelImporter","Assets/PolygonApocalypse/Models/SM_Bld_Bunker_Hatch_Round_01.fbx","PolygonApocalypse","No","No",0,"","No","ImportAnimation=False; AnimationType=None; AvatarSetup=NoAvatar; HasAvatar=False","Unknown","No imported/embedded animation clips detected"
"SM_Bld_Bunker_Ladder_01","FBX / ModelImporter","Assets/PolygonApocalypse/Models/SM_Bld_Bunker_Ladder_01.fbx","PolygonApocalypse","No","No",0,"","No","ImportAnimation=False; AnimationType=None; AvatarSetup=NoAvatar; HasAvatar=False","Unknown","No imported/embedded animation clips detected"
"SM_Bld_Bunker_Ladder_End_01","FBX / ModelImporter","Assets/PolygonApocalypse/Models/SM_Bld_Bunker_Ladder_End_01.fbx","PolygonApocalypse","No","No",0,"","No","ImportAnimation=False; AnimationType=None; AvatarSetup=NoAvatar; HasAvatar=False","Unknown","No imported/embedded animation clips detected"
"SM_Bld_Bunker_Ladder_End_Rust_01","FBX / ModelImporter","Assets/PolygonApocalypse/Models/SM_Bld_Bunker_Ladder_End_Rust_01.fbx","PolygonApocalypse","No","No",0,"","No","ImportAnimation=False; AnimationType=None; AvatarSetup=NoAvatar; HasAvatar=False","Unknown","No imported/embedded animation clips detected"
"SM_Bld_Bunker_Ladder_Rust_01","FBX / ModelImporter","Assets/PolygonApocalypse/Models/SM_Bld_Bunker_Ladder_Rust_01.fbx","PolygonApocalypse","No","No",0,"","No","ImportAnimation=False; AnimationType=None; AvatarSetup=NoAvatar; HasAvatar=False","Unknown","No imported/embedded animation clips detected"
"SM_Bld_Bunker_PillarBlock_01","FBX / ModelImporter","Assets/PolygonApocalypse/Models/SM_Bld_Bunker_PillarBlock_01.fbx","PolygonApocalypse","No","No",0,"","No","ImportAnimation=False; AnimationType=None; AvatarSetup=NoAvatar; HasAvatar=False","Unknown","No imported/embedded animation clips detected"
"SM_Bld_Bunker_Stairs_Double_01","FBX / ModelImporter","Assets/PolygonApocalypse/Models/SM_Bld_Bunker_Stairs_Double_01.fbx","PolygonApocalypse","No","No",0,"","No","ImportAnimation=False; AnimationType=None; AvatarSetup=NoAvatar; HasAvatar=False","Unknown","No imported/embedded animation clips detected"
"SM_Bld_Bunker_Stairs_Single_01","FBX / ModelImporter","Assets/PolygonApocalypse/Models/SM_Bld_Bunker_Stairs_Single_01.fbx","PolygonApocalypse","No","No",0,"","No","ImportAnimation=False; AnimationType=None; AvatarSetup=NoAvatar; HasAvatar=False","Unknown","No imported/embedded animation clips detected"
"SM_Bld_Bunker_Wall_Caution_Door_01","FBX / ModelImporter","Assets/PolygonApocalypse/Models/SM_Bld_Bunker_Wall_Caution_Door_01.fbx","PolygonApocalypse","No","No",0,"","No","ImportAnimation=False; AnimationType=None; AvatarSetup=NoAvatar; HasAvatar=False","Unknown","No imported/embedded animation clips detected"
"SM_Bld_Bunker_Wall_Concrete_Door_01","FBX / ModelImporter","Assets/PolygonApocalypse/Models/SM_Bld_Bunker_Wall_Concrete_Door_01.fbx","PolygonApocalypse","No","No",0,"","No","ImportAnimation=False; AnimationType=None; AvatarSetup=NoAvatar; HasAvatar=False","Unknown","No imported/embedded animation clips detected"
"SM_Bld_Bunker_Wall_Concrete_x1_01","FBX / ModelImporter","Assets/PolygonApocalypse/Models/SM_Bld_Bunker_Wall_Concrete_x1_01.fbx","PolygonApocalypse","No","No",0,"","No","ImportAnimation=False; AnimationType=None; AvatarSetup=NoAvatar; HasAvatar=False","Unknown","No imported/embedded animation clips detected"
"SM_Bld_Bunker_Wall_Concrete_x1_02","FBX / ModelImporter","Assets/PolygonApocalypse/Models/SM_Bld_Bunker_Wall_Concrete_x1_02.fbx","PolygonApocalypse","No","No",0,"","No","ImportAnimation=False; AnimationType=None; AvatarSetup=NoAvatar; HasAvatar=False","Unknown","No imported/embedded animation clips detected"
"SM_Bld_Bunker_Wall_Concrete_x2_01","FBX / ModelImporter","Assets/PolygonApocalypse/Models/SM_Bld_Bunker_Wall_Concrete_x2_01.fbx","PolygonApocalypse","No","No",0,"","No","ImportAnimation=False; AnimationType=None; AvatarSetup=NoAvatar; HasAvatar=False","Unknown","No imported/embedded animation clips detected"
"SM_Bld_Bunker_Wall_Concrete_x2_02","FBX / ModelImporter","Assets/PolygonApocalypse/Models/SM_Bld_Bunker_Wall_Concrete_x2_02.fbx","PolygonApocalypse","No","No",0,"","No","ImportAnimation=False; AnimationType=None; AvatarSetup=NoAvatar; HasAvatar=False","Unknown","No imported/embedded animation clips detected"
"SM_Bld_Bunker_Wall_Container_Door_01","FBX / ModelImporter","Assets/PolygonApocalypse/Models/SM_Bld_Bunker_Wall_Container_Door_01.fbx","PolygonApocalypse","No","No",0,"","No","ImportAnimation=False; AnimationType=None; AvatarSetup=NoAvatar; HasAvatar=False","Unknown","No imported/embedded animation clips detected"
"SM_Bld_Bunker_Wall_Container_x1_01","FBX / ModelImporter","Assets/PolygonApocalypse/Models/SM_Bld_Bunker_Wall_Container_x1_01.fbx","PolygonApocalypse","No","No",0,"","No","ImportAnimation=False; AnimationType=None; AvatarSetup=NoAvatar; HasAvatar=False","Unknown","No imported/embedded animation clips detected"
"SM_Bld_Bunker_Wall_Container_x1_02","FBX / ModelImporter","Assets/PolygonApocalypse/Models/SM_Bld_Bunker_Wall_Container_x1_02.fbx","PolygonApocalypse","No","No",0,"","No","ImportAnimation=False; AnimationType=None; AvatarSetup=NoAvatar; HasAvatar=False","Unknown","No imported/embedded animation clips detected"
"SM_Bld_Bunker_Wall_Container_x2_01","FBX / ModelImporter","Assets/PolygonApocalypse/Models/SM_Bld_Bunker_Wall_Container_x2_01.fbx","PolygonApocalypse","No","No",0,"","No","ImportAnimation=False; AnimationType=None; AvatarSetup=NoAvatar; HasAvatar=False","Unknown","No imported/embedded animation clips detected"
"SM_Bld_Bunker_Wall_Container_x2_02","FBX / ModelImporter","Assets/PolygonApocalypse/Models/SM_Bld_Bunker_Wall_Container_x2_02.fbx","PolygonApocalypse","No","No",0,"","No","ImportAnimation=False; AnimationType=None; AvatarSetup=NoAvatar; HasAvatar=False","Unknown","No imported/embedded animation clips detected"
"SM_Bld_Bunker_Wall_Curved_Concrete_01","FBX / ModelImporter","Assets/PolygonApocalypse/Models/SM_Bld_Bunker_Wall_Curved_Concrete_01.fbx","PolygonApocalypse","No","No",0,"","No","ImportAnimation=False; AnimationType=None; AvatarSetup=NoAvatar; HasAvatar=False","Unknown","No imported/embedded animation clips detected"
"SM_Bld_Bunker_Wall_Curved_Corrugated_01","FBX / ModelImporter","Assets/PolygonApocalypse/Models/SM_Bld_Bunker_Wall_Curved_Corrugated_01.fbx","PolygonApocalypse","No","No",0,"","No","ImportAnimation=False; AnimationType=None; AvatarSetup=NoAvatar; HasAvatar=False","Unknown","No imported/embedded animation clips detected"
"SM_Bld_Bunker_Wall_Curved_End_Concrete_01","FBX / ModelImporter","Assets/PolygonApocalypse/Models/SM_Bld_Bunker_Wall_Curved_End_Concrete_01.fbx","PolygonApocalypse","No","No",0,"","No","ImportAnimation=False; AnimationType=None; AvatarSetup=NoAvatar; HasAvatar=False","Unknown","No imported/embedded animation clips detected"
"SM_Bld_Bunker_Wall_Curved_End_Concrete_Door_x2_01","FBX / ModelImporter","Assets/PolygonApocalypse/Models/SM_Bld_Bunker_Wall_Curved_End_Concrete_Door_x2_01.fbx","PolygonApocalypse","No","No",0,"","No","ImportAnimation=False; AnimationType=None; AvatarSetup=NoAvatar; HasAvatar=False","Unknown","No imported/embedded animation clips detected"
"SM_Bld_Bunker_Wall_Curved_End_Concrete_x2_01","FBX / ModelImporter","Assets/PolygonApocalypse/Models/SM_Bld_Bunker_Wall_Curved_End_Concrete_x2_01.fbx","PolygonApocalypse","No","No",0,"","No","ImportAnimation=False; AnimationType=None; AvatarSetup=NoAvatar; HasAvatar=False","Unknown","No imported/embedded animation clips detected"
"SM_Bld_Bunker_Wall_Curved_End_Metal_01","FBX / ModelImporter","Assets/PolygonApocalypse/Models/SM_Bld_Bunker_Wall_Curved_End_Metal_01.fbx","PolygonApocalypse","No","No",0,"","No","ImportAnimation=False; AnimationType=None; AvatarSetup=NoAvatar; HasAvatar=False","Unknown","No imported/embedded animation clips detected"
"SM_Bld_Bunker_Wall_Curved_End_Metal_Door_x2_01","FBX / ModelImporter","Assets/PolygonApocalypse/Models/SM_Bld_Bunker_Wall_Curved_End_Metal_Door_x2_01.fbx","PolygonApocalypse","No","No",0,"","No","ImportAnimation=False; AnimationType=None; AvatarSetup=NoAvatar; HasAvatar=False","Unknown","No imported/embedded animation clips detected"
"SM_Bld_Bunker_Wall_Curved_End_Metal_x2_01","FBX / ModelImporter","Assets/PolygonApocalypse/Models/SM_Bld_Bunker_Wall_Curved_End_Metal_x2_01.fbx","PolygonApocalypse","No","No",0,"","No","ImportAnimation=False; AnimationType=None; AvatarSetup=NoAvatar; HasAvatar=False","Unknown","No imported/embedded animation clips detected"
"SM_Bld_Bunker_Wall_Metal_Door_x1_01","FBX / ModelImporter","Assets/PolygonApocalypse/Models/SM_Bld_Bunker_Wall_Metal_Door_x1_01.fbx","PolygonApocalypse","No","No",0,"","No","ImportAnimation=False; AnimationType=None; AvatarSetup=NoAvatar; HasAvatar=False","Unknown","No imported/embedded animation clips detected"
"SM_Bld_Bunker_Wall_Metal_Door_x2_01","FBX / ModelImporter","Assets/PolygonApocalypse/Models/SM_Bld_Bunker_Wall_Metal_Door_x2_01.fbx","PolygonApocalypse","No","No",0,"","No","ImportAnimation=False; AnimationType=None; AvatarSetup=NoAvatar; HasAvatar=False","Unknown","No imported/embedded animation clips detected"
"SM_Bld_Bunker_Wall_Slab_x1_01","FBX / ModelImporter","Assets/PolygonApocalypse/Models/SM_Bld_Bunker_Wall_Slab_x1_01.fbx","PolygonApocalypse","No","No",0,"","No","ImportAnimation=False; AnimationType=None; AvatarSetup=NoAvatar; HasAvatar=False","Unknown","No imported/embedded animation clips detected"
"SM_Bld_Bunker_Wall_Slab_x1_02","FBX / ModelImporter","Assets/PolygonApocalypse/Models/SM_Bld_Bunker_Wall_Slab_x1_02.fbx","PolygonApocalypse","No","No",0,"","No","ImportAnimation=False; AnimationType=None; AvatarSetup=NoAvatar; HasAvatar=False","Unknown","No imported/embedded animation clips detected"
"SM_Bld_Bunker_Wall_Slab_x1_03","FBX / ModelImporter","Assets/PolygonApocalypse/Models/SM_Bld_Bunker_Wall_Slab_x1_03.fbx","PolygonApocalypse","No","No",0,"","No","ImportAnimation=False; AnimationType=None; AvatarSetup=NoAvatar; HasAvatar=False","Unknown","No imported/embedded animation clips detected"
"SM_Bld_Bunker_Wall_Slab_x1_04","FBX / ModelImporter","Assets/PolygonApocalypse/Models/SM_Bld_Bunker_Wall_Slab_x1_04.fbx","PolygonApocalypse","No","No",0,"","No","ImportAnimation=False; AnimationType=None; AvatarSetup=NoAvatar; HasAvatar=False","Unknown","No imported/embedded animation clips detected"
"SM_Bld_Bunker_Wall_Slab_x2_01","FBX / ModelImporter","Assets/PolygonApocalypse/Models/SM_Bld_Bunker_Wall_Slab_x2_01.fbx","PolygonApocalypse","No","No",0,"","No","ImportAnimation=False; AnimationType=None; AvatarSetup=NoAvatar; HasAvatar=False","Unknown","No imported/embedded animation clips detected"
"SM_Bld_Bunker_Wall_Slab_x2_02","FBX / ModelImporter","Assets/PolygonApocalypse/Models/SM_Bld_Bunker_Wall_Slab_x2_02.fbx","PolygonApocalypse","No","No",0,"","No","ImportAnimation=False; AnimationType=None; AvatarSetup=NoAvatar; HasAvatar=False","Unknown","No imported/embedded animation clips detected"
"SM_Bld_Bunker_Wood_Floor_Raised_01","FBX / ModelImporter","Assets/PolygonApocalypse/Models/SM_Bld_Bunker_Wood_Floor_Raised_01.fbx","PolygonApocalypse","No","No",0,"","No","ImportAnimation=False; AnimationType=None; AvatarSetup=NoAvatar; HasAvatar=False","Unknown","No imported/embedded animation clips detected"
"SM_Bld_Bunker_Wood_Floor_Raised_x2_01","FBX / ModelImporter","Assets/PolygonApocalypse/Models/SM_Bld_Bunker_Wood_Floor_Raised_x2_01.fbx","PolygonApocalypse","No","No",0,"","No","ImportAnimation=False; AnimationType=None; AvatarSetup=NoAvatar; HasAvatar=False","Unknown","No imported/embedded animation clips detected"
"SM_Bld_Cafe_01","FBX / ModelImporter","Assets/PolygonApocalypse/Models/SM_Bld_Cafe_01.fbx","PolygonApocalypse","No","No",0,"","No","ImportAnimation=False; AnimationType=None; AvatarSetup=NoAvatar; HasAvatar=False","Unknown","No imported/embedded animation clips detected"
"SM_Bld_Church_01","FBX / ModelImporter","Assets/PolygonApocalypse/Models/SM_Bld_Church_01.fbx","PolygonApocalypse","No","No",0,"","No","ImportAnimation=False; AnimationType=None; AvatarSetup=NoAvatar; HasAvatar=False","Unknown","No imported/embedded animation clips detected"
"SM_Bld_Commercial_Large_01","FBX / ModelImporter","Assets/PolygonApocalypse/Models/SM_Bld_Commercial_Large_01.fbx","PolygonApocalypse","No","No",0,"","No","ImportAnimation=False; AnimationType=None; AvatarSetup=NoAvatar; HasAvatar=False","Unknown","No imported/embedded animation clips detected"
"SM_Bld_Commercial_Medium_01","FBX / ModelImporter","Assets/PolygonApocalypse/Models/SM_Bld_Commercial_Medium_01.fbx","PolygonApocalypse","No","No",0,"","No","ImportAnimation=False; AnimationType=None; AvatarSetup=NoAvatar; HasAvatar=False","Unknown","No imported/embedded animation clips detected"
"SM_Bld_Commercial_Medium_01_Overgrowth_01","FBX / ModelImporter","Assets/PolygonApocalypse/Models/SM_Bld_Commercial_Medium_01_Overgrowth_01.fbx","PolygonApocalypse","No","Yes",0,"","Yes","ImportAnimation=True; AnimationType=Generic; AvatarSetup=CreateFromThisModel; HasAvatar=True","Unknown","No imported/embedded animation clips detected"
"SM_Bld_Commercial_Small_01","FBX / ModelImporter","Assets/PolygonApocalypse/Models/SM_Bld_Commercial_Small_01.fbx","PolygonApocalypse","No","No",0,"","No","ImportAnimation=False; AnimationType=None; AvatarSetup=NoAvatar; HasAvatar=False","Unknown","No imported/embedded animation clips detected"
"SM_Bld_ContainerBridge_01","FBX / ModelImporter","Assets/PolygonApocalypse/Models/SM_Bld_ContainerBridge_01.fbx","PolygonApocalypse","No","No",0,"","No","ImportAnimation=False; AnimationType=None; AvatarSetup=NoAvatar; HasAvatar=False","Unknown","No imported/embedded animation clips detected"
"SM_Bld_Cooling_Tower_01","FBX / ModelImporter","Assets/PolygonApocalypse/Models/SM_Bld_Cooling_Tower_01.fbx","PolygonApocalypse","No","No",0,"","No","ImportAnimation=False; AnimationType=None; AvatarSetup=NoAvatar; HasAvatar=False","Unknown","No imported/embedded animation clips detected"
"SM_Bld_Cooling_Tower_02","FBX / ModelImporter","Assets/PolygonApocalypse/Models/SM_Bld_Cooling_Tower_02.fbx","PolygonApocalypse","No","No",0,"","No","ImportAnimation=False; AnimationType=None; AvatarSetup=NoAvatar; HasAvatar=False","Unknown","No imported/embedded animation clips detected"
"SM_Bld_Crane_01","FBX / ModelImporter","Assets/PolygonApocalypse/Models/SM_Bld_Crane_01.fbx","PolygonApocalypse","No","No",0,"","No","ImportAnimation=False; AnimationType=None; AvatarSetup=NoAvatar; HasAvatar=False","Unknown","No imported/embedded animation clips detected"
"SM_Bld_Decoration_01","FBX / ModelImporter","Assets/PolygonApocalypse/Models/SM_Bld_Decoration_01.fbx","PolygonApocalypse","No","No",0,"","No","ImportAnimation=False; AnimationType=None; AvatarSetup=NoAvatar; HasAvatar=False","Unknown","No imported/embedded animation clips detected"
"SM_Bld_Decoration_02","FBX / ModelImporter","Assets/PolygonApocalypse/Models/SM_Bld_Decoration_02.fbx","PolygonApocalypse","No","No",0,"","No","ImportAnimation=False; AnimationType=None; AvatarSetup=NoAvatar; HasAvatar=False","Unknown","No imported/embedded animation clips detected"
"SM_Bld_Decoration_03","FBX / ModelImporter","Assets/PolygonApocalypse/Models/SM_Bld_Decoration_03.fbx","PolygonApocalypse","No","No",0,"","No","ImportAnimation=False; AnimationType=None; AvatarSetup=NoAvatar; HasAvatar=False","Unknown","No imported/embedded animation clips detected"
"SM_Bld_Diner_01","FBX / ModelImporter","Assets/PolygonApocalypse/Models/SM_Bld_Diner_01.fbx","PolygonApocalypse","No","No",0,"","No","ImportAnimation=False; AnimationType=None; AvatarSetup=NoAvatar; HasAvatar=False","Unknown","No imported/embedded animation clips detected"
"SM_Bld_Diner_Booth_Seat_01","FBX / ModelImporter","Assets/PolygonApocalypse/Models/SM_Bld_Diner_Booth_Seat_01.fbx","PolygonApocalypse","No","No",0,"","No","ImportAnimation=False; AnimationType=None; AvatarSetup=NoAvatar; HasAvatar=False","Unknown","No imported/embedded animation clips detected"
"SM_Bld_Diner_Booth_Seat_02","FBX / ModelImporter","Assets/PolygonApocalypse/Models/SM_Bld_Diner_Booth_Seat_02.fbx","PolygonApocalypse","No","No",0,"","No","ImportAnimation=False; AnimationType=None; AvatarSetup=NoAvatar; HasAvatar=False","Unknown","No imported/embedded animation clips detected"
"SM_Bld_Diner_Door_01","FBX / ModelImporter","Assets/PolygonApocalypse/Models/SM_Bld_Diner_Door_01.fbx","PolygonApocalypse","No","No",0,"","No","ImportAnimation=False; AnimationType=None; AvatarSetup=NoAvatar; HasAvatar=False","Unknown","No imported/embedded animation clips detected"
"SM_Bld_Diner_Door_02","FBX / ModelImporter","Assets/PolygonApocalypse/Models/SM_Bld_Diner_Door_02.fbx","PolygonApocalypse","No","No",0,"","No","ImportAnimation=False; AnimationType=None; AvatarSetup=NoAvatar; HasAvatar=False","Unknown","No imported/embedded animation clips detected"
"SM_Bld_Diner_Sign","FBX / ModelImporter","Assets/PolygonApocalypse/Models/SM_Bld_Diner_Sign.fbx","PolygonApocalypse","No","No",0,"","No","ImportAnimation=False; AnimationType=None; AvatarSetup=NoAvatar; HasAvatar=False","Unknown","No imported/embedded animation clips detected"
"SM_Bld_Diner_Stool_01","FBX / ModelImporter","Assets/PolygonApocalypse/Models/SM_Bld_Diner_Stool_01.fbx","PolygonApocalypse","No","No",0,"","No","ImportAnimation=False; AnimationType=None; AvatarSetup=NoAvatar; HasAvatar=False","Unknown","No imported/embedded animation clips detected"
"SM_Bld_Diner_Stool_02","FBX / ModelImporter","Assets/PolygonApocalypse/Models/SM_Bld_Diner_Stool_02.fbx","PolygonApocalypse","No","No",0,"","No","ImportAnimation=False; AnimationType=None; AvatarSetup=NoAvatar; HasAvatar=False","Unknown","No imported/embedded animation clips detected"
"SM_Bld_Diner_Stool_03","FBX / ModelImporter","Assets/PolygonApocalypse/Models/SM_Bld_Diner_Stool_03.fbx","PolygonApocalypse","No","No",0,"","No","ImportAnimation=False; AnimationType=None; AvatarSetup=NoAvatar; HasAvatar=False","Unknown","No imported/embedded animation clips detected"
"SM_Bld_Diner_Stool_04","FBX / ModelImporter","Assets/PolygonApocalypse/Models/SM_Bld_Diner_Stool_04.fbx","PolygonApocalypse","No","No",0,"","No","ImportAnimation=False; AnimationType=None; AvatarSetup=NoAvatar; HasAvatar=False","Unknown","No imported/embedded animation clips detected"
"SM_Bld_Diner_Table_01","FBX / ModelImporter","Assets/PolygonApocalypse/Models/SM_Bld_Diner_Table_01.fbx","PolygonApocalypse","No","No",0,"","No","ImportAnimation=False; AnimationType=None; AvatarSetup=NoAvatar; HasAvatar=False","Unknown","No imported/embedded animation clips detected"
"SM_Bld_Diner_Table_02","FBX / ModelImporter","Assets/PolygonApocalypse/Models/SM_Bld_Diner_Table_02.fbx","PolygonApocalypse","No","No",0,"","No","ImportAnimation=False; AnimationType=None; AvatarSetup=NoAvatar; HasAvatar=False","Unknown","No imported/embedded animation clips detected"
"SM_Bld_Diner_Text_01","FBX / ModelImporter","Assets/PolygonApocalypse/Models/SM_Bld_Diner_Text_01.fbx","PolygonApocalypse","No","No",0,"","No","ImportAnimation=False; AnimationType=None; AvatarSetup=NoAvatar; HasAvatar=False","Unknown","No imported/embedded animation clips detected"
"SM_Bld_Diner_Text_02","FBX / ModelImporter","Assets/PolygonApocalypse/Models/SM_Bld_Diner_Text_02.fbx","PolygonApocalypse","No","No",0,"","No","ImportAnimation=False; AnimationType=None; AvatarSetup=NoAvatar; HasAvatar=False","Unknown","No imported/embedded animation clips detected"
"SM_Bld_Door_01","FBX / ModelImporter","Assets/PolygonApocalypse/Models/SM_Bld_Door_01.fbx","PolygonApocalypse","No","No",0,"","No","ImportAnimation=False; AnimationType=None; AvatarSetup=NoAvatar; HasAvatar=False","Unknown","No imported/embedded animation clips detected"
"SM_Bld_Door_02","FBX / ModelImporter","Assets/PolygonApocalypse/Models/SM_Bld_Door_02.fbx","PolygonApocalypse","No","No",0,"","No","ImportAnimation=False; AnimationType=None; AvatarSetup=NoAvatar; HasAvatar=False","Unknown","No imported/embedded animation clips detected"
"SM_Bld_Door_03","FBX / ModelImporter","Assets/PolygonApocalypse/Models/SM_Bld_Door_03.fbx","PolygonApocalypse","No","No",0,"","No","ImportAnimation=False; AnimationType=None; AvatarSetup=NoAvatar; HasAvatar=False","Unknown","No imported/embedded animation clips detected"
"SM_Bld_Door_04","FBX / ModelImporter","Assets/PolygonApocalypse/Models/SM_Bld_Door_04.fbx","PolygonApocalypse","No","No",0,"","No","ImportAnimation=False; AnimationType=None; AvatarSetup=NoAvatar; HasAvatar=False","Unknown","No imported/embedded animation clips detected"
"SM_Bld_Door_05","FBX / ModelImporter","Assets/PolygonApocalypse/Models/SM_Bld_Door_05.fbx","PolygonApocalypse","No","No",0,"","No","ImportAnimation=False; AnimationType=None; AvatarSetup=NoAvatar; HasAvatar=False","Unknown","No imported/embedded animation clips detected"
"SM_Bld_Door_06","FBX / ModelImporter","Assets/PolygonApocalypse/Models/SM_Bld_Door_06.fbx","PolygonApocalypse","No","No",0,"","No","ImportAnimation=False; AnimationType=None; AvatarSetup=NoAvatar; HasAvatar=False","Unknown","No imported/embedded animation clips detected"
"SM_Bld_Door_07","FBX / ModelImporter","Assets/PolygonApocalypse/Models/SM_Bld_Door_07.fbx","PolygonApocalypse","No","No",0,"","No","ImportAnimation=False; AnimationType=None; AvatarSetup=NoAvatar; HasAvatar=False","Unknown","No imported/embedded animation clips detected"
"SM_Bld_Door_08","FBX / ModelImporter","Assets/PolygonApocalypse/Models/SM_Bld_Door_08.fbx","PolygonApocalypse","No","No",0,"","No","ImportAnimation=False; AnimationType=None; AvatarSetup=NoAvatar; HasAvatar=False","Unknown","No imported/embedded animation clips detected"
"SM_Bld_Door_09","FBX / ModelImporter","Assets/PolygonApocalypse/Models/SM_Bld_Door_09.fbx","PolygonApocalypse","No","No",0,"","No","ImportAnimation=False; AnimationType=None; AvatarSetup=NoAvatar; HasAvatar=False","Unknown","No imported/embedded animation clips detected"
"SM_Bld_Door_Barricaded_01","FBX / ModelImporter","Assets/PolygonApocalypse/Models/SM_Bld_Door_Barricaded_01.fbx","PolygonApocalypse","No","No",0,"","No","ImportAnimation=False; AnimationType=None; AvatarSetup=NoAvatar; HasAvatar=False","Unknown","No imported/embedded animation clips detected"
"SM_Bld_Door_Barricaded_02","FBX / ModelImporter","Assets/PolygonApocalypse/Models/SM_Bld_Door_Barricaded_02.fbx","PolygonApocalypse","No","No",0,"","No","ImportAnimation=False; AnimationType=None; AvatarSetup=NoAvatar; HasAvatar=False","Unknown","No imported/embedded animation clips detected"
"SM_Bld_Door_Barricaded_03","FBX / ModelImporter","Assets/PolygonApocalypse/Models/SM_Bld_Door_Barricaded_03.fbx","PolygonApocalypse","No","No",0,"","No","ImportAnimation=False; AnimationType=None; AvatarSetup=NoAvatar; HasAvatar=False","Unknown","No imported/embedded animation clips detected"
"SM_Bld_Door_Barricaded_04","FBX / ModelImporter","Assets/PolygonApocalypse/Models/SM_Bld_Door_Barricaded_04.fbx","PolygonApocalypse","No","No",0,"","No","ImportAnimation=False; AnimationType=None; AvatarSetup=NoAvatar; HasAvatar=False","Unknown","No imported/embedded animation clips detected"
"SM_Bld_Door_Barricaded_05","FBX / ModelImporter","Assets/PolygonApocalypse/Models/SM_Bld_Door_Barricaded_05.fbx","PolygonApocalypse","No","No",0,"","No","ImportAnimation=False; AnimationType=None; AvatarSetup=NoAvatar; HasAvatar=False","Unknown","No imported/embedded animation clips detected"
"SM_Bld_Door_Barricaded_06","FBX / ModelImporter","Assets/PolygonApocalypse/Models/SM_Bld_Door_Barricaded_06.fbx","PolygonApocalypse","No","No",0,"","No","ImportAnimation=False; AnimationType=None; AvatarSetup=NoAvatar; HasAvatar=False","Unknown","No imported/embedded animation clips detected"
"SM_Bld_Door_Barricaded_07","FBX / ModelImporter","Assets/PolygonApocalypse/Models/SM_Bld_Door_Barricaded_07.fbx","PolygonApocalypse","No","No",0,"","No","ImportAnimation=False; AnimationType=None; AvatarSetup=NoAvatar; HasAvatar=False","Unknown","No imported/embedded animation clips detected"
"SM_Bld_Door_Barricaded_08","FBX / ModelImporter","Assets/PolygonApocalypse/Models/SM_Bld_Door_Barricaded_08.fbx","PolygonApocalypse","No","No",0,"","No","ImportAnimation=False; AnimationType=None; AvatarSetup=NoAvatar; HasAvatar=False","Unknown","No imported/embedded animation clips detected"
"SM_Bld_Door_Barricaded_09","FBX / ModelImporter","Assets/PolygonApocalypse/Models/SM_Bld_Door_Barricaded_09.fbx","PolygonApocalypse","No","No",0,"","No","ImportAnimation=False; AnimationType=None; AvatarSetup=NoAvatar; HasAvatar=False","Unknown","No imported/embedded animation clips detected"
"SM_Bld_Entrance_Cover_01","FBX / ModelImporter","Assets/PolygonApocalypse/Models/SM_Bld_Entrance_Cover_01.fbx","PolygonApocalypse","No","No",0,"","No","ImportAnimation=False; AnimationType=None; AvatarSetup=NoAvatar; HasAvatar=False","Unknown","No imported/embedded animation clips detected"
"SM_Bld_HeliPad_01","FBX / ModelImporter","Assets/PolygonApocalypse/Models/SM_Bld_HeliPad_01.fbx","PolygonApocalypse","No","No",0,"","No","ImportAnimation=False; AnimationType=None; AvatarSetup=NoAvatar; HasAvatar=False","Unknown","No imported/embedded animation clips detected"
"SM_Bld_HeliPad_Stairs_01","FBX / ModelImporter","Assets/PolygonApocalypse/Models/SM_Bld_HeliPad_Stairs_01.fbx","PolygonApocalypse","No","No",0,"","No","ImportAnimation=False; AnimationType=None; AvatarSetup=NoAvatar; HasAvatar=False","Unknown","No imported/embedded animation clips detected"
"SM_Bld_HighRise_Large_01","FBX / ModelImporter","Assets/PolygonApocalypse/Models/SM_Bld_HighRise_Large_01.fbx","PolygonApocalypse","No","No",0,"","No","ImportAnimation=False; AnimationType=None; AvatarSetup=NoAvatar; HasAvatar=False","Unknown","No imported/embedded animation clips detected"
"SM_Bld_HighRise_Large_01_Base_01","FBX / ModelImporter","Assets/PolygonApocalypse/Models/SM_Bld_HighRise_Large_01_Base_01.fbx","PolygonApocalypse","No","No",0,"","No","ImportAnimation=False; AnimationType=None; AvatarSetup=NoAvatar; HasAvatar=False","Unknown","No imported/embedded animation clips detected"
"SM_Bld_HighRise_Large_01_Interior_Base_01","FBX / ModelImporter","Assets/PolygonApocalypse/Models/SM_Bld_HighRise_Large_01_Interior_Base_01.fbx","PolygonApocalypse","No","No",0,"","No","ImportAnimation=False; AnimationType=None; AvatarSetup=NoAvatar; HasAvatar=False","Unknown","No imported/embedded animation clips detected"
"SM_Bld_HighRise_Large_01_Interior_Roof_01","FBX / ModelImporter","Assets/PolygonApocalypse/Models/SM_Bld_HighRise_Large_01_Interior_Roof_01.fbx","PolygonApocalypse","No","No",0,"","No","ImportAnimation=False; AnimationType=None; AvatarSetup=NoAvatar; HasAvatar=False","Unknown","No imported/embedded animation clips detected"
"SM_Bld_HighRise_Large_01_Interior_Stack_01","FBX / ModelImporter","Assets/PolygonApocalypse/Models/SM_Bld_HighRise_Large_01_Interior_Stack_01.fbx","PolygonApocalypse","No","No",0,"","No","ImportAnimation=False; AnimationType=None; AvatarSetup=NoAvatar; HasAvatar=False","Unknown","No imported/embedded animation clips detected"
"SM_Bld_HighRise_Large_01_Roof_01","FBX / ModelImporter","Assets/PolygonApocalypse/Models/SM_Bld_HighRise_Large_01_Roof_01.fbx","PolygonApocalypse","No","No",0,"","No","ImportAnimation=False; AnimationType=None; AvatarSetup=NoAvatar; HasAvatar=False","Unknown","No imported/embedded animation clips detected"
"SM_Bld_HighRise_Large_01_Stack_01","FBX / ModelImporter","Assets/PolygonApocalypse/Models/SM_Bld_HighRise_Large_01_Stack_01.fbx","PolygonApocalypse","No","No",0,"","No","ImportAnimation=False; AnimationType=None; AvatarSetup=NoAvatar; HasAvatar=False","Unknown","No imported/embedded animation clips detected"
"SM_Bld_HighRise_Medium_01","FBX / ModelImporter","Assets/PolygonApocalypse/Models/SM_Bld_HighRise_Medium_01.fbx","PolygonApocalypse","No","No",0,"","No","ImportAnimation=False; AnimationType=None; AvatarSetup=NoAvatar; HasAvatar=False","Unknown","No imported/embedded animation clips detected"
"SM_Bld_HighRise_Medium_01_Base_01","FBX / ModelImporter","Assets/PolygonApocalypse/Models/SM_Bld_HighRise_Medium_01_Base_01.fbx","PolygonApocalypse","No","No",0,"","No","ImportAnimation=False; AnimationType=None; AvatarSetup=NoAvatar; HasAvatar=False","Unknown","No imported/embedded animation clips detected"
"SM_Bld_HighRise_Medium_01_Interior_Base_01","FBX / ModelImporter","Assets/PolygonApocalypse/Models/SM_Bld_HighRise_Medium_01_Interior_Base_01.fbx","PolygonApocalypse","No","No",0,"","No","ImportAnimation=False; AnimationType=None; AvatarSetup=NoAvatar; HasAvatar=False","Unknown","No imported/embedded animation clips detected"
"SM_Bld_HighRise_Medium_01_Interior_Roof_01","FBX / ModelImporter","Assets/PolygonApocalypse/Models/SM_Bld_HighRise_Medium_01_Interior_Roof_01.fbx","PolygonApocalypse","No","No",0,"","No","ImportAnimation=False; AnimationType=None; AvatarSetup=NoAvatar; HasAvatar=False","Unknown","No imported/embedded animation clips detected"
"SM_Bld_HighRise_Medium_01_Interior_Stack_01","FBX / ModelImporter","Assets/PolygonApocalypse/Models/SM_Bld_HighRise_Medium_01_Interior_Stack_01.fbx","PolygonApocalypse","No","No",0,"","No","ImportAnimation=False; AnimationType=None; AvatarSetup=NoAvatar; HasAvatar=False","Unknown","No imported/embedded animation clips detected"
"SM_Bld_HighRise_Medium_01_Interior_Stack_Destroyed_01","FBX / ModelImporter","Assets/PolygonApocalypse/Models/SM_Bld_HighRise_Medium_01_Interior_Stack_Destroyed_01.fbx","PolygonApocalypse","No","No",0,"","No","ImportAnimation=False; AnimationType=None; AvatarSetup=NoAvatar; HasAvatar=False","Unknown","No imported/embedded animation clips detected"
"SM_Bld_HighRise_Medium_01_Roof_01","FBX / ModelImporter","Assets/PolygonApocalypse/Models/SM_Bld_HighRise_Medium_01_Roof_01.fbx","PolygonApocalypse","No","No",0,"","No","ImportAnimation=False; AnimationType=None; AvatarSetup=NoAvatar; HasAvatar=False","Unknown","No imported/embedded animation clips detected"
"SM_Bld_HighRise_Medium_01_Stack_01","FBX / ModelImporter","Assets/PolygonApocalypse/Models/SM_Bld_HighRise_Medium_01_Stack_01.fbx","PolygonApocalypse","No","No",0,"","No","ImportAnimation=False; AnimationType=None; AvatarSetup=NoAvatar; HasAvatar=False","Unknown","No imported/embedded animation clips detected"
"SM_Bld_HighRise_Medium_01_Stack_Destroyed_01","FBX / ModelImporter","Assets/PolygonApocalypse/Models/SM_Bld_HighRise_Medium_01_Stack_Destroyed_01.fbx","PolygonApocalypse","No","No",0,"","No","ImportAnimation=False; AnimationType=None; AvatarSetup=NoAvatar; HasAvatar=False","Unknown","No imported/embedded animation clips detected"
"SM_Bld_House_01","FBX / ModelImporter","Assets/PolygonApocalypse/Models/SM_Bld_House_01.fbx","PolygonApocalypse","No","No",0,"","No","ImportAnimation=False; AnimationType=None; AvatarSetup=NoAvatar; HasAvatar=False","Unknown","No imported/embedded animation clips detected"
"SM_Bld_House_02","FBX / ModelImporter","Assets/PolygonApocalypse/Models/SM_Bld_House_02.fbx","PolygonApocalypse","No","No",0,"","No","ImportAnimation=False; AnimationType=None; AvatarSetup=NoAvatar; HasAvatar=False","Unknown","No imported/embedded animation clips detected"
"SM_Bld_House_03","FBX / ModelImporter","Assets/PolygonApocalypse/Models/SM_Bld_House_03.fbx","PolygonApocalypse","No","No",0,"","No","ImportAnimation=False; AnimationType=None; AvatarSetup=NoAvatar; HasAvatar=False","Unknown","No imported/embedded animation clips detected"
"SM_Bld_House_Burnt_01","FBX / ModelImporter","Assets/PolygonApocalypse/Models/SM_Bld_House_Burnt_01.fbx","PolygonApocalypse","No","No",0,"","No","ImportAnimation=False; AnimationType=None; AvatarSetup=NoAvatar; HasAvatar=False","Unknown","No imported/embedded animation clips detected"
"SM_Bld_Industrial_Beam_01","FBX / ModelImporter","Assets/PolygonApocalypse/Models/SM_Bld_Industrial_Beam_01.fbx","PolygonApocalypse","No","No",0,"","No","ImportAnimation=False; AnimationType=None; AvatarSetup=NoAvatar; HasAvatar=False","Unknown","No imported/embedded animation clips detected"
"SM_Bld_Industrial_Beam_Fence_01","FBX / ModelImporter","Assets/PolygonApocalypse/Models/SM_Bld_Industrial_Beam_Fence_01.fbx","PolygonApocalypse","No","No",0,"","No","ImportAnimation=False; AnimationType=None; AvatarSetup=NoAvatar; HasAvatar=False","Unknown","No imported/embedded animation clips detected"
"SM_Bld_Industrial_Beam_Fence_02","FBX / ModelImporter","Assets/PolygonApocalypse/Models/SM_Bld_Industrial_Beam_Fence_02.fbx","PolygonApocalypse","No","No",0,"","No","ImportAnimation=False; AnimationType=None; AvatarSetup=NoAvatar; HasAvatar=False","Unknown","No imported/embedded animation clips detected"
"SM_Bld_Industrial_Large_01","FBX / ModelImporter","Assets/PolygonApocalypse/Models/SM_Bld_Industrial_Large_01.fbx","PolygonApocalypse","No","No",0,"","No","ImportAnimation=False; AnimationType=None; AvatarSetup=NoAvatar; HasAvatar=False","Unknown","No imported/embedded animation clips detected"
"SM_Bld_Industrial_Medium_01","FBX / ModelImporter","Assets/PolygonApocalypse/Models/SM_Bld_Industrial_Medium_01.fbx","PolygonApocalypse","No","No",0,"","No","ImportAnimation=False; AnimationType=None; AvatarSetup=NoAvatar; HasAvatar=False","Unknown","No imported/embedded animation clips detected"
"SM_Bld_Industrial_Small_01","FBX / ModelImporter","Assets/PolygonApocalypse/Models/SM_Bld_Industrial_Small_01.fbx","PolygonApocalypse","No","No",0,"","No","ImportAnimation=False; AnimationType=None; AvatarSetup=NoAvatar; HasAvatar=False","Unknown","No imported/embedded animation clips detected"
"SM_Bld_IndustrialWalkway_Beam_01","FBX / ModelImporter","Assets/PolygonApocalypse/Models/SM_Bld_IndustrialWalkway_Beam_01.fbx","PolygonApocalypse","No","No",0,"","No","ImportAnimation=False; AnimationType=None; AvatarSetup=NoAvatar; HasAvatar=False","Walk","No imported/embedded animation clips detected"
"SM_Bld_IndustrialWalkway_Large_01","FBX / ModelImporter","Assets/PolygonApocalypse/Models/SM_Bld_IndustrialWalkway_Large_01.fbx","PolygonApocalypse","No","No",0,"","No","ImportAnimation=False; AnimationType=None; AvatarSetup=NoAvatar; HasAvatar=False","Walk","No imported/embedded animation clips detected"
"SM_Bld_IndustrialWalkway_Preset_01","FBX / ModelImporter","Assets/PolygonApocalypse/Models/SM_Bld_IndustrialWalkway_Preset_01.fbx","PolygonApocalypse","No","No",0,"","No","ImportAnimation=False; AnimationType=None; AvatarSetup=NoAvatar; HasAvatar=False","Walk","No imported/embedded animation clips detected"
"SM_Bld_IndustrialWalkway_Preset_02","FBX / ModelImporter","Assets/PolygonApocalypse/Models/SM_Bld_IndustrialWalkway_Preset_02.fbx","PolygonApocalypse","No","No",0,"","No","ImportAnimation=False; AnimationType=None; AvatarSetup=NoAvatar; HasAvatar=False","Walk","No imported/embedded animation clips detected"
"SM_Bld_IndustrialWalkway_Preset_Large_01","FBX / ModelImporter","Assets/PolygonApocalypse/Models/SM_Bld_IndustrialWalkway_Preset_Large_01.fbx","PolygonApocalypse","No","No",0,"","No","ImportAnimation=False; AnimationType=None; AvatarSetup=NoAvatar; HasAvatar=False","Walk","No imported/embedded animation clips detected"
"SM_Bld_IndustrialWalkway_Preset_Large_02","FBX / ModelImporter","Assets/PolygonApocalypse/Models/SM_Bld_IndustrialWalkway_Preset_Large_02.fbx","PolygonApocalypse","No","No",0,"","No","ImportAnimation=False; AnimationType=None; AvatarSetup=NoAvatar; HasAvatar=False","Walk","No imported/embedded animation clips detected"
"SM_Bld_IndustrialWalkway_x1_01","FBX / ModelImporter","Assets/PolygonApocalypse/Models/SM_Bld_IndustrialWalkway_x1_01.fbx","PolygonApocalypse","No","No",0,"","No","ImportAnimation=False; AnimationType=None; AvatarSetup=NoAvatar; HasAvatar=False","Walk","No imported/embedded animation clips detected"
"SM_Bld_IndustrialWalkway_x2_01","FBX / ModelImporter","Assets/PolygonApocalypse/Models/SM_Bld_IndustrialWalkway_x2_01.fbx","PolygonApocalypse","No","No",0,"","No","ImportAnimation=False; AnimationType=None; AvatarSetup=NoAvatar; HasAvatar=False","Walk","No imported/embedded animation clips detected"
"SM_Bld_Junk_Shelter_01","FBX / ModelImporter","Assets/PolygonApocalypse/Models/SM_Bld_Junk_Shelter_01.fbx","PolygonApocalypse","No","No",0,"","No","ImportAnimation=False; AnimationType=None; AvatarSetup=NoAvatar; HasAvatar=False","Unknown","No imported/embedded animation clips detected"
"SM_Bld_Junk_Shelter_01_Tarp","FBX / ModelImporter","Assets/PolygonApocalypse/Models/SM_Bld_Junk_Shelter_01_Tarp.fbx","PolygonApocalypse","No","Yes",0,"","Yes","ImportAnimation=True; AnimationType=Generic; AvatarSetup=CreateFromThisModel; HasAvatar=True","Unknown","No imported/embedded animation clips detected"
"SM_Bld_Junk_Shelter_02","FBX / ModelImporter","Assets/PolygonApocalypse/Models/SM_Bld_Junk_Shelter_02.fbx","PolygonApocalypse","No","No",0,"","No","ImportAnimation=False; AnimationType=None; AvatarSetup=NoAvatar; HasAvatar=False","Unknown","No imported/embedded animation clips detected"
"SM_Bld_Junk_Shelter_02_Tarp","FBX / ModelImporter","Assets/PolygonApocalypse/Models/SM_Bld_Junk_Shelter_02_Tarp.fbx","PolygonApocalypse","No","Yes",0,"","Yes","ImportAnimation=True; AnimationType=Generic; AvatarSetup=CreateFromThisModel; HasAvatar=True","Unknown","No imported/embedded animation clips detected"
"SM_Bld_Junk_Shelter_03","FBX / ModelImporter","Assets/PolygonApocalypse/Models/SM_Bld_Junk_Shelter_03.fbx","PolygonApocalypse","No","No",0,"","No","ImportAnimation=False; AnimationType=None; AvatarSetup=NoAvatar; HasAvatar=False","Unknown","No imported/embedded animation clips detected"
"SM_Bld_Junk_Shelter_03_Tarp","FBX / ModelImporter","Assets/PolygonApocalypse/Models/SM_Bld_Junk_Shelter_03_Tarp.fbx","PolygonApocalypse","No","Yes",0,"","Yes","ImportAnimation=True; AnimationType=Generic; AvatarSetup=CreateFromThisModel; HasAvatar=True","Unknown","No imported/embedded animation clips detected"
"SM_Bld_Junk_Shelter_04","FBX / ModelImporter","Assets/PolygonApocalypse/Models/SM_Bld_Junk_Shelter_04.fbx","PolygonApocalypse","No","No",0,"","No","ImportAnimation=False; AnimationType=None; AvatarSetup=NoAvatar; HasAvatar=False","Unknown","No imported/embedded animation clips detected"
"SM_Bld_Junk_Shelter_04_Tarp","FBX / ModelImporter","Assets/PolygonApocalypse/Models/SM_Bld_Junk_Shelter_04_Tarp.fbx","PolygonApocalypse","No","Yes",0,"","Yes","ImportAnimation=True; AnimationType=Generic; AvatarSetup=CreateFromThisModel; HasAvatar=True","Unknown","No imported/embedded animation clips detected"
"SM_Bld_Junk_Shelter_05","FBX / ModelImporter","Assets/PolygonApocalypse/Models/SM_Bld_Junk_Shelter_05.fbx","PolygonApocalypse","No","No",0,"","No","ImportAnimation=False; AnimationType=None; AvatarSetup=NoAvatar; HasAvatar=False","Unknown","No imported/embedded animation clips detected"
"SM_Bld_Junk_Shelter_05_Tarp","FBX / ModelImporter","Assets/PolygonApocalypse/Models/SM_Bld_Junk_Shelter_05_Tarp.fbx","PolygonApocalypse","No","Yes",0,"","Yes","ImportAnimation=True; AnimationType=Generic; AvatarSetup=CreateFromThisModel; HasAvatar=True","Unknown","No imported/embedded animation clips detected"
"SM_Bld_Junk_Shelter_06","FBX / ModelImporter","Assets/PolygonApocalypse/Models/SM_Bld_Junk_Shelter_06.fbx","PolygonApocalypse","No","No",0,"","No","ImportAnimation=False; AnimationType=None; AvatarSetup=NoAvatar; HasAvatar=False","Unknown","No imported/embedded animation clips detected"
"SM_Bld_Junk_Shelter_06_Tarp","FBX / ModelImporter","Assets/PolygonApocalypse/Models/SM_Bld_Junk_Shelter_06_Tarp.fbx","PolygonApocalypse","No","Yes",0,"","Yes","ImportAnimation=True; AnimationType=Generic; AvatarSetup=CreateFromThisModel; HasAvatar=True","Unknown","No imported/embedded animation clips detected"
"SM_Bld_Lighthouse_01","FBX / ModelImporter","Assets/PolygonApocalypse/Models/SM_Bld_Lighthouse_01.fbx","PolygonApocalypse","No","No",0,"","No","ImportAnimation=False; AnimationType=None; AvatarSetup=NoAvatar; HasAvatar=False","Unknown","No imported/embedded animation clips detected"
"SM_Bld_Market_Large_01","FBX / ModelImporter","Assets/PolygonApocalypse/Models/SM_Bld_Market_Large_01.fbx","PolygonApocalypse","No","No",0,"","No","ImportAnimation=False; AnimationType=None; AvatarSetup=NoAvatar; HasAvatar=False","Unknown","No imported/embedded animation clips detected"
"SM_Bld_Market_Medium_01","FBX / ModelImporter","Assets/PolygonApocalypse/Models/SM_Bld_Market_Medium_01.fbx","PolygonApocalypse","No","No",0,"","No","ImportAnimation=False; AnimationType=None; AvatarSetup=NoAvatar; HasAvatar=False","Unknown","No imported/embedded animation clips detected"
"SM_Bld_Military_Tent_01","FBX / ModelImporter","Assets/PolygonApocalypse/Models/SM_Bld_Military_Tent_01.fbx","PolygonApocalypse","No","No",0,"","No","ImportAnimation=False; AnimationType=None; AvatarSetup=NoAvatar; HasAvatar=False","Unknown","No imported/embedded animation clips detected"
"SM_Bld_Military_Tent_02","FBX / ModelImporter","Assets/PolygonApocalypse/Models/SM_Bld_Military_Tent_02.fbx","PolygonApocalypse","No","No",0,"","No","ImportAnimation=False; AnimationType=None; AvatarSetup=NoAvatar; HasAvatar=False","Unknown","No imported/embedded animation clips detected"
"SM_Bld_Military_Tent_03","FBX / ModelImporter","Assets/PolygonApocalypse/Models/SM_Bld_Military_Tent_03.fbx","PolygonApocalypse","No","No",0,"","No","ImportAnimation=False; AnimationType=None; AvatarSetup=NoAvatar; HasAvatar=False","Unknown","No imported/embedded animation clips detected"
"SM_Bld_Military_Tent_Damaged_02","FBX / ModelImporter","Assets/PolygonApocalypse/Models/SM_Bld_Military_Tent_Damaged_02.fbx","PolygonApocalypse","No","No",0,"","No","ImportAnimation=False; AnimationType=None; AvatarSetup=NoAvatar; HasAvatar=False","Hit","No imported/embedded animation clips detected"
"SM_Bld_Military_Tent_Damaged_03","FBX / ModelImporter","Assets/PolygonApocalypse/Models/SM_Bld_Military_Tent_Damaged_03.fbx","PolygonApocalypse","No","No",0,"","No","ImportAnimation=False; AnimationType=None; AvatarSetup=NoAvatar; HasAvatar=False","Hit","No imported/embedded animation clips detected"
"SM_Bld_Military_Tent_Preset_01","FBX / ModelImporter","Assets/PolygonApocalypse/Models/SM_Bld_Military_Tent_Preset_01.fbx","PolygonApocalypse","No","No",0,"","No","ImportAnimation=False; AnimationType=None; AvatarSetup=NoAvatar; HasAvatar=False","Unknown","No imported/embedded animation clips detected"
"SM_Bld_Motel_01","FBX / ModelImporter","Assets/PolygonApocalypse/Models/SM_Bld_Motel_01.fbx","PolygonApocalypse","No","No",0,"","No","ImportAnimation=False; AnimationType=None; AvatarSetup=NoAvatar; HasAvatar=False","Unknown","No imported/embedded animation clips detected"
"SM_Bld_Motel_Sign_01","FBX / ModelImporter","Assets/PolygonApocalypse/Models/SM_Bld_Motel_Sign_01.fbx","PolygonApocalypse","No","No",0,"","No","ImportAnimation=False; AnimationType=None; AvatarSetup=NoAvatar; HasAvatar=False","Unknown","No imported/embedded animation clips detected"
"SM_Bld_Motel_Sign_02","FBX / ModelImporter","Assets/PolygonApocalypse/Models/SM_Bld_Motel_Sign_02.fbx","PolygonApocalypse","No","No",0,"","No","ImportAnimation=False; AnimationType=None; AvatarSetup=NoAvatar; HasAvatar=False","Unknown","No imported/embedded animation clips detected"
"SM_Bld_Motel_Sign_03","FBX / ModelImporter","Assets/PolygonApocalypse/Models/SM_Bld_Motel_Sign_03.fbx","PolygonApocalypse","No","No",0,"","No","ImportAnimation=False; AnimationType=None; AvatarSetup=NoAvatar; HasAvatar=False","Unknown","No imported/embedded animation clips detected"
"SM_Bld_Pool_01","FBX / ModelImporter","Assets/PolygonApocalypse/Models/SM_Bld_Pool_01.fbx","PolygonApocalypse","No","No",0,"","No","ImportAnimation=False; AnimationType=None; AvatarSetup=NoAvatar; HasAvatar=False","Unknown","No imported/embedded animation clips detected"
"SM_Bld_Pylon_01","FBX / ModelImporter","Assets/PolygonApocalypse/Models/SM_Bld_Pylon_01.fbx","PolygonApocalypse","No","No",0,"","No","ImportAnimation=False; AnimationType=None; AvatarSetup=NoAvatar; HasAvatar=False","Unknown","No imported/embedded animation clips detected"
"SM_Bld_Pylon_Broken_01","FBX / ModelImporter","Assets/PolygonApocalypse/Models/SM_Bld_Pylon_Broken_01.fbx","PolygonApocalypse","No","No",0,"","No","ImportAnimation=False; AnimationType=None; AvatarSetup=NoAvatar; HasAvatar=False","Unknown","No imported/embedded animation clips detected"
"SM_Bld_Pylon_Broken_Base_01","FBX / ModelImporter","Assets/PolygonApocalypse/Models/SM_Bld_Pylon_Broken_Base_01.fbx","PolygonApocalypse","No","No",0,"","No","ImportAnimation=False; AnimationType=None; AvatarSetup=NoAvatar; HasAvatar=False","Unknown","No imported/embedded animation clips detected"
"SM_Bld_Pylon_Lines_01","FBX / ModelImporter","Assets/PolygonApocalypse/Models/SM_Bld_Pylon_Lines_01.fbx","PolygonApocalypse","No","No",0,"","No","ImportAnimation=False; AnimationType=None; AvatarSetup=NoAvatar; HasAvatar=False","Unknown","No imported/embedded animation clips detected"
"SM_Bld_Quarantine_DomeTent_01","FBX / ModelImporter","Assets/PolygonApocalypse/Models/SM_Bld_Quarantine_DomeTent_01.fbx","PolygonApocalypse","No","No",0,"","No","ImportAnimation=False; AnimationType=None; AvatarSetup=NoAvatar; HasAvatar=False","Unknown","No imported/embedded animation clips detected"
"SM_Bld_Quarantine_Tent_01","FBX / ModelImporter","Assets/PolygonApocalypse/Models/SM_Bld_Quarantine_Tent_01.fbx","PolygonApocalypse","No","No",0,"","No","ImportAnimation=False; AnimationType=None; AvatarSetup=NoAvatar; HasAvatar=False","Unknown","No imported/embedded animation clips detected"
"SM_Bld_Quarantine_Tent_02","FBX / ModelImporter","Assets/PolygonApocalypse/Models/SM_Bld_Quarantine_Tent_02.fbx","PolygonApocalypse","No","No",0,"","No","ImportAnimation=False; AnimationType=None; AvatarSetup=NoAvatar; HasAvatar=False","Unknown","No imported/embedded animation clips detected"
"SM_Bld_Quarantine_Tent_03","FBX / ModelImporter","Assets/PolygonApocalypse/Models/SM_Bld_Quarantine_Tent_03.fbx","PolygonApocalypse","No","No",0,"","No","ImportAnimation=False; AnimationType=None; AvatarSetup=NoAvatar; HasAvatar=False","Unknown","No imported/embedded animation clips detected"
"SM_Bld_Quarantine_Tent_Corridor_01","FBX / ModelImporter","Assets/PolygonApocalypse/Models/SM_Bld_Quarantine_Tent_Corridor_01.fbx","PolygonApocalypse","No","No",0,"","No","ImportAnimation=False; AnimationType=None; AvatarSetup=NoAvatar; HasAvatar=False","Unknown","No imported/embedded animation clips detected"
"SM_Bld_RadioTower_01","FBX / ModelImporter","Assets/PolygonApocalypse/Models/SM_Bld_RadioTower_01.fbx","PolygonApocalypse","No","No",0,"","No","ImportAnimation=False; AnimationType=None; AvatarSetup=NoAvatar; HasAvatar=False","Unknown","No imported/embedded animation clips detected"
"SM_Bld_Shop_Large_01","FBX / ModelImporter","Assets/PolygonApocalypse/Models/SM_Bld_Shop_Large_01.fbx","PolygonApocalypse","No","No",0,"","No","ImportAnimation=False; AnimationType=None; AvatarSetup=NoAvatar; HasAvatar=False","Unknown","No imported/embedded animation clips detected"
"SM_Bld_Shop_Large_02","FBX / ModelImporter","Assets/PolygonApocalypse/Models/SM_Bld_Shop_Large_02.fbx","PolygonApocalypse","No","No",0,"","No","ImportAnimation=False; AnimationType=None; AvatarSetup=NoAvatar; HasAvatar=False","Unknown","No imported/embedded animation clips detected"
"SM_Bld_Shop_Medium_01","FBX / ModelImporter","Assets/PolygonApocalypse/Models/SM_Bld_Shop_Medium_01.fbx","PolygonApocalypse","No","No",0,"","No","ImportAnimation=False; AnimationType=None; AvatarSetup=NoAvatar; HasAvatar=False","Unknown","No imported/embedded animation clips detected"
"SM_Bld_Shop_Medium_02","FBX / ModelImporter","Assets/PolygonApocalypse/Models/SM_Bld_Shop_Medium_02.fbx","PolygonApocalypse","No","No",0,"","No","ImportAnimation=False; AnimationType=None; AvatarSetup=NoAvatar; HasAvatar=False","Unknown","No imported/embedded animation clips detected"
"SM_Bld_Shop_Small_01","FBX / ModelImporter","Assets/PolygonApocalypse/Models/SM_Bld_Shop_Small_01.fbx","PolygonApocalypse","No","No",0,"","No","ImportAnimation=False; AnimationType=None; AvatarSetup=NoAvatar; HasAvatar=False","Unknown","No imported/embedded animation clips detected"
"SM_Bld_Shop_Small_02","FBX / ModelImporter","Assets/PolygonApocalypse/Models/SM_Bld_Shop_Small_02.fbx","PolygonApocalypse","No","No",0,"","No","ImportAnimation=False; AnimationType=None; AvatarSetup=NoAvatar; HasAvatar=False","Unknown","No imported/embedded animation clips detected"
"SM_Bld_Shop_Small_03","FBX / ModelImporter","Assets/PolygonApocalypse/Models/SM_Bld_Shop_Small_03.fbx","PolygonApocalypse","No","No",0,"","No","ImportAnimation=False; AnimationType=None; AvatarSetup=NoAvatar; HasAvatar=False","Unknown","No imported/embedded animation clips detected"
"SM_Bld_SmokeStack_01","FBX / ModelImporter","Assets/PolygonApocalypse/Models/SM_Bld_SmokeStack_01.fbx","PolygonApocalypse","No","No",0,"","No","ImportAnimation=False; AnimationType=None; AvatarSetup=NoAvatar; HasAvatar=False","Unknown","No imported/embedded animation clips detected"
"SM_Bld_Sunshade_01","FBX / ModelImporter","Assets/PolygonApocalypse/Models/SM_Bld_Sunshade_01.fbx","PolygonApocalypse","No","No",0,"","No","ImportAnimation=False; AnimationType=None; AvatarSetup=NoAvatar; HasAvatar=False","Unknown","No imported/embedded animation clips detected"
"SM_Bld_Sunshade_02","FBX / ModelImporter","Assets/PolygonApocalypse/Models/SM_Bld_Sunshade_02.fbx","PolygonApocalypse","No","No",0,"","No","ImportAnimation=False; AnimationType=None; AvatarSetup=NoAvatar; HasAvatar=False","Unknown","No imported/embedded animation clips detected"
"SM_Bld_Sunshade_Round_01","FBX / ModelImporter","Assets/PolygonApocalypse/Models/SM_Bld_Sunshade_Round_01.fbx","PolygonApocalypse","No","No",0,"","No","ImportAnimation=False; AnimationType=None; AvatarSetup=NoAvatar; HasAvatar=False","Unknown","No imported/embedded animation clips detected"
"SM_Bld_Sunshade_Round_02","FBX / ModelImporter","Assets/PolygonApocalypse/Models/SM_Bld_Sunshade_Round_02.fbx","PolygonApocalypse","No","No",0,"","No","ImportAnimation=False; AnimationType=None; AvatarSetup=NoAvatar; HasAvatar=False","Unknown","No imported/embedded animation clips detected"
"SM_Bld_Sunshade_Round_03","FBX / ModelImporter","Assets/PolygonApocalypse/Models/SM_Bld_Sunshade_Round_03.fbx","PolygonApocalypse","No","No",0,"","No","ImportAnimation=False; AnimationType=None; AvatarSetup=NoAvatar; HasAvatar=False","Unknown","No imported/embedded animation clips detected"
"SM_Bld_Tarp_Generic_01","FBX / ModelImporter","Assets/PolygonApocalypse/Models/SM_Bld_Tarp_Generic_01.fbx","PolygonApocalypse","No","Yes",0,"","Yes","ImportAnimation=True; AnimationType=Generic; AvatarSetup=CreateFromThisModel; HasAvatar=True","Unknown","No imported/embedded animation clips detected"
"SM_Bld_Tarp_Generic_02","FBX / ModelImporter","Assets/PolygonApocalypse/Models/SM_Bld_Tarp_Generic_02.fbx","PolygonApocalypse","No","Yes",0,"","Yes","ImportAnimation=True; AnimationType=Generic; AvatarSetup=CreateFromThisModel; HasAvatar=True","Unknown","No imported/embedded animation clips detected"
"SM_Bld_Tarp_Generic_03","FBX / ModelImporter","Assets/PolygonApocalypse/Models/SM_Bld_Tarp_Generic_03.fbx","PolygonApocalypse","No","Yes",0,"","Yes","ImportAnimation=True; AnimationType=Generic; AvatarSetup=CreateFromThisModel; HasAvatar=True","Unknown","No imported/embedded animation clips detected"
"SM_Bld_Tarp_Generic_04","FBX / ModelImporter","Assets/PolygonApocalypse/Models/SM_Bld_Tarp_Generic_04.fbx","PolygonApocalypse","No","No",0,"","No","ImportAnimation=False; AnimationType=None; AvatarSetup=NoAvatar; HasAvatar=False","Unknown","No imported/embedded animation clips detected"
"SM_Bld_Tarp_Generic_05","FBX / ModelImporter","Assets/PolygonApocalypse/Models/SM_Bld_Tarp_Generic_05.fbx","PolygonApocalypse","No","No",0,"","No","ImportAnimation=False; AnimationType=None; AvatarSetup=NoAvatar; HasAvatar=False","Unknown","No imported/embedded animation clips detected"
"SM_Bld_Tarp_Generic_06","FBX / ModelImporter","Assets/PolygonApocalypse/Models/SM_Bld_Tarp_Generic_06.fbx","PolygonApocalypse","No","No",0,"","No","ImportAnimation=False; AnimationType=None; AvatarSetup=NoAvatar; HasAvatar=False","Unknown","No imported/embedded animation clips detected"
"SM_Bld_Trailer_01","FBX / ModelImporter","Assets/PolygonApocalypse/Models/SM_Bld_Trailer_01.fbx","PolygonApocalypse","No","Yes",0,"","No","ImportAnimation=True; AnimationType=None; AvatarSetup=NoAvatar; HasAvatar=False","Unknown","No imported/embedded animation clips detected"
"SM_Bld_Trailer_02","FBX / ModelImporter","Assets/PolygonApocalypse/Models/SM_Bld_Trailer_02.fbx","PolygonApocalypse","No","No",0,"","No","ImportAnimation=False; AnimationType=None; AvatarSetup=NoAvatar; HasAvatar=False","Unknown","No imported/embedded animation clips detected"
"SM_Bld_Trailer_Damaged_01","FBX / ModelImporter","Assets/PolygonApocalypse/Models/SM_Bld_Trailer_Damaged_01.fbx","PolygonApocalypse","No","No",0,"","No","ImportAnimation=False; AnimationType=None; AvatarSetup=NoAvatar; HasAvatar=False","Hit","No imported/embedded animation clips detected"
"SM_Bld_Trailer_Damaged_02","FBX / ModelImporter","Assets/PolygonApocalypse/Models/SM_Bld_Trailer_Damaged_02.fbx","PolygonApocalypse","No","No",0,"","No","ImportAnimation=False; AnimationType=None; AvatarSetup=NoAvatar; HasAvatar=False","Hit","No imported/embedded animation clips detected"
"SM_Bld_Walkway_Cover_01","FBX / ModelImporter","Assets/PolygonApocalypse/Models/SM_Bld_Walkway_Cover_01.fbx","PolygonApocalypse","No","No",0,"","No","ImportAnimation=False; AnimationType=None; AvatarSetup=NoAvatar; HasAvatar=False","Walk","No imported/embedded animation clips detected"
"SM_Bld_Warehouse_Brick_01","FBX / ModelImporter","Assets/PolygonApocalypse/Models/SM_Bld_Warehouse_Brick_01.fbx","PolygonApocalypse","No","No",0,"","No","ImportAnimation=False; AnimationType=None; AvatarSetup=NoAvatar; HasAvatar=False","Unknown","No imported/embedded animation clips detected"
"SM_Bld_Warehouse_Concrete_01","FBX / ModelImporter","Assets/PolygonApocalypse/Models/SM_Bld_Warehouse_Concrete_01.fbx","PolygonApocalypse","No","No",0,"","No","ImportAnimation=False; AnimationType=None; AvatarSetup=NoAvatar; HasAvatar=False","Unknown","No imported/embedded animation clips detected"
"SM_Bld_WaterTank_01","FBX / ModelImporter","Assets/PolygonApocalypse/Models/SM_Bld_WaterTank_01.fbx","PolygonApocalypse","No","No",0,"","No","ImportAnimation=False; AnimationType=None; AvatarSetup=NoAvatar; HasAvatar=False","Unknown","No imported/embedded animation clips detected"
"SM_Bld_WaterTower_01","FBX / ModelImporter","Assets/PolygonApocalypse/Models/SM_Bld_WaterTower_01.fbx","PolygonApocalypse","No","No",0,"","No","ImportAnimation=False; AnimationType=None; AvatarSetup=NoAvatar; HasAvatar=False","Unknown","No imported/embedded animation clips detected"
"SM_Chr_Attach_Armour_Knee_Metal_L_01","FBX / ModelImporter","Assets/PolygonApocalypse/Models/SM_Chr_Attach_Armour_Knee_Metal_L_01.fbx","PolygonApocalypse","No","No",0,"","No","ImportAnimation=False; AnimationType=None; AvatarSetup=NoAvatar; HasAvatar=False","Unknown","No imported/embedded animation clips detected"
"SM_Chr_Attach_Armour_Knee_Metal_R_01","FBX / ModelImporter","Assets/PolygonApocalypse/Models/SM_Chr_Attach_Armour_Knee_Metal_R_01.fbx","PolygonApocalypse","No","No",0,"","No","ImportAnimation=False; AnimationType=None; AvatarSetup=NoAvatar; HasAvatar=False","Unknown","No imported/embedded animation clips detected"
"SM_Chr_Attach_Armour_Knee_Sports_L_01","FBX / ModelImporter","Assets/PolygonApocalypse/Models/SM_Chr_Attach_Armour_Knee_Sports_L_01.fbx","PolygonApocalypse","No","No",0,"","No","ImportAnimation=False; AnimationType=None; AvatarSetup=NoAvatar; HasAvatar=False","Unknown","No imported/embedded animation clips detected"
"SM_Chr_Attach_Armour_Knee_Sports_R_01","FBX / ModelImporter","Assets/PolygonApocalypse/Models/SM_Chr_Attach_Armour_Knee_Sports_R_01.fbx","PolygonApocalypse","No","No",0,"","No","ImportAnimation=False; AnimationType=None; AvatarSetup=NoAvatar; HasAvatar=False","Unknown","No imported/embedded animation clips detected"
"SM_Chr_Attach_Armour_Shoulder_Metal_L_01","FBX / ModelImporter","Assets/PolygonApocalypse/Models/SM_Chr_Attach_Armour_Shoulder_Metal_L_01.fbx","PolygonApocalypse","No","No",0,"","No","ImportAnimation=False; AnimationType=None; AvatarSetup=NoAvatar; HasAvatar=False","Unknown","No imported/embedded animation clips detected"
"SM_Chr_Attach_Armour_Shoulder_Metal_L_02","FBX / ModelImporter","Assets/PolygonApocalypse/Models/SM_Chr_Attach_Armour_Shoulder_Metal_L_02.fbx","PolygonApocalypse","No","No",0,"","No","ImportAnimation=False; AnimationType=None; AvatarSetup=NoAvatar; HasAvatar=False","Unknown","No imported/embedded animation clips detected"
"SM_Chr_Attach_Armour_Shoulder_Metal_R_01","FBX / ModelImporter","Assets/PolygonApocalypse/Models/SM_Chr_Attach_Armour_Shoulder_Metal_R_01.fbx","PolygonApocalypse","No","No",0,"","No","ImportAnimation=False; AnimationType=None; AvatarSetup=NoAvatar; HasAvatar=False","Unknown","No imported/embedded animation clips detected"
"SM_Chr_Attach_Armour_Shoulder_Metal_R_02","FBX / ModelImporter","Assets/PolygonApocalypse/Models/SM_Chr_Attach_Armour_Shoulder_Metal_R_02.fbx","PolygonApocalypse","No","No",0,"","No","ImportAnimation=False; AnimationType=None; AvatarSetup=NoAvatar; HasAvatar=False","Unknown","No imported/embedded animation clips detected"
"SM_Chr_Attach_Armour_Shoulder_Soft_L_01","FBX / ModelImporter","Assets/PolygonApocalypse/Models/SM_Chr_Attach_Armour_Shoulder_Soft_L_01.fbx","PolygonApocalypse","No","No",0,"","No","ImportAnimation=False; AnimationType=None; AvatarSetup=NoAvatar; HasAvatar=False","Unknown","No imported/embedded animation clips detected"
"SM_Chr_Attach_Armour_Shoulder_Soft_R_01","FBX / ModelImporter","Assets/PolygonApocalypse/Models/SM_Chr_Attach_Armour_Shoulder_Soft_R_01.fbx","PolygonApocalypse","No","No",0,"","No","ImportAnimation=False; AnimationType=None; AvatarSetup=NoAvatar; HasAvatar=False","Unknown","No imported/embedded animation clips detected"
"SM_Chr_Attach_Armour_Shoulder_Sports_L_01","FBX / ModelImporter","Assets/PolygonApocalypse/Models/SM_Chr_Attach_Armour_Shoulder_Sports_L_01.fbx","PolygonApocalypse","No","No",0,"","No","ImportAnimation=False; AnimationType=None; AvatarSetup=NoAvatar; HasAvatar=False","Unknown","No imported/embedded animation clips detected"
"SM_Chr_Attach_Armour_Shoulder_Sports_L_02","FBX / ModelImporter","Assets/PolygonApocalypse/Models/SM_Chr_Attach_Armour_Shoulder_Sports_L_02.fbx","PolygonApocalypse","No","No",0,"","No","ImportAnimation=False; AnimationType=None; AvatarSetup=NoAvatar; HasAvatar=False","Unknown","No imported/embedded animation clips detected"
"SM_Chr_Attach_Armour_Shoulder_Sports_R_01","FBX / ModelImporter","Assets/PolygonApocalypse/Models/SM_Chr_Attach_Armour_Shoulder_Sports_R_01.fbx","PolygonApocalypse","No","No",0,"","No","ImportAnimation=False; AnimationType=None; AvatarSetup=NoAvatar; HasAvatar=False","Unknown","No imported/embedded animation clips detected"
"SM_Chr_Attach_Armour_Shoulder_Sports_R_02","FBX / ModelImporter","Assets/PolygonApocalypse/Models/SM_Chr_Attach_Armour_Shoulder_Sports_R_02.fbx","PolygonApocalypse","No","No",0,"","No","ImportAnimation=False; AnimationType=None; AvatarSetup=NoAvatar; HasAvatar=False","Unknown","No imported/embedded animation clips detected"
"SM_Chr_Attach_Armour_Thigh_Metal_L_01","FBX / ModelImporter","Assets/PolygonApocalypse/Models/SM_Chr_Attach_Armour_Thigh_Metal_L_01.fbx","PolygonApocalypse","No","No",0,"","No","ImportAnimation=False; AnimationType=None; AvatarSetup=NoAvatar; HasAvatar=False","Unknown","No imported/embedded animation clips detected"
"SM_Chr_Attach_Armour_Thigh_Metal_R_01","FBX / ModelImporter","Assets/PolygonApocalypse/Models/SM_Chr_Attach_Armour_Thigh_Metal_R_01.fbx","PolygonApocalypse","No","No",0,"","No","ImportAnimation=False; AnimationType=None; AvatarSetup=NoAvatar; HasAvatar=False","Unknown","No imported/embedded animation clips detected"
"SM_Chr_Attach_Armour_Wrist_Metal_L_01","FBX / ModelImporter","Assets/PolygonApocalypse/Models/SM_Chr_Attach_Armour_Wrist_Metal_L_01.fbx","PolygonApocalypse","No","No",0,"","No","ImportAnimation=False; AnimationType=None; AvatarSetup=NoAvatar; HasAvatar=False","Unknown","No imported/embedded animation clips detected"
"SM_Chr_Attach_Armour_Wrist_Metal_R_01","FBX / ModelImporter","Assets/PolygonApocalypse/Models/SM_Chr_Attach_Armour_Wrist_Metal_R_01.fbx","PolygonApocalypse","No","No",0,"","No","ImportAnimation=False; AnimationType=None; AvatarSetup=NoAvatar; HasAvatar=False","Unknown","No imported/embedded animation clips detected"
"SM_Chr_Attach_Backpack_01","FBX / ModelImporter","Assets/PolygonApocalypse/Models/SM_Chr_Attach_Backpack_01.fbx","PolygonApocalypse","No","No",0,"","No","ImportAnimation=False; AnimationType=None; AvatarSetup=NoAvatar; HasAvatar=False","Unknown","No imported/embedded animation clips detected"
"SM_Chr_Attach_Backpack_02","FBX / ModelImporter","Assets/PolygonApocalypse/Models/SM_Chr_Attach_Backpack_02.fbx","PolygonApocalypse","No","No",0,"","No","ImportAnimation=False; AnimationType=None; AvatarSetup=NoAvatar; HasAvatar=False","Unknown","No imported/embedded animation clips detected"
"SM_Chr_Attach_Backpack_Large_01","FBX / ModelImporter","Assets/PolygonApocalypse/Models/SM_Chr_Attach_Backpack_Large_01.fbx","PolygonApocalypse","No","No",0,"","No","ImportAnimation=False; AnimationType=None; AvatarSetup=NoAvatar; HasAvatar=False","Unknown","No imported/embedded animation clips detected"
"SM_Chr_Attach_Backpack_Large_Extras_01","FBX / ModelImporter","Assets/PolygonApocalypse/Models/SM_Chr_Attach_Backpack_Large_Extras_01.fbx","PolygonApocalypse","No","No",0,"","No","ImportAnimation=False; AnimationType=None; AvatarSetup=NoAvatar; HasAvatar=False","Unknown","No imported/embedded animation clips detected"
"SM_Chr_Attach_Backpack_Small_01","FBX / ModelImporter","Assets/PolygonApocalypse/Models/SM_Chr_Attach_Backpack_Small_01.fbx","PolygonApocalypse","No","No",0,"","No","ImportAnimation=False; AnimationType=None; AvatarSetup=NoAvatar; HasAvatar=False","Unknown","No imported/embedded animation clips detected"
"SM_Chr_Attach_Bedroll_01","FBX / ModelImporter","Assets/PolygonApocalypse/Models/SM_Chr_Attach_Bedroll_01.fbx","PolygonApocalypse","No","No",0,"","No","ImportAnimation=False; AnimationType=None; AvatarSetup=NoAvatar; HasAvatar=False","Unknown","No imported/embedded animation clips detected"
"SM_Chr_Attach_Biker_Male_Beard_01","FBX / ModelImporter","Assets/PolygonApocalypse/Models/SM_Chr_Attach_Biker_Male_Beard_01.fbx","PolygonApocalypse","No","No",0,"","No","ImportAnimation=False; AnimationType=None; AvatarSetup=NoAvatar; HasAvatar=False","Unknown","No imported/embedded animation clips detected"
"SM_Chr_Attach_Biker_Male_Hair_01","FBX / ModelImporter","Assets/PolygonApocalypse/Models/SM_Chr_Attach_Biker_Male_Hair_01.fbx","PolygonApocalypse","No","No",0,"","No","ImportAnimation=False; AnimationType=None; AvatarSetup=NoAvatar; HasAvatar=False","Unknown","No imported/embedded animation clips detected"
"SM_Chr_Attach_Bullets_01","FBX / ModelImporter","Assets/PolygonApocalypse/Models/SM_Chr_Attach_Bullets_01.fbx","PolygonApocalypse","No","No",0,"","No","ImportAnimation=False; AnimationType=None; AvatarSetup=NoAvatar; HasAvatar=False","Unknown","No imported/embedded animation clips detected"
"SM_Chr_Attach_Business_Male_Hair_01","FBX / ModelImporter","Assets/PolygonApocalypse/Models/SM_Chr_Attach_Business_Male_Hair_01.fbx","PolygonApocalypse","No","No",0,"","No","ImportAnimation=False; AnimationType=None; AvatarSetup=NoAvatar; HasAvatar=False","Unknown","No imported/embedded animation clips detected"
"SM_Chr_Attach_Canteen_01","FBX / ModelImporter","Assets/PolygonApocalypse/Models/SM_Chr_Attach_Canteen_01.fbx","PolygonApocalypse","No","No",0,"","No","ImportAnimation=False; AnimationType=None; AvatarSetup=NoAvatar; HasAvatar=False","Unknown","No imported/embedded animation clips detected"
"SM_Chr_Attach_Cool_Female_Hair_01","FBX / ModelImporter","Assets/PolygonApocalypse/Models/SM_Chr_Attach_Cool_Female_Hair_01.fbx","PolygonApocalypse","No","No",0,"","No","ImportAnimation=False; AnimationType=None; AvatarSetup=NoAvatar; HasAvatar=False","Unknown","No imported/embedded animation clips detected"
"SM_Chr_Attach_Cool_Male_Hair_01","FBX / ModelImporter","Assets/PolygonApocalypse/Models/SM_Chr_Attach_Cool_Male_Hair_01.fbx","PolygonApocalypse","No","No",0,"","No","ImportAnimation=False; AnimationType=None; AvatarSetup=NoAvatar; HasAvatar=False","Unknown","No imported/embedded animation clips detected"
"SM_Chr_Attach_Criminal_Male_Beard_01","FBX / ModelImporter","Assets/PolygonApocalypse/Models/SM_Chr_Attach_Criminal_Male_Beard_01.fbx","PolygonApocalypse","No","No",0,"","No","ImportAnimation=False; AnimationType=None; AvatarSetup=NoAvatar; HasAvatar=False","Unknown","No imported/embedded animation clips detected"
"SM_Chr_Attach_Criminal_Male_Hair_01","FBX / ModelImporter","Assets/PolygonApocalypse/Models/SM_Chr_Attach_Criminal_Male_Hair_01.fbx","PolygonApocalypse","No","No",0,"","No","ImportAnimation=False; AnimationType=None; AvatarSetup=NoAvatar; HasAvatar=False","Unknown","No imported/embedded animation clips detected"
"SM_Chr_Attach_Emo_Female_Hair_01","FBX / ModelImporter","Assets/PolygonApocalypse/Models/SM_Chr_Attach_Emo_Female_Hair_01.fbx","PolygonApocalypse","No","No",0,"","No","ImportAnimation=False; AnimationType=None; AvatarSetup=NoAvatar; HasAvatar=False","Unknown","No imported/embedded animation clips detected"
"SM_Chr_Attach_Emo_Female_Spikes_L_01","FBX / ModelImporter","Assets/PolygonApocalypse/Models/SM_Chr_Attach_Emo_Female_Spikes_L_01.fbx","PolygonApocalypse","No","No",0,"","No","ImportAnimation=False; AnimationType=None; AvatarSetup=NoAvatar; HasAvatar=False","Unknown","No imported/embedded animation clips detected"
"SM_Chr_Attach_Emo_Female_Spikes_R_01","FBX / ModelImporter","Assets/PolygonApocalypse/Models/SM_Chr_Attach_Emo_Female_Spikes_R_01.fbx","PolygonApocalypse","No","No",0,"","No","ImportAnimation=False; AnimationType=None; AvatarSetup=NoAvatar; HasAvatar=False","Unknown","No imported/embedded animation clips detected"
"SM_Chr_Attach_FootballHelmet_01","FBX / ModelImporter","Assets/PolygonApocalypse/Models/SM_Chr_Attach_FootballHelmet_01.fbx","PolygonApocalypse","No","No",0,"","No","ImportAnimation=False; AnimationType=None; AvatarSetup=NoAvatar; HasAvatar=False","Unknown","No imported/embedded animation clips detected"
"SM_Chr_Attach_GasMask_01","FBX / ModelImporter","Assets/PolygonApocalypse/Models/SM_Chr_Attach_GasMask_01.fbx","PolygonApocalypse","No","No",0,"","No","ImportAnimation=False; AnimationType=None; AvatarSetup=NoAvatar; HasAvatar=False","Unknown","No imported/embedded animation clips detected"
"SM_Chr_Attach_Hazmat_Male_Glass_01","FBX / ModelImporter","Assets/PolygonApocalypse/Models/SM_Chr_Attach_Hazmat_Male_Glass_01.fbx","PolygonApocalypse","No","No",0,"","No","ImportAnimation=False; AnimationType=None; AvatarSetup=NoAvatar; HasAvatar=False","Unknown","No imported/embedded animation clips detected"
"SM_Chr_Attach_Homeless_Male_Beard_01","FBX / ModelImporter","Assets/PolygonApocalypse/Models/SM_Chr_Attach_Homeless_Male_Beard_01.fbx","PolygonApocalypse","No","No",0,"","No","ImportAnimation=False; AnimationType=None; AvatarSetup=NoAvatar; HasAvatar=False","Unknown","No imported/embedded animation clips detected"
"SM_Chr_Attach_Hunter_Male_Beard_01","FBX / ModelImporter","Assets/PolygonApocalypse/Models/SM_Chr_Attach_Hunter_Male_Beard_01.fbx","PolygonApocalypse","No","No",0,"","No","ImportAnimation=False; AnimationType=None; AvatarSetup=NoAvatar; HasAvatar=False","Unknown","No imported/embedded animation clips detected"
"SM_Chr_Attach_Hunter_Male_Hat_01","FBX / ModelImporter","Assets/PolygonApocalypse/Models/SM_Chr_Attach_Hunter_Male_Hat_01.fbx","PolygonApocalypse","No","No",0,"","No","ImportAnimation=False; AnimationType=None; AvatarSetup=NoAvatar; HasAvatar=False","Unknown","No imported/embedded animation clips detected"
"SM_Chr_Attach_Hunter_Male_Hat_02","FBX / ModelImporter","Assets/PolygonApocalypse/Models/SM_Chr_Attach_Hunter_Male_Hat_02.fbx","PolygonApocalypse","No","No",0,"","No","ImportAnimation=False; AnimationType=None; AvatarSetup=NoAvatar; HasAvatar=False","Unknown","No imported/embedded animation clips detected"
"SM_Chr_Attach_Islander_Male_Hair_01","FBX / ModelImporter","Assets/PolygonApocalypse/Models/SM_Chr_Attach_Islander_Male_Hair_01.fbx","PolygonApocalypse","No","No",0,"","No","ImportAnimation=False; AnimationType=None; AvatarSetup=NoAvatar; HasAvatar=False","Unknown","No imported/embedded animation clips detected"
"SM_Chr_Attach_Knife_01","FBX / ModelImporter","Assets/PolygonApocalypse/Models/SM_Chr_Attach_Knife_01.fbx","PolygonApocalypse","No","No",0,"","No","ImportAnimation=False; AnimationType=None; AvatarSetup=NoAvatar; HasAvatar=False","Unknown","No imported/embedded animation clips detected"
"SM_Chr_Attach_Mags_01","FBX / ModelImporter","Assets/PolygonApocalypse/Models/SM_Chr_Attach_Mags_01.fbx","PolygonApocalypse","No","No",0,"","No","ImportAnimation=False; AnimationType=None; AvatarSetup=NoAvatar; HasAvatar=False","Unknown","No imported/embedded animation clips detected"
"SM_Chr_Attach_Mags_02","FBX / ModelImporter","Assets/PolygonApocalypse/Models/SM_Chr_Attach_Mags_02.fbx","PolygonApocalypse","No","No",0,"","No","ImportAnimation=False; AnimationType=None; AvatarSetup=NoAvatar; HasAvatar=False","Unknown","No imported/embedded animation clips detected"
"SM_Chr_Attach_Mags_03","FBX / ModelImporter","Assets/PolygonApocalypse/Models/SM_Chr_Attach_Mags_03.fbx","PolygonApocalypse","No","No",0,"","No","ImportAnimation=False; AnimationType=None; AvatarSetup=NoAvatar; HasAvatar=False","Unknown","No imported/embedded animation clips detected"
"SM_Chr_Attach_Mask_01","FBX / ModelImporter","Assets/PolygonApocalypse/Models/SM_Chr_Attach_Mask_01.fbx","PolygonApocalypse","No","No",0,"","No","ImportAnimation=False; AnimationType=None; AvatarSetup=NoAvatar; HasAvatar=False","Unknown","No imported/embedded animation clips detected"
"SM_Chr_Attach_Mask_Hockey_01","FBX / ModelImporter","Assets/PolygonApocalypse/Models/SM_Chr_Attach_Mask_Hockey_01.fbx","PolygonApocalypse","No","No",0,"","No","ImportAnimation=False; AnimationType=None; AvatarSetup=NoAvatar; HasAvatar=False","Unknown","No imported/embedded animation clips detected"
"SM_Chr_Attach_Mechanic_Female_Hair_01","FBX / ModelImporter","Assets/PolygonApocalypse/Models/SM_Chr_Attach_Mechanic_Female_Hair_01.fbx","PolygonApocalypse","No","No",0,"","No","ImportAnimation=False; AnimationType=None; AvatarSetup=NoAvatar; HasAvatar=False","Unknown","No imported/embedded animation clips detected"
"SM_Chr_Attach_Nerd_Female_Glasses_01","FBX / ModelImporter","Assets/PolygonApocalypse/Models/SM_Chr_Attach_Nerd_Female_Glasses_01.fbx","PolygonApocalypse","No","No",0,"","No","ImportAnimation=False; AnimationType=None; AvatarSetup=NoAvatar; HasAvatar=False","Unknown","No imported/embedded animation clips detected"
"SM_Chr_Attach_Nerd_Female_Hair_01","FBX / ModelImporter","Assets/PolygonApocalypse/Models/SM_Chr_Attach_Nerd_Female_Hair_01.fbx","PolygonApocalypse","No","No",0,"","No","ImportAnimation=False; AnimationType=None; AvatarSetup=NoAvatar; HasAvatar=False","Unknown","No imported/embedded animation clips detected"
"SM_Chr_Attach_Nun_Female_HipPouch_01","FBX / ModelImporter","Assets/PolygonApocalypse/Models/SM_Chr_Attach_Nun_Female_HipPouch_01.fbx","PolygonApocalypse","No","No",0,"","No","ImportAnimation=False; AnimationType=None; AvatarSetup=NoAvatar; HasAvatar=False","Unknown","No imported/embedded animation clips detected"
"SM_Chr_Attach_Patient_Female_Hair_01","FBX / ModelImporter","Assets/PolygonApocalypse/Models/SM_Chr_Attach_Patient_Female_Hair_01.fbx","PolygonApocalypse","No","No",0,"","No","ImportAnimation=False; AnimationType=None; AvatarSetup=NoAvatar; HasAvatar=False","Unknown","No imported/embedded animation clips detected"
"SM_Chr_Attach_Pouch_01","FBX / ModelImporter","Assets/PolygonApocalypse/Models/SM_Chr_Attach_Pouch_01.fbx","PolygonApocalypse","No","No",0,"","No","ImportAnimation=False; AnimationType=None; AvatarSetup=NoAvatar; HasAvatar=False","Unknown","No imported/embedded animation clips detected"
"SM_Chr_Attach_Pouch_02","FBX / ModelImporter","Assets/PolygonApocalypse/Models/SM_Chr_Attach_Pouch_02.fbx","PolygonApocalypse","No","No",0,"","No","ImportAnimation=False; AnimationType=None; AvatarSetup=NoAvatar; HasAvatar=False","Unknown","No imported/embedded animation clips detected"
"SM_Chr_Attach_Pouch_03","FBX / ModelImporter","Assets/PolygonApocalypse/Models/SM_Chr_Attach_Pouch_03.fbx","PolygonApocalypse","No","No",0,"","No","ImportAnimation=False; AnimationType=None; AvatarSetup=NoAvatar; HasAvatar=False","Unknown","No imported/embedded animation clips detected"
"SM_Chr_Attach_Press_Male_Beard_01","FBX / ModelImporter","Assets/PolygonApocalypse/Models/SM_Chr_Attach_Press_Male_Beard_01.fbx","PolygonApocalypse","No","No",0,"","No","ImportAnimation=False; AnimationType=None; AvatarSetup=NoAvatar; HasAvatar=False","Unknown","No imported/embedded animation clips detected"
"SM_Chr_Attach_Press_Male_Eyepatch_01","FBX / ModelImporter","Assets/PolygonApocalypse/Models/SM_Chr_Attach_Press_Male_Eyepatch_01.fbx","PolygonApocalypse","No","No",0,"","No","ImportAnimation=False; AnimationType=None; AvatarSetup=NoAvatar; HasAvatar=False","Unknown","No imported/embedded animation clips detected"
"SM_Chr_Attach_Press_Male_Hair_01","FBX / ModelImporter","Assets/PolygonApocalypse/Models/SM_Chr_Attach_Press_Male_Hair_01.fbx","PolygonApocalypse","No","No",0,"","No","ImportAnimation=False; AnimationType=None; AvatarSetup=NoAvatar; HasAvatar=False","Unknown","No imported/embedded animation clips detected"
"SM_Chr_Attach_Punk_Female_Hair_01","FBX / ModelImporter","Assets/PolygonApocalypse/Models/SM_Chr_Attach_Punk_Female_Hair_01.fbx","PolygonApocalypse","No","No",0,"","No","ImportAnimation=False; AnimationType=None; AvatarSetup=NoAvatar; HasAvatar=False","Unknown","No imported/embedded animation clips detected"
"SM_Chr_Attach_RiotCop_Male_Beard_01","FBX / ModelImporter","Assets/PolygonApocalypse/Models/SM_Chr_Attach_RiotCop_Male_Beard_01.fbx","PolygonApocalypse","No","No",0,"","No","ImportAnimation=False; AnimationType=None; AvatarSetup=NoAvatar; HasAvatar=False","Unknown","No imported/embedded animation clips detected"
"SM_Chr_Attach_RiotCop_Male_Hair_01","FBX / ModelImporter","Assets/PolygonApocalypse/Models/SM_Chr_Attach_RiotCop_Male_Hair_01.fbx","PolygonApocalypse","No","No",0,"","No","ImportAnimation=False; AnimationType=None; AvatarSetup=NoAvatar; HasAvatar=False","Unknown","No imported/embedded animation clips detected"
"SM_Chr_Attach_RiotCop_Male_Helmet_01","FBX / ModelImporter","Assets/PolygonApocalypse/Models/SM_Chr_Attach_RiotCop_Male_Helmet_01.fbx","PolygonApocalypse","No","No",0,"","No","ImportAnimation=False; AnimationType=None; AvatarSetup=NoAvatar; HasAvatar=False","Unknown","No imported/embedded animation clips detected"
"SM_Chr_Attach_RiotCop_Male_Radio_01","FBX / ModelImporter","Assets/PolygonApocalypse/Models/SM_Chr_Attach_RiotCop_Male_Radio_01.fbx","PolygonApocalypse","No","No",0,"","No","ImportAnimation=False; AnimationType=None; AvatarSetup=NoAvatar; HasAvatar=False","Unknown","No imported/embedded animation clips detected"
"SM_Chr_Attach_Scout_Female_Hat_01","FBX / ModelImporter","Assets/PolygonApocalypse/Models/SM_Chr_Attach_Scout_Female_Hat_01.fbx","PolygonApocalypse","No","No",0,"","No","ImportAnimation=False; AnimationType=None; AvatarSetup=NoAvatar; HasAvatar=False","Unknown","No imported/embedded animation clips detected"
"SM_Chr_Attach_Scout_Female_Radio_01","FBX / ModelImporter","Assets/PolygonApocalypse/Models/SM_Chr_Attach_Scout_Female_Radio_01.fbx","PolygonApocalypse","No","No",0,"","No","ImportAnimation=False; AnimationType=None; AvatarSetup=NoAvatar; HasAvatar=False","Unknown","No imported/embedded animation clips detected"
"SM_Chr_Attach_Sheriff_Male_Hair_01","FBX / ModelImporter","Assets/PolygonApocalypse/Models/SM_Chr_Attach_Sheriff_Male_Hair_01.fbx","PolygonApocalypse","No","No",0,"","No","ImportAnimation=False; AnimationType=None; AvatarSetup=NoAvatar; HasAvatar=False","Unknown","No imported/embedded animation clips detected"
"SM_Chr_Attach_Sheriff_Male_Hat_01","FBX / ModelImporter","Assets/PolygonApocalypse/Models/SM_Chr_Attach_Sheriff_Male_Hat_01.fbx","PolygonApocalypse","No","No",0,"","No","ImportAnimation=False; AnimationType=None; AvatarSetup=NoAvatar; HasAvatar=False","Unknown","No imported/embedded animation clips detected"
"SM_Chr_Attach_Soldier_Female_Hair_01","FBX / ModelImporter","Assets/PolygonApocalypse/Models/SM_Chr_Attach_Soldier_Female_Hair_01.fbx","PolygonApocalypse","No","No",0,"","No","ImportAnimation=False; AnimationType=None; AvatarSetup=NoAvatar; HasAvatar=False","Death","No imported/embedded animation clips detected"
"SM_Chr_Attach_Soldier_Male_Glass_01","FBX / ModelImporter","Assets/PolygonApocalypse/Models/SM_Chr_Attach_Soldier_Male_Glass_01.fbx","PolygonApocalypse","No","No",0,"","No","ImportAnimation=False; AnimationType=None; AvatarSetup=NoAvatar; HasAvatar=False","Death","No imported/embedded animation clips detected"
"SM_Chr_Attach_Soldier_Male_Helmet_01","FBX / ModelImporter","Assets/PolygonApocalypse/Models/SM_Chr_Attach_Soldier_Male_Helmet_01.fbx","PolygonApocalypse","No","No",0,"","No","ImportAnimation=False; AnimationType=None; AvatarSetup=NoAvatar; HasAvatar=False","Death","No imported/embedded animation clips detected"
"SM_Chr_Attach_SupplyBag_01","FBX / ModelImporter","Assets/PolygonApocalypse/Models/SM_Chr_Attach_SupplyBag_01.fbx","PolygonApocalypse","No","No",0,"","No","ImportAnimation=False; AnimationType=None; AvatarSetup=NoAvatar; HasAvatar=False","Unknown","No imported/embedded animation clips detected"
"SM_Chr_Attach_Teen_Female_Glasses_01","FBX / ModelImporter","Assets/PolygonApocalypse/Models/SM_Chr_Attach_Teen_Female_Glasses_01.fbx","PolygonApocalypse","No","No",0,"","No","ImportAnimation=False; AnimationType=None; AvatarSetup=NoAvatar; HasAvatar=False","Unknown","No imported/embedded animation clips detected"
"SM_Chr_Attach_Teen_Female_Hair_01","FBX / ModelImporter","Assets/PolygonApocalypse/Models/SM_Chr_Attach_Teen_Female_Hair_01.fbx","PolygonApocalypse","No","No",0,"","No","ImportAnimation=False; AnimationType=None; AvatarSetup=NoAvatar; HasAvatar=False","Unknown","No imported/embedded animation clips detected"
"SM_Chr_Attach_Teen_Male_Hat_01","FBX / ModelImporter","Assets/PolygonApocalypse/Models/SM_Chr_Attach_Teen_Male_Hat_01.fbx","PolygonApocalypse","No","No",0,"","No","ImportAnimation=False; AnimationType=None; AvatarSetup=NoAvatar; HasAvatar=False","Unknown","No imported/embedded animation clips detected"
"SM_Chr_Attach_Waitress_Female_Glasses_01","FBX / ModelImporter","Assets/PolygonApocalypse/Models/SM_Chr_Attach_Waitress_Female_Glasses_01.fbx","PolygonApocalypse","No","No",0,"","No","ImportAnimation=False; AnimationType=None; AvatarSetup=NoAvatar; HasAvatar=False","Unknown","No imported/embedded animation clips detected"
"SM_Chr_Attach_Waitress_Female_Hair_01","FBX / ModelImporter","Assets/PolygonApocalypse/Models/SM_Chr_Attach_Waitress_Female_Hair_01.fbx","PolygonApocalypse","No","No",0,"","No","ImportAnimation=False; AnimationType=None; AvatarSetup=NoAvatar; HasAvatar=False","Unknown","No imported/embedded animation clips detected"
"SM_Chr_Attach_Wanderer_Male_Beard_01","FBX / ModelImporter","Assets/PolygonApocalypse/Models/SM_Chr_Attach_Wanderer_Male_Beard_01.fbx","PolygonApocalypse","No","No",0,"","No","ImportAnimation=False; AnimationType=None; AvatarSetup=NoAvatar; HasAvatar=False","Unknown","No imported/embedded animation clips detected"
"SM_Chr_Attach_Wanderer_Male_Hair_01","FBX / ModelImporter","Assets/PolygonApocalypse/Models/SM_Chr_Attach_Wanderer_Male_Hair_01.fbx","PolygonApocalypse","No","No",0,"","No","ImportAnimation=False; AnimationType=None; AvatarSetup=NoAvatar; HasAvatar=False","Unknown","No imported/embedded animation clips detected"
"SM_Chr_Attach_Zombie_Female_Hair_01","FBX / ModelImporter","Assets/PolygonApocalypse/Models/SM_Chr_Attach_Zombie_Female_Hair_01.fbx","PolygonApocalypse","Yes","No",0,"","No","ImportAnimation=False; AnimationType=None; AvatarSetup=NoAvatar; HasAvatar=False","Unknown","No imported/embedded animation clips detected"
"SM_Chr_Attach_Zombie_Female_Hair_02","FBX / ModelImporter","Assets/PolygonApocalypse/Models/SM_Chr_Attach_Zombie_Female_Hair_02.fbx","PolygonApocalypse","Yes","No",0,"","No","ImportAnimation=False; AnimationType=None; AvatarSetup=NoAvatar; HasAvatar=False","Unknown","No imported/embedded animation clips detected"
"SM_Chr_Attach_Zombie_Male_Beard_01","FBX / ModelImporter","Assets/PolygonApocalypse/Models/SM_Chr_Attach_Zombie_Male_Beard_01.fbx","PolygonApocalypse","Yes","No",0,"","No","ImportAnimation=False; AnimationType=None; AvatarSetup=NoAvatar; HasAvatar=False","Unknown","No imported/embedded animation clips detected"
"SM_Chr_Attach_Zombie_Male_Hair_01","FBX / ModelImporter","Assets/PolygonApocalypse/Models/SM_Chr_Attach_Zombie_Male_Hair_01.fbx","PolygonApocalypse","Yes","No",0,"","No","ImportAnimation=False; AnimationType=None; AvatarSetup=NoAvatar; HasAvatar=False","Unknown","No imported/embedded animation clips detected"
"SM_Chr_Attach_Zombie_Male_Hair_02","FBX / ModelImporter","Assets/PolygonApocalypse/Models/SM_Chr_Attach_Zombie_Male_Hair_02.fbx","PolygonApocalypse","Yes","No",0,"","No","ImportAnimation=False; AnimationType=None; AvatarSetup=NoAvatar; HasAvatar=False","Unknown","No imported/embedded animation clips detected"
"SM_DeadBody_Female_01","FBX / ModelImporter","Assets/PolygonApocalypse/Models/SM_DeadBody_Female_01.fbx","PolygonApocalypse","No","No",0,"","No","ImportAnimation=False; AnimationType=None; AvatarSetup=NoAvatar; HasAvatar=False","Death","No imported/embedded animation clips detected"
"SM_DeadBody_Female_02","FBX / ModelImporter","Assets/PolygonApocalypse/Models/SM_DeadBody_Female_02.fbx","PolygonApocalypse","No","No",0,"","No","ImportAnimation=False; AnimationType=None; AvatarSetup=NoAvatar; HasAvatar=False","Death","No imported/embedded animation clips detected"
"SM_DeadBody_Female_03","FBX / ModelImporter","Assets/PolygonApocalypse/Models/SM_DeadBody_Female_03.fbx","PolygonApocalypse","No","No",0,"","No","ImportAnimation=False; AnimationType=None; AvatarSetup=NoAvatar; HasAvatar=False","Death","No imported/embedded animation clips detected"
"SM_DeadBody_Female_04","FBX / ModelImporter","Assets/PolygonApocalypse/Models/SM_DeadBody_Female_04.fbx","PolygonApocalypse","No","No",0,"","No","ImportAnimation=False; AnimationType=None; AvatarSetup=NoAvatar; HasAvatar=False","Death","No imported/embedded animation clips detected"
"SM_DeadBody_Female_05","FBX / ModelImporter","Assets/PolygonApocalypse/Models/SM_DeadBody_Female_05.fbx","PolygonApocalypse","No","No",0,"","No","ImportAnimation=False; AnimationType=None; AvatarSetup=NoAvatar; HasAvatar=False","Death","No imported/embedded animation clips detected"
"SM_DeadBody_Female_06","FBX / ModelImporter","Assets/PolygonApocalypse/Models/SM_DeadBody_Female_06.fbx","PolygonApocalypse","No","No",0,"","No","ImportAnimation=False; AnimationType=None; AvatarSetup=NoAvatar; HasAvatar=False","Death","No imported/embedded animation clips detected"
"SM_DeadBody_Female_07","FBX / ModelImporter","Assets/PolygonApocalypse/Models/SM_DeadBody_Female_07.fbx","PolygonApocalypse","No","No",0,"","No","ImportAnimation=False; AnimationType=None; AvatarSetup=NoAvatar; HasAvatar=False","Death","No imported/embedded animation clips detected"
"SM_DeadBody_Female_08","FBX / ModelImporter","Assets/PolygonApocalypse/Models/SM_DeadBody_Female_08.fbx","PolygonApocalypse","No","No",0,"","No","ImportAnimation=False; AnimationType=None; AvatarSetup=NoAvatar; HasAvatar=False","Death","No imported/embedded animation clips detected"
"SM_DeadBody_Female_09","FBX / ModelImporter","Assets/PolygonApocalypse/Models/SM_DeadBody_Female_09.fbx","PolygonApocalypse","No","No",0,"","No","ImportAnimation=False; AnimationType=None; AvatarSetup=NoAvatar; HasAvatar=False","Death","No imported/embedded animation clips detected"
"SM_DeadBody_Female_10","FBX / ModelImporter","Assets/PolygonApocalypse/Models/SM_DeadBody_Female_10.fbx","PolygonApocalypse","No","No",0,"","No","ImportAnimation=False; AnimationType=None; AvatarSetup=NoAvatar; HasAvatar=False","Death","No imported/embedded animation clips detected"
"SM_DeadBody_Female_11","FBX / ModelImporter","Assets/PolygonApocalypse/Models/SM_DeadBody_Female_11.fbx","PolygonApocalypse","No","No",0,"","No","ImportAnimation=False; AnimationType=None; AvatarSetup=NoAvatar; HasAvatar=False","Death","No imported/embedded animation clips detected"
"SM_DeadBody_Female_12","FBX / ModelImporter","Assets/PolygonApocalypse/Models/SM_DeadBody_Female_12.fbx","PolygonApocalypse","No","No",0,"","No","ImportAnimation=False; AnimationType=None; AvatarSetup=NoAvatar; HasAvatar=False","Death","No imported/embedded animation clips detected"
"SM_DeadBody_Female_13","FBX / ModelImporter","Assets/PolygonApocalypse/Models/SM_DeadBody_Female_13.fbx","PolygonApocalypse","No","No",0,"","No","ImportAnimation=False; AnimationType=None; AvatarSetup=NoAvatar; HasAvatar=False","Death","No imported/embedded animation clips detected"
"SM_DeadBody_Female_14","FBX / ModelImporter","Assets/PolygonApocalypse/Models/SM_DeadBody_Female_14.fbx","PolygonApocalypse","No","No",0,"","No","ImportAnimation=False; AnimationType=None; AvatarSetup=NoAvatar; HasAvatar=False","Death","No imported/embedded animation clips detected"
"SM_DeadBody_Female_15","FBX / ModelImporter","Assets/PolygonApocalypse/Models/SM_DeadBody_Female_15.fbx","PolygonApocalypse","No","No",0,"","No","ImportAnimation=False; AnimationType=None; AvatarSetup=NoAvatar; HasAvatar=False","Death","No imported/embedded animation clips detected"
"SM_DeadBody_Female_16","FBX / ModelImporter","Assets/PolygonApocalypse/Models/SM_DeadBody_Female_16.fbx","PolygonApocalypse","No","No",0,"","No","ImportAnimation=False; AnimationType=None; AvatarSetup=NoAvatar; HasAvatar=False","Death","No imported/embedded animation clips detected"
"SM_DeadBody_Female_17","FBX / ModelImporter","Assets/PolygonApocalypse/Models/SM_DeadBody_Female_17.fbx","PolygonApocalypse","No","No",0,"","No","ImportAnimation=False; AnimationType=None; AvatarSetup=NoAvatar; HasAvatar=False","Death","No imported/embedded animation clips detected"
"SM_DeadBody_Female_18","FBX / ModelImporter","Assets/PolygonApocalypse/Models/SM_DeadBody_Female_18.fbx","PolygonApocalypse","No","No",0,"","No","ImportAnimation=False; AnimationType=None; AvatarSetup=NoAvatar; HasAvatar=False","Death","No imported/embedded animation clips detected"
"SM_DeadBody_Male_01","FBX / ModelImporter","Assets/PolygonApocalypse/Models/SM_DeadBody_Male_01.fbx","PolygonApocalypse","No","No",0,"","No","ImportAnimation=False; AnimationType=None; AvatarSetup=NoAvatar; HasAvatar=False","Death","No imported/embedded animation clips detected"
"SM_DeadBody_Male_02","FBX / ModelImporter","Assets/PolygonApocalypse/Models/SM_DeadBody_Male_02.fbx","PolygonApocalypse","No","No",0,"","No","ImportAnimation=False; AnimationType=None; AvatarSetup=NoAvatar; HasAvatar=False","Death","No imported/embedded animation clips detected"
"SM_DeadBody_Male_03","FBX / ModelImporter","Assets/PolygonApocalypse/Models/SM_DeadBody_Male_03.fbx","PolygonApocalypse","No","No",0,"","No","ImportAnimation=False; AnimationType=None; AvatarSetup=NoAvatar; HasAvatar=False","Death","No imported/embedded animation clips detected"
"SM_DeadBody_Male_04","FBX / ModelImporter","Assets/PolygonApocalypse/Models/SM_DeadBody_Male_04.fbx","PolygonApocalypse","No","No",0,"","No","ImportAnimation=False; AnimationType=None; AvatarSetup=NoAvatar; HasAvatar=False","Death","No imported/embedded animation clips detected"
"SM_DeadBody_Male_05","FBX / ModelImporter","Assets/PolygonApocalypse/Models/SM_DeadBody_Male_05.fbx","PolygonApocalypse","No","No",0,"","No","ImportAnimation=False; AnimationType=None; AvatarSetup=NoAvatar; HasAvatar=False","Death","No imported/embedded animation clips detected"
"SM_DeadBody_Male_06","FBX / ModelImporter","Assets/PolygonApocalypse/Models/SM_DeadBody_Male_06.fbx","PolygonApocalypse","No","No",0,"","No","ImportAnimation=False; AnimationType=None; AvatarSetup=NoAvatar; HasAvatar=False","Death","No imported/embedded animation clips detected"
"SM_DeadBody_Male_07","FBX / ModelImporter","Assets/PolygonApocalypse/Models/SM_DeadBody_Male_07.fbx","PolygonApocalypse","No","No",0,"","No","ImportAnimation=False; AnimationType=None; AvatarSetup=NoAvatar; HasAvatar=False","Death","No imported/embedded animation clips detected"
"SM_DeadBody_Male_08","FBX / ModelImporter","Assets/PolygonApocalypse/Models/SM_DeadBody_Male_08.fbx","PolygonApocalypse","No","No",0,"","No","ImportAnimation=False; AnimationType=None; AvatarSetup=NoAvatar; HasAvatar=False","Death","No imported/embedded animation clips detected"
"SM_DeadBody_Male_09","FBX / ModelImporter","Assets/PolygonApocalypse/Models/SM_DeadBody_Male_09.fbx","PolygonApocalypse","No","No",0,"","No","ImportAnimation=False; AnimationType=None; AvatarSetup=NoAvatar; HasAvatar=False","Death","No imported/embedded animation clips detected"
"SM_DeadBody_Male_10","FBX / ModelImporter","Assets/PolygonApocalypse/Models/SM_DeadBody_Male_10.fbx","PolygonApocalypse","No","No",0,"","No","ImportAnimation=False; AnimationType=None; AvatarSetup=NoAvatar; HasAvatar=False","Death","No imported/embedded animation clips detected"
"SM_DeadBody_Male_11","FBX / ModelImporter","Assets/PolygonApocalypse/Models/SM_DeadBody_Male_11.fbx","PolygonApocalypse","No","No",0,"","No","ImportAnimation=False; AnimationType=None; AvatarSetup=NoAvatar; HasAvatar=False","Death","No imported/embedded animation clips detected"
"SM_DeadBody_Male_12","FBX / ModelImporter","Assets/PolygonApocalypse/Models/SM_DeadBody_Male_12.fbx","PolygonApocalypse","No","No",0,"","No","ImportAnimation=False; AnimationType=None; AvatarSetup=NoAvatar; HasAvatar=False","Death","No imported/embedded animation clips detected"
"SM_DeadBody_Male_13","FBX / ModelImporter","Assets/PolygonApocalypse/Models/SM_DeadBody_Male_13.fbx","PolygonApocalypse","No","No",0,"","No","ImportAnimation=False; AnimationType=None; AvatarSetup=NoAvatar; HasAvatar=False","Death","No imported/embedded animation clips detected"
"SM_DeadBody_Male_14","FBX / ModelImporter","Assets/PolygonApocalypse/Models/SM_DeadBody_Male_14.fbx","PolygonApocalypse","No","No",0,"","No","ImportAnimation=False; AnimationType=None; AvatarSetup=NoAvatar; HasAvatar=False","Death","No imported/embedded animation clips detected"
"SM_DeadBody_Male_15","FBX / ModelImporter","Assets/PolygonApocalypse/Models/SM_DeadBody_Male_15.fbx","PolygonApocalypse","No","No",0,"","No","ImportAnimation=False; AnimationType=None; AvatarSetup=NoAvatar; HasAvatar=False","Death","No imported/embedded animation clips detected"
"SM_DeadBody_Male_16","FBX / ModelImporter","Assets/PolygonApocalypse/Models/SM_DeadBody_Male_16.fbx","PolygonApocalypse","No","No",0,"","No","ImportAnimation=False; AnimationType=None; AvatarSetup=NoAvatar; HasAvatar=False","Death","No imported/embedded animation clips detected"
"SM_DeadBody_Male_17","FBX / ModelImporter","Assets/PolygonApocalypse/Models/SM_DeadBody_Male_17.fbx","PolygonApocalypse","No","No",0,"","No","ImportAnimation=False; AnimationType=None; AvatarSetup=NoAvatar; HasAvatar=False","Death","No imported/embedded animation clips detected"
"SM_DeadBody_Male_18","FBX / ModelImporter","Assets/PolygonApocalypse/Models/SM_DeadBody_Male_18.fbx","PolygonApocalypse","No","No",0,"","No","ImportAnimation=False; AnimationType=None; AvatarSetup=NoAvatar; HasAvatar=False","Death","No imported/embedded animation clips detected"
"SM_DeadBody_Pile_01","FBX / ModelImporter","Assets/PolygonApocalypse/Models/SM_DeadBody_Pile_01.fbx","PolygonApocalypse","No","No",0,"","No","ImportAnimation=False; AnimationType=None; AvatarSetup=NoAvatar; HasAvatar=False","Death","No imported/embedded animation clips detected"
"SM_DeadBody_Pile_02","FBX / ModelImporter","Assets/PolygonApocalypse/Models/SM_DeadBody_Pile_02.fbx","PolygonApocalypse","No","No",0,"","No","ImportAnimation=False; AnimationType=None; AvatarSetup=NoAvatar; HasAvatar=False","Death","No imported/embedded animation clips detected"
"SM_Env_BackgroundCard_01","FBX / ModelImporter","Assets/PolygonApocalypse/Models/SM_Env_BackgroundCard_01.fbx","PolygonApocalypse","No","No",0,"","No","ImportAnimation=False; AnimationType=None; AvatarSetup=NoAvatar; HasAvatar=False","Unknown","No imported/embedded animation clips detected"
"SM_Env_BackgroundCard_02","FBX / ModelImporter","Assets/PolygonApocalypse/Models/SM_Env_BackgroundCard_02.fbx","PolygonApocalypse","No","No",0,"","No","ImportAnimation=False; AnimationType=None; AvatarSetup=NoAvatar; HasAvatar=False","Unknown","No imported/embedded animation clips detected"
"SM_Env_BackgroundCard_03","FBX / ModelImporter","Assets/PolygonApocalypse/Models/SM_Env_BackgroundCard_03.fbx","PolygonApocalypse","No","No",0,"","No","ImportAnimation=False; AnimationType=None; AvatarSetup=NoAvatar; HasAvatar=False","Unknown","No imported/embedded animation clips detected"
"SM_Env_BasketBall_Court_01","FBX / ModelImporter","Assets/PolygonApocalypse/Models/SM_Env_BasketBall_Court_01.fbx","PolygonApocalypse","No","No",0,"","No","ImportAnimation=False; AnimationType=None; AvatarSetup=NoAvatar; HasAvatar=False","Unknown","No imported/embedded animation clips detected"
"SM_Env_Beach_01","FBX / ModelImporter","Assets/PolygonApocalypse/Models/SM_Env_Beach_01.fbx","PolygonApocalypse","No","No",0,"","No","ImportAnimation=False; AnimationType=None; AvatarSetup=NoAvatar; HasAvatar=False","Unknown","No imported/embedded animation clips detected"
"SM_Env_Beach_Staight_01","FBX / ModelImporter","Assets/PolygonApocalypse/Models/SM_Env_Beach_Staight_01.fbx","PolygonApocalypse","No","No",0,"","No","ImportAnimation=False; AnimationType=None; AvatarSetup=NoAvatar; HasAvatar=False","Unknown","No imported/embedded animation clips detected"
"SM_Env_Beach_Staight_02","FBX / ModelImporter","Assets/PolygonApocalypse/Models/SM_Env_Beach_Staight_02.fbx","PolygonApocalypse","No","No",0,"","No","ImportAnimation=False; AnimationType=None; AvatarSetup=NoAvatar; HasAvatar=False","Unknown","No imported/embedded animation clips detected"
"SM_Env_Bridge_01","FBX / ModelImporter","Assets/PolygonApocalypse/Models/SM_Env_Bridge_01.fbx","PolygonApocalypse","No","No",0,"","No","ImportAnimation=False; AnimationType=None; AvatarSetup=NoAvatar; HasAvatar=False","Unknown","No imported/embedded animation clips detected"
"SM_Env_Bridge_Clean_01","FBX / ModelImporter","Assets/PolygonApocalypse/Models/SM_Env_Bridge_Clean_01.fbx","PolygonApocalypse","No","No",0,"","No","ImportAnimation=False; AnimationType=None; AvatarSetup=NoAvatar; HasAvatar=False","Unknown","No imported/embedded animation clips detected"
"SM_Env_Bridge_Clean_02","FBX / ModelImporter","Assets/PolygonApocalypse/Models/SM_Env_Bridge_Clean_02.fbx","PolygonApocalypse","No","No",0,"","No","ImportAnimation=False; AnimationType=None; AvatarSetup=NoAvatar; HasAvatar=False","Unknown","No imported/embedded animation clips detected"
"SM_Env_Bridge_Clean_03","FBX / ModelImporter","Assets/PolygonApocalypse/Models/SM_Env_Bridge_Clean_03.fbx","PolygonApocalypse","No","No",0,"","No","ImportAnimation=False; AnimationType=None; AvatarSetup=NoAvatar; HasAvatar=False","Unknown","No imported/embedded animation clips detected"
"SM_Env_Bridge_Support_01","FBX / ModelImporter","Assets/PolygonApocalypse/Models/SM_Env_Bridge_Support_01.fbx","PolygonApocalypse","No","Yes",0,"","Yes","ImportAnimation=True; AnimationType=Generic; AvatarSetup=CreateFromThisModel; HasAvatar=True","Unknown","No imported/embedded animation clips detected"
"SM_Env_Bunker_Entrance_01","FBX / ModelImporter","Assets/PolygonApocalypse/Models/SM_Env_Bunker_Entrance_01.fbx","PolygonApocalypse","No","No",0,"","No","ImportAnimation=False; AnimationType=None; AvatarSetup=NoAvatar; HasAvatar=False","Unknown","No imported/embedded animation clips detected"
"SM_Env_Bunker_Entrance_Round_01","FBX / ModelImporter","Assets/PolygonApocalypse/Models/SM_Env_Bunker_Entrance_Round_01.fbx","PolygonApocalypse","No","No",0,"","No","ImportAnimation=False; AnimationType=None; AvatarSetup=NoAvatar; HasAvatar=False","Unknown","No imported/embedded animation clips detected"
"SM_Env_Bushes_01","FBX / ModelImporter","Assets/PolygonApocalypse/Models/SM_Env_Bushes_01.fbx","PolygonApocalypse","No","No",0,"","No","ImportAnimation=False; AnimationType=None; AvatarSetup=NoAvatar; HasAvatar=False","Unknown","No imported/embedded animation clips detected"
"SM_Env_Bushes_02","FBX / ModelImporter","Assets/PolygonApocalypse/Models/SM_Env_Bushes_02.fbx","PolygonApocalypse","No","No",0,"","No","ImportAnimation=False; AnimationType=None; AvatarSetup=NoAvatar; HasAvatar=False","Unknown","No imported/embedded animation clips detected"
"SM_Env_Bushes_03","FBX / ModelImporter","Assets/PolygonApocalypse/Models/SM_Env_Bushes_03.fbx","PolygonApocalypse","No","No",0,"","No","ImportAnimation=False; AnimationType=None; AvatarSetup=NoAvatar; HasAvatar=False","Unknown","No imported/embedded animation clips detected"
"SM_Env_Bushes_04","FBX / ModelImporter","Assets/PolygonApocalypse/Models/SM_Env_Bushes_04.fbx","PolygonApocalypse","No","No",0,"","No","ImportAnimation=False; AnimationType=None; AvatarSetup=NoAvatar; HasAvatar=False","Unknown","No imported/embedded animation clips detected"
"SM_Env_Dirt_Flat_01","FBX / ModelImporter","Assets/PolygonApocalypse/Models/SM_Env_Dirt_Flat_01.fbx","PolygonApocalypse","No","No",0,"","No","ImportAnimation=False; AnimationType=None; AvatarSetup=NoAvatar; HasAvatar=False","Unknown","No imported/embedded animation clips detected"
"SM_Env_Dirt_Flat_02","FBX / ModelImporter","Assets/PolygonApocalypse/Models/SM_Env_Dirt_Flat_02.fbx","PolygonApocalypse","No","No",0,"","No","ImportAnimation=False; AnimationType=None; AvatarSetup=NoAvatar; HasAvatar=False","Unknown","No imported/embedded animation clips detected"
"SM_Env_Dirt_Slope_01","FBX / ModelImporter","Assets/PolygonApocalypse/Models/SM_Env_Dirt_Slope_01.fbx","PolygonApocalypse","No","No",0,"","No","ImportAnimation=False; AnimationType=None; AvatarSetup=NoAvatar; HasAvatar=False","Unknown","No imported/embedded animation clips detected"
"SM_Env_Dirt_Slope_02","FBX / ModelImporter","Assets/PolygonApocalypse/Models/SM_Env_Dirt_Slope_02.fbx","PolygonApocalypse","No","No",0,"","No","ImportAnimation=False; AnimationType=None; AvatarSetup=NoAvatar; HasAvatar=False","Unknown","No imported/embedded animation clips detected"
"SM_Env_Dirt_Slope_Bump_01","FBX / ModelImporter","Assets/PolygonApocalypse/Models/SM_Env_Dirt_Slope_Bump_01.fbx","PolygonApocalypse","No","No",0,"","No","ImportAnimation=False; AnimationType=None; AvatarSetup=NoAvatar; HasAvatar=False","Unknown","No imported/embedded animation clips detected"
"SM_Env_Dirt_Slope_Bump_02","FBX / ModelImporter","Assets/PolygonApocalypse/Models/SM_Env_Dirt_Slope_Bump_02.fbx","PolygonApocalypse","No","No",0,"","No","ImportAnimation=False; AnimationType=None; AvatarSetup=NoAvatar; HasAvatar=False","Unknown","No imported/embedded animation clips detected"
"SM_Env_Dirt_Slope_Corner_01","FBX / ModelImporter","Assets/PolygonApocalypse/Models/SM_Env_Dirt_Slope_Corner_01.fbx","PolygonApocalypse","No","No",0,"","No","ImportAnimation=False; AnimationType=None; AvatarSetup=NoAvatar; HasAvatar=False","Unknown","No imported/embedded animation clips detected"
"SM_Env_Dirt_Slope_Corner_02","FBX / ModelImporter","Assets/PolygonApocalypse/Models/SM_Env_Dirt_Slope_Corner_02.fbx","PolygonApocalypse","No","No",0,"","No","ImportAnimation=False; AnimationType=None; AvatarSetup=NoAvatar; HasAvatar=False","Unknown","No imported/embedded animation clips detected"
"SM_Env_DirtPile_01","FBX / ModelImporter","Assets/PolygonApocalypse/Models/SM_Env_DirtPile_01.fbx","PolygonApocalypse","No","No",0,"","No","ImportAnimation=False; AnimationType=None; AvatarSetup=NoAvatar; HasAvatar=False","Unknown","No imported/embedded animation clips detected"
"SM_Env_DirtPile_02","FBX / ModelImporter","Assets/PolygonApocalypse/Models/SM_Env_DirtPile_02.fbx","PolygonApocalypse","No","No",0,"","No","ImportAnimation=False; AnimationType=None; AvatarSetup=NoAvatar; HasAvatar=False","Unknown","No imported/embedded animation clips detected"
"SM_Env_Driveway_01","FBX / ModelImporter","Assets/PolygonApocalypse/Models/SM_Env_Driveway_01.fbx","PolygonApocalypse","No","No",0,"","No","ImportAnimation=False; AnimationType=None; AvatarSetup=NoAvatar; HasAvatar=False","Unknown","No imported/embedded animation clips detected"
"SM_Env_Driveway_PathBoth_01","FBX / ModelImporter","Assets/PolygonApocalypse/Models/SM_Env_Driveway_PathBoth_01.fbx","PolygonApocalypse","No","No",0,"","No","ImportAnimation=False; AnimationType=None; AvatarSetup=NoAvatar; HasAvatar=False","Unknown","No imported/embedded animation clips detected"
"SM_Env_Driveway_PathLeft_01","FBX / ModelImporter","Assets/PolygonApocalypse/Models/SM_Env_Driveway_PathLeft_01.fbx","PolygonApocalypse","No","No",0,"","No","ImportAnimation=False; AnimationType=None; AvatarSetup=NoAvatar; HasAvatar=False","Unknown","No imported/embedded animation clips detected"
"SM_Env_Driveway_PathRight_01","FBX / ModelImporter","Assets/PolygonApocalypse/Models/SM_Env_Driveway_PathRight_01.fbx","PolygonApocalypse","No","No",0,"","No","ImportAnimation=False; AnimationType=None; AvatarSetup=NoAvatar; HasAvatar=False","Unknown","No imported/embedded animation clips detected"
"SM_Env_Driveway_Wide_01","FBX / ModelImporter","Assets/PolygonApocalypse/Models/SM_Env_Driveway_Wide_01.fbx","PolygonApocalypse","No","No",0,"","No","ImportAnimation=False; AnimationType=None; AvatarSetup=NoAvatar; HasAvatar=False","Unknown","No imported/embedded animation clips detected"
"SM_Env_Driveway_Wide_PathBoth_01","FBX / ModelImporter","Assets/PolygonApocalypse/Models/SM_Env_Driveway_Wide_PathBoth_01.fbx","PolygonApocalypse","No","No",0,"","No","ImportAnimation=False; AnimationType=None; AvatarSetup=NoAvatar; HasAvatar=False","Unknown","No imported/embedded animation clips detected"
"SM_Env_Driveway_Wide_PathLeft_01","FBX / ModelImporter","Assets/PolygonApocalypse/Models/SM_Env_Driveway_Wide_PathLeft_01.fbx","PolygonApocalypse","No","No",0,"","No","ImportAnimation=False; AnimationType=None; AvatarSetup=NoAvatar; HasAvatar=False","Unknown","No imported/embedded animation clips detected"
"SM_Env_Driveway_Wide_PathRight_01","FBX / ModelImporter","Assets/PolygonApocalypse/Models/SM_Env_Driveway_Wide_PathRight_01.fbx","PolygonApocalypse","No","No",0,"","No","ImportAnimation=False; AnimationType=None; AvatarSetup=NoAvatar; HasAvatar=False","Unknown","No imported/embedded animation clips detected"
"SM_Env_Flowers_01","FBX / ModelImporter","Assets/PolygonApocalypse/Models/SM_Env_Flowers_01.fbx","PolygonApocalypse","No","No",0,"","No","ImportAnimation=False; AnimationType=None; AvatarSetup=NoAvatar; HasAvatar=False","Unknown","No imported/embedded animation clips detected"
"SM_Env_Flowers_02","FBX / ModelImporter","Assets/PolygonApocalypse/Models/SM_Env_Flowers_02.fbx","PolygonApocalypse","No","No",0,"","No","ImportAnimation=False; AnimationType=None; AvatarSetup=NoAvatar; HasAvatar=False","Unknown","No imported/embedded animation clips detected"
"SM_Env_Flowers_03","FBX / ModelImporter","Assets/PolygonApocalypse/Models/SM_Env_Flowers_03.fbx","PolygonApocalypse","No","No",0,"","No","ImportAnimation=False; AnimationType=None; AvatarSetup=NoAvatar; HasAvatar=False","Unknown","No imported/embedded animation clips detected"
"SM_Env_Flowers_Large_01","FBX / ModelImporter","Assets/PolygonApocalypse/Models/SM_Env_Flowers_Large_01.fbx","PolygonApocalypse","No","No",0,"","No","ImportAnimation=False; AnimationType=None; AvatarSetup=NoAvatar; HasAvatar=False","Unknown","No imported/embedded animation clips detected"
"SM_Env_Flowers_Large_02","FBX / ModelImporter","Assets/PolygonApocalypse/Models/SM_Env_Flowers_Large_02.fbx","PolygonApocalypse","No","No",0,"","No","ImportAnimation=False; AnimationType=None; AvatarSetup=NoAvatar; HasAvatar=False","Unknown","No imported/embedded animation clips detected"
"SM_Env_Flowers_Large_03","FBX / ModelImporter","Assets/PolygonApocalypse/Models/SM_Env_Flowers_Large_03.fbx","PolygonApocalypse","No","No",0,"","No","ImportAnimation=False; AnimationType=None; AvatarSetup=NoAvatar; HasAvatar=False","Unknown","No imported/embedded animation clips detected"
"SM_Env_Grass_01","FBX / ModelImporter","Assets/PolygonApocalypse/Models/SM_Env_Grass_01.fbx","PolygonApocalypse","No","No",0,"","No","ImportAnimation=False; AnimationType=None; AvatarSetup=NoAvatar; HasAvatar=False","Unknown","No imported/embedded animation clips detected"
"SM_Env_Grass_02","FBX / ModelImporter","Assets/PolygonApocalypse/Models/SM_Env_Grass_02.fbx","PolygonApocalypse","No","No",0,"","No","ImportAnimation=False; AnimationType=None; AvatarSetup=NoAvatar; HasAvatar=False","Unknown","No imported/embedded animation clips detected"
"SM_Env_Grass_Tuft_01","FBX / ModelImporter","Assets/PolygonApocalypse/Models/SM_Env_Grass_Tuft_01.fbx","PolygonApocalypse","No","No",0,"","No","ImportAnimation=False; AnimationType=None; AvatarSetup=NoAvatar; HasAvatar=False","Unknown","No imported/embedded animation clips detected"
"SM_Env_Grass_Tuft_02","FBX / ModelImporter","Assets/PolygonApocalypse/Models/SM_Env_Grass_Tuft_02.fbx","PolygonApocalypse","No","No",0,"","No","ImportAnimation=False; AnimationType=None; AvatarSetup=NoAvatar; HasAvatar=False","Unknown","No imported/embedded animation clips detected"
"SM_Env_Grass_Tuft_03","FBX / ModelImporter","Assets/PolygonApocalypse/Models/SM_Env_Grass_Tuft_03.fbx","PolygonApocalypse","No","No",0,"","No","ImportAnimation=False; AnimationType=None; AvatarSetup=NoAvatar; HasAvatar=False","Unknown","No imported/embedded animation clips detected"
"SM_Env_GrassBlob_01","FBX / ModelImporter","Assets/PolygonApocalypse/Models/SM_Env_GrassBlob_01.fbx","PolygonApocalypse","No","No",0,"","No","ImportAnimation=False; AnimationType=None; AvatarSetup=NoAvatar; HasAvatar=False","Unknown","No imported/embedded animation clips detected"
"SM_Env_GrassBlob_02","FBX / ModelImporter","Assets/PolygonApocalypse/Models/SM_Env_GrassBlob_02.fbx","PolygonApocalypse","No","No",0,"","No","ImportAnimation=False; AnimationType=None; AvatarSetup=NoAvatar; HasAvatar=False","Unknown","No imported/embedded animation clips detected"
"SM_Env_GrassBlob_03","FBX / ModelImporter","Assets/PolygonApocalypse/Models/SM_Env_GrassBlob_03.fbx","PolygonApocalypse","No","No",0,"","No","ImportAnimation=False; AnimationType=None; AvatarSetup=NoAvatar; HasAvatar=False","Unknown","No imported/embedded animation clips detected"
"SM_Env_GrassBlob_04","FBX / ModelImporter","Assets/PolygonApocalypse/Models/SM_Env_GrassBlob_04.fbx","PolygonApocalypse","No","No",0,"","No","ImportAnimation=False; AnimationType=None; AvatarSetup=NoAvatar; HasAvatar=False","Unknown","No imported/embedded animation clips detected"
"SM_Env_GrassBlob_05","FBX / ModelImporter","Assets/PolygonApocalypse/Models/SM_Env_GrassBlob_05.fbx","PolygonApocalypse","No","No",0,"","No","ImportAnimation=False; AnimationType=None; AvatarSetup=NoAvatar; HasAvatar=False","Unknown","No imported/embedded animation clips detected"
"SM_Env_GrassBlob_06","FBX / ModelImporter","Assets/PolygonApocalypse/Models/SM_Env_GrassBlob_06.fbx","PolygonApocalypse","No","No",0,"","No","ImportAnimation=False; AnimationType=None; AvatarSetup=NoAvatar; HasAvatar=False","Unknown","No imported/embedded animation clips detected"
"SM_Env_GrassBlob_07","FBX / ModelImporter","Assets/PolygonApocalypse/Models/SM_Env_GrassBlob_07.fbx","PolygonApocalypse","No","No",0,"","No","ImportAnimation=False; AnimationType=None; AvatarSetup=NoAvatar; HasAvatar=False","Unknown","No imported/embedded animation clips detected"
"SM_Env_GrassBlob_10","FBX / ModelImporter","Assets/PolygonApocalypse/Models/SM_Env_GrassBlob_10.fbx","PolygonApocalypse","No","No",0,"","No","ImportAnimation=False; AnimationType=None; AvatarSetup=NoAvatar; HasAvatar=False","Unknown","No imported/embedded animation clips detected"
"SM_Env_GrassBlob_11","FBX / ModelImporter","Assets/PolygonApocalypse/Models/SM_Env_GrassBlob_11.fbx","PolygonApocalypse","No","No",0,"","No","ImportAnimation=False; AnimationType=None; AvatarSetup=NoAvatar; HasAvatar=False","Unknown","No imported/embedded animation clips detected"
"SM_Env_GrassBlob_12","FBX / ModelImporter","Assets/PolygonApocalypse/Models/SM_Env_GrassBlob_12.fbx","PolygonApocalypse","No","No",0,"","No","ImportAnimation=False; AnimationType=None; AvatarSetup=NoAvatar; HasAvatar=False","Unknown","No imported/embedded animation clips detected"
"SM_Env_GrassBlob_13","FBX / ModelImporter","Assets/PolygonApocalypse/Models/SM_Env_GrassBlob_13.fbx","PolygonApocalypse","No","No",0,"","No","ImportAnimation=False; AnimationType=None; AvatarSetup=NoAvatar; HasAvatar=False","Unknown","No imported/embedded animation clips detected"
"SM_Env_GrassBlob_14","FBX / ModelImporter","Assets/PolygonApocalypse/Models/SM_Env_GrassBlob_14.fbx","PolygonApocalypse","No","No",0,"","No","ImportAnimation=False; AnimationType=None; AvatarSetup=NoAvatar; HasAvatar=False","Unknown","No imported/embedded animation clips detected"
"SM_Env_GrassBlob_15","FBX / ModelImporter","Assets/PolygonApocalypse/Models/SM_Env_GrassBlob_15.fbx","PolygonApocalypse","No","No",0,"","No","ImportAnimation=False; AnimationType=None; AvatarSetup=NoAvatar; HasAvatar=False","Unknown","No imported/embedded animation clips detected"
"SM_Env_GrassBlob_16","FBX / ModelImporter","Assets/PolygonApocalypse/Models/SM_Env_GrassBlob_16.fbx","PolygonApocalypse","No","No",0,"","No","ImportAnimation=False; AnimationType=None; AvatarSetup=NoAvatar; HasAvatar=False","Unknown","No imported/embedded animation clips detected"
"SM_Env_GroundLeaves_01","FBX / ModelImporter","Assets/PolygonApocalypse/Models/SM_Env_GroundLeaves_01.fbx","PolygonApocalypse","No","No",0,"","No","ImportAnimation=False; AnimationType=None; AvatarSetup=NoAvatar; HasAvatar=False","Unknown","No imported/embedded animation clips detected"
"SM_Env_GroundLeaves_02","FBX / ModelImporter","Assets/PolygonApocalypse/Models/SM_Env_GroundLeaves_02.fbx","PolygonApocalypse","No","No",0,"","No","ImportAnimation=False; AnimationType=None; AvatarSetup=NoAvatar; HasAvatar=False","Unknown","No imported/embedded animation clips detected"
"SM_Env_GroundLeaves_03","FBX / ModelImporter","Assets/PolygonApocalypse/Models/SM_Env_GroundLeaves_03.fbx","PolygonApocalypse","No","No",0,"","No","ImportAnimation=False; AnimationType=None; AvatarSetup=NoAvatar; HasAvatar=False","Unknown","No imported/embedded animation clips detected"
"SM_Env_Motorway_Bridge_Edge_01","FBX / ModelImporter","Assets/PolygonApocalypse/Models/SM_Env_Motorway_Bridge_Edge_01.fbx","PolygonApocalypse","No","No",0,"","No","ImportAnimation=False; AnimationType=None; AvatarSetup=NoAvatar; HasAvatar=False","Unknown","No imported/embedded animation clips detected"
"SM_Env_Motorway_Bridge_Edge_02","FBX / ModelImporter","Assets/PolygonApocalypse/Models/SM_Env_Motorway_Bridge_Edge_02.fbx","PolygonApocalypse","No","No",0,"","No","ImportAnimation=False; AnimationType=None; AvatarSetup=NoAvatar; HasAvatar=False","Unknown","No imported/embedded animation clips detected"
"SM_Env_Motorway_Bridge_Middle_01","FBX / ModelImporter","Assets/PolygonApocalypse/Models/SM_Env_Motorway_Bridge_Middle_01.fbx","PolygonApocalypse","No","No",0,"","No","ImportAnimation=False; AnimationType=None; AvatarSetup=NoAvatar; HasAvatar=False","Unknown","No imported/embedded animation clips detected"
"SM_Env_Motorway_Bridge_Middle_02","FBX / ModelImporter","Assets/PolygonApocalypse/Models/SM_Env_Motorway_Bridge_Middle_02.fbx","PolygonApocalypse","No","No",0,"","No","ImportAnimation=False; AnimationType=None; AvatarSetup=NoAvatar; HasAvatar=False","Unknown","No imported/embedded animation clips detected"
"SM_Env_Motorway_Edge_01","FBX / ModelImporter","Assets/PolygonApocalypse/Models/SM_Env_Motorway_Edge_01.fbx","PolygonApocalypse","No","No",0,"","No","ImportAnimation=False; AnimationType=None; AvatarSetup=NoAvatar; HasAvatar=False","Unknown","No imported/embedded animation clips detected"
"SM_Env_Motorway_Edge_Destroyed_01","FBX / ModelImporter","Assets/PolygonApocalypse/Models/SM_Env_Motorway_Edge_Destroyed_01.fbx","PolygonApocalypse","No","No",0,"","No","ImportAnimation=False; AnimationType=None; AvatarSetup=NoAvatar; HasAvatar=False","Unknown","No imported/embedded animation clips detected"
"SM_Env_Motorway_Edge_Destroyed_02","FBX / ModelImporter","Assets/PolygonApocalypse/Models/SM_Env_Motorway_Edge_Destroyed_02.fbx","PolygonApocalypse","No","No",0,"","No","ImportAnimation=False; AnimationType=None; AvatarSetup=NoAvatar; HasAvatar=False","Unknown","No imported/embedded animation clips detected"
"SM_Env_Motorway_Edge_Destroyed_03","FBX / ModelImporter","Assets/PolygonApocalypse/Models/SM_Env_Motorway_Edge_Destroyed_03.fbx","PolygonApocalypse","No","No",0,"","No","ImportAnimation=False; AnimationType=None; AvatarSetup=NoAvatar; HasAvatar=False","Unknown","No imported/embedded animation clips detected"
"SM_Env_Motorway_Middle_01","FBX / ModelImporter","Assets/PolygonApocalypse/Models/SM_Env_Motorway_Middle_01.fbx","PolygonApocalypse","No","No",0,"","No","ImportAnimation=False; AnimationType=None; AvatarSetup=NoAvatar; HasAvatar=False","Unknown","No imported/embedded animation clips detected"
"SM_Env_Motorway_Middle_Destroyed_01","FBX / ModelImporter","Assets/PolygonApocalypse/Models/SM_Env_Motorway_Middle_Destroyed_01.fbx","PolygonApocalypse","No","No",0,"","No","ImportAnimation=False; AnimationType=None; AvatarSetup=NoAvatar; HasAvatar=False","Unknown","No imported/embedded animation clips detected"
"SM_Env_Motorway_Middle_Destroyed_02","FBX / ModelImporter","Assets/PolygonApocalypse/Models/SM_Env_Motorway_Middle_Destroyed_02.fbx","PolygonApocalypse","No","No",0,"","No","ImportAnimation=False; AnimationType=None; AvatarSetup=NoAvatar; HasAvatar=False","Unknown","No imported/embedded animation clips detected"
"SM_Env_Motorway_Ramp_Edge_01","FBX / ModelImporter","Assets/PolygonApocalypse/Models/SM_Env_Motorway_Ramp_Edge_01.fbx","PolygonApocalypse","No","No",0,"","No","ImportAnimation=False; AnimationType=None; AvatarSetup=NoAvatar; HasAvatar=False","Unknown","No imported/embedded animation clips detected"
"SM_Env_Motorway_Ramp_Edge_02","FBX / ModelImporter","Assets/PolygonApocalypse/Models/SM_Env_Motorway_Ramp_Edge_02.fbx","PolygonApocalypse","No","No",0,"","No","ImportAnimation=False; AnimationType=None; AvatarSetup=NoAvatar; HasAvatar=False","Unknown","No imported/embedded animation clips detected"
"SM_Env_Motorway_Ramp_Edge_Destroyed_01","FBX / ModelImporter","Assets/PolygonApocalypse/Models/SM_Env_Motorway_Ramp_Edge_Destroyed_01.fbx","PolygonApocalypse","No","No",0,"","No","ImportAnimation=False; AnimationType=None; AvatarSetup=NoAvatar; HasAvatar=False","Unknown","No imported/embedded animation clips detected"
"SM_Env_Motorway_Ramp_Edge_Destroyed_04","FBX / ModelImporter","Assets/PolygonApocalypse/Models/SM_Env_Motorway_Ramp_Edge_Destroyed_04.fbx","PolygonApocalypse","No","No",0,"","No","ImportAnimation=False; AnimationType=None; AvatarSetup=NoAvatar; HasAvatar=False","Unknown","No imported/embedded animation clips detected"
"SM_Env_Motorway_Ramp_Middle_01","FBX / ModelImporter","Assets/PolygonApocalypse/Models/SM_Env_Motorway_Ramp_Middle_01.fbx","PolygonApocalypse","No","No",0,"","No","ImportAnimation=False; AnimationType=None; AvatarSetup=NoAvatar; HasAvatar=False","Unknown","No imported/embedded animation clips detected"
"SM_Env_Motorway_Ramp_Middle_02","FBX / ModelImporter","Assets/PolygonApocalypse/Models/SM_Env_Motorway_Ramp_Middle_02.fbx","PolygonApocalypse","No","No",0,"","No","ImportAnimation=False; AnimationType=None; AvatarSetup=NoAvatar; HasAvatar=False","Unknown","No imported/embedded animation clips detected"
"SM_Env_Motorway_Ramp_Middle_Destroyed_01","FBX / ModelImporter","Assets/PolygonApocalypse/Models/SM_Env_Motorway_Ramp_Middle_Destroyed_01.fbx","PolygonApocalypse","No","No",0,"","No","ImportAnimation=False; AnimationType=None; AvatarSetup=NoAvatar; HasAvatar=False","Unknown","No imported/embedded animation clips detected"
"SM_Env_Motorway_Ramp_Middle_Destroyed_02","FBX / ModelImporter","Assets/PolygonApocalypse/Models/SM_Env_Motorway_Ramp_Middle_Destroyed_02.fbx","PolygonApocalypse","No","No",0,"","No","ImportAnimation=False; AnimationType=None; AvatarSetup=NoAvatar; HasAvatar=False","Unknown","No imported/embedded animation clips detected"
"SM_Env_Motorway_Support_01","FBX / ModelImporter","Assets/PolygonApocalypse/Models/SM_Env_Motorway_Support_01.fbx","PolygonApocalypse","No","Yes",0,"","No","ImportAnimation=True; AnimationType=None; AvatarSetup=NoAvatar; HasAvatar=False","Unknown","No imported/embedded animation clips detected"
"SM_Env_Motorway_Tunnel_Destroyed_Left_01","FBX / ModelImporter","Assets/PolygonApocalypse/Models/SM_Env_Motorway_Tunnel_Destroyed_Left_01.fbx","PolygonApocalypse","No","No",0,"","No","ImportAnimation=False; AnimationType=None; AvatarSetup=NoAvatar; HasAvatar=False","Unknown","No imported/embedded animation clips detected"
"SM_Env_Motorway_Tunnel_Destroyed_Middle_01","FBX / ModelImporter","Assets/PolygonApocalypse/Models/SM_Env_Motorway_Tunnel_Destroyed_Middle_01.fbx","PolygonApocalypse","No","No",0,"","No","ImportAnimation=False; AnimationType=None; AvatarSetup=NoAvatar; HasAvatar=False","Unknown","No imported/embedded animation clips detected"
"SM_Env_Motorway_Tunnel_Destroyed_Right_01","FBX / ModelImporter","Assets/PolygonApocalypse/Models/SM_Env_Motorway_Tunnel_Destroyed_Right_01.fbx","PolygonApocalypse","No","No",0,"","No","ImportAnimation=False; AnimationType=None; AvatarSetup=NoAvatar; HasAvatar=False","Unknown","No imported/embedded animation clips detected"
"SM_Env_Motorway_Tunnel_Edge_01","FBX / ModelImporter","Assets/PolygonApocalypse/Models/SM_Env_Motorway_Tunnel_Edge_01.fbx","PolygonApocalypse","No","No",0,"","No","ImportAnimation=False; AnimationType=None; AvatarSetup=NoAvatar; HasAvatar=False","Unknown","No imported/embedded animation clips detected"
"SM_Env_Motorway_Tunnel_Edge_02","FBX / ModelImporter","Assets/PolygonApocalypse/Models/SM_Env_Motorway_Tunnel_Edge_02.fbx","PolygonApocalypse","No","No",0,"","No","ImportAnimation=False; AnimationType=None; AvatarSetup=NoAvatar; HasAvatar=False","Unknown","No imported/embedded animation clips detected"
"SM_Env_Motorway_Tunnel_Middle_01","FBX / ModelImporter","Assets/PolygonApocalypse/Models/SM_Env_Motorway_Tunnel_Middle_01.fbx","PolygonApocalypse","No","No",0,"","No","ImportAnimation=False; AnimationType=None; AvatarSetup=NoAvatar; HasAvatar=False","Unknown","No imported/embedded animation clips detected"
"SM_Env_Motorway_Tunnel_Middle_02","FBX / ModelImporter","Assets/PolygonApocalypse/Models/SM_Env_Motorway_Tunnel_Middle_02.fbx","PolygonApocalypse","No","No",0,"","No","ImportAnimation=False; AnimationType=None; AvatarSetup=NoAvatar; HasAvatar=False","Unknown","No imported/embedded animation clips detected"
"SM_Env_Overgrowth_01","FBX / ModelImporter","Assets/PolygonApocalypse/Models/SM_Env_Overgrowth_01.fbx","PolygonApocalypse","No","No",0,"","No","ImportAnimation=False; AnimationType=None; AvatarSetup=NoAvatar; HasAvatar=False","Unknown","No imported/embedded animation clips detected"
"SM_Env_Overgrowth_02","FBX / ModelImporter","Assets/PolygonApocalypse/Models/SM_Env_Overgrowth_02.fbx","PolygonApocalypse","No","No",0,"","No","ImportAnimation=False; AnimationType=None; AvatarSetup=NoAvatar; HasAvatar=False","Unknown","No imported/embedded animation clips detected"
"SM_Env_Overgrowth_03","FBX / ModelImporter","Assets/PolygonApocalypse/Models/SM_Env_Overgrowth_03.fbx","PolygonApocalypse","No","No",0,"","No","ImportAnimation=False; AnimationType=None; AvatarSetup=NoAvatar; HasAvatar=False","Unknown","No imported/embedded animation clips detected"
"SM_Env_Overgrowth_04","FBX / ModelImporter","Assets/PolygonApocalypse/Models/SM_Env_Overgrowth_04.fbx","PolygonApocalypse","No","No",0,"","No","ImportAnimation=False; AnimationType=None; AvatarSetup=NoAvatar; HasAvatar=False","Unknown","No imported/embedded animation clips detected"
"SM_Env_Overgrowth_05","FBX / ModelImporter","Assets/PolygonApocalypse/Models/SM_Env_Overgrowth_05.fbx","PolygonApocalypse","No","No",0,"","No","ImportAnimation=False; AnimationType=None; AvatarSetup=NoAvatar; HasAvatar=False","Unknown","No imported/embedded animation clips detected"
"SM_Env_Overgrowth_06","FBX / ModelImporter","Assets/PolygonApocalypse/Models/SM_Env_Overgrowth_06.fbx","PolygonApocalypse","No","No",0,"","No","ImportAnimation=False; AnimationType=None; AvatarSetup=NoAvatar; HasAvatar=False","Unknown","No imported/embedded animation clips detected"
"SM_Env_Overgrowth_07","FBX / ModelImporter","Assets/PolygonApocalypse/Models/SM_Env_Overgrowth_07.fbx","PolygonApocalypse","No","No",0,"","No","ImportAnimation=False; AnimationType=None; AvatarSetup=NoAvatar; HasAvatar=False","Unknown","No imported/embedded animation clips detected"
"SM_Env_Overgrowth_08","FBX / ModelImporter","Assets/PolygonApocalypse/Models/SM_Env_Overgrowth_08.fbx","PolygonApocalypse","No","No",0,"","No","ImportAnimation=False; AnimationType=None; AvatarSetup=NoAvatar; HasAvatar=False","Unknown","No imported/embedded animation clips detected"
"SM_Env_Overgrowth_09","FBX / ModelImporter","Assets/PolygonApocalypse/Models/SM_Env_Overgrowth_09.fbx","PolygonApocalypse","No","No",0,"","No","ImportAnimation=False; AnimationType=None; AvatarSetup=NoAvatar; HasAvatar=False","Unknown","No imported/embedded animation clips detected"
"SM_Env_Overgrowth_10","FBX / ModelImporter","Assets/PolygonApocalypse/Models/SM_Env_Overgrowth_10.fbx","PolygonApocalypse","No","No",0,"","No","ImportAnimation=False; AnimationType=None; AvatarSetup=NoAvatar; HasAvatar=False","Unknown","No imported/embedded animation clips detected"
"SM_Env_Overgrowth_Edge_01","FBX / ModelImporter","Assets/PolygonApocalypse/Models/SM_Env_Overgrowth_Edge_01.fbx","PolygonApocalypse","No","No",0,"","No","ImportAnimation=False; AnimationType=None; AvatarSetup=NoAvatar; HasAvatar=False","Unknown","No imported/embedded animation clips detected"
"SM_Env_Overgrowth_Edge_02","FBX / ModelImporter","Assets/PolygonApocalypse/Models/SM_Env_Overgrowth_Edge_02.fbx","PolygonApocalypse","No","No",0,"","No","ImportAnimation=False; AnimationType=None; AvatarSetup=NoAvatar; HasAvatar=False","Unknown","No imported/embedded animation clips detected"
"SM_Env_Overgrowth_Edge_03","FBX / ModelImporter","Assets/PolygonApocalypse/Models/SM_Env_Overgrowth_Edge_03.fbx","PolygonApocalypse","No","No",0,"","No","ImportAnimation=False; AnimationType=None; AvatarSetup=NoAvatar; HasAvatar=False","Unknown","No imported/embedded animation clips detected"
"SM_Env_Overgrowth_Edge_04","FBX / ModelImporter","Assets/PolygonApocalypse/Models/SM_Env_Overgrowth_Edge_04.fbx","PolygonApocalypse","No","No",0,"","No","ImportAnimation=False; AnimationType=None; AvatarSetup=NoAvatar; HasAvatar=False","Unknown","No imported/embedded animation clips detected"
"SM_Env_Overgrowth_Wall_01","FBX / ModelImporter","Assets/PolygonApocalypse/Models/SM_Env_Overgrowth_Wall_01.fbx","PolygonApocalypse","No","No",0,"","No","ImportAnimation=False; AnimationType=None; AvatarSetup=NoAvatar; HasAvatar=False","Unknown","No imported/embedded animation clips detected"
"SM_Env_Overgrowth_Wall_02","FBX / ModelImporter","Assets/PolygonApocalypse/Models/SM_Env_Overgrowth_Wall_02.fbx","PolygonApocalypse","No","No",0,"","No","ImportAnimation=False; AnimationType=None; AvatarSetup=NoAvatar; HasAvatar=False","Unknown","No imported/embedded animation clips detected"
"SM_Env_Path_01","FBX / ModelImporter","Assets/PolygonApocalypse/Models/SM_Env_Path_01.fbx","PolygonApocalypse","No","No",0,"","No","ImportAnimation=False; AnimationType=None; AvatarSetup=NoAvatar; HasAvatar=False","Unknown","No imported/embedded animation clips detected"
"SM_Env_Path_02","FBX / ModelImporter","Assets/PolygonApocalypse/Models/SM_Env_Path_02.fbx","PolygonApocalypse","No","No",0,"","No","ImportAnimation=False; AnimationType=None; AvatarSetup=NoAvatar; HasAvatar=False","Unknown","No imported/embedded animation clips detected"
"SM_Env_Path_Door_01","FBX / ModelImporter","Assets/PolygonApocalypse/Models/SM_Env_Path_Door_01.fbx","PolygonApocalypse","No","No",0,"","No","ImportAnimation=False; AnimationType=None; AvatarSetup=NoAvatar; HasAvatar=False","Unknown","No imported/embedded animation clips detected"
"SM_Env_Path_DoorLeft_01","FBX / ModelImporter","Assets/PolygonApocalypse/Models/SM_Env_Path_DoorLeft_01.fbx","PolygonApocalypse","No","No",0,"","No","ImportAnimation=False; AnimationType=None; AvatarSetup=NoAvatar; HasAvatar=False","Unknown","No imported/embedded animation clips detected"
"SM_Env_Path_DoorLeft_02","FBX / ModelImporter","Assets/PolygonApocalypse/Models/SM_Env_Path_DoorLeft_02.fbx","PolygonApocalypse","No","No",0,"","No","ImportAnimation=False; AnimationType=None; AvatarSetup=NoAvatar; HasAvatar=False","Unknown","No imported/embedded animation clips detected"
"SM_Env_PathRight_01","FBX / ModelImporter","Assets/PolygonApocalypse/Models/SM_Env_PathRight_01.fbx","PolygonApocalypse","No","No",0,"","No","ImportAnimation=False; AnimationType=None; AvatarSetup=NoAvatar; HasAvatar=False","Unknown","No imported/embedded animation clips detected"
"SM_Env_Road_01","FBX / ModelImporter","Assets/PolygonApocalypse/Models/SM_Env_Road_01.fbx","PolygonApocalypse","No","No",0,"","No","ImportAnimation=False; AnimationType=None; AvatarSetup=NoAvatar; HasAvatar=False","Unknown","No imported/embedded animation clips detected"
"SM_Env_Road_02","FBX / ModelImporter","Assets/PolygonApocalypse/Models/SM_Env_Road_02.fbx","PolygonApocalypse","No","No",0,"","No","ImportAnimation=False; AnimationType=None; AvatarSetup=NoAvatar; HasAvatar=False","Unknown","No imported/embedded animation clips detected"
"SM_Env_Road_03","FBX / ModelImporter","Assets/PolygonApocalypse/Models/SM_Env_Road_03.fbx","PolygonApocalypse","No","No",0,"","No","ImportAnimation=False; AnimationType=None; AvatarSetup=NoAvatar; HasAvatar=False","Unknown","No imported/embedded animation clips detected"
"SM_Env_Road_04","FBX / ModelImporter","Assets/PolygonApocalypse/Models/SM_Env_Road_04.fbx","PolygonApocalypse","No","No",0,"","No","ImportAnimation=False; AnimationType=None; AvatarSetup=NoAvatar; HasAvatar=False","Unknown","No imported/embedded animation clips detected"
"SM_Env_Road_Arrow_01","FBX / ModelImporter","Assets/PolygonApocalypse/Models/SM_Env_Road_Arrow_01.fbx","PolygonApocalypse","No","No",0,"","No","ImportAnimation=False; AnimationType=None; AvatarSetup=NoAvatar; HasAvatar=False","Unknown","No imported/embedded animation clips detected"
"SM_Env_Road_Arrow_02","FBX / ModelImporter","Assets/PolygonApocalypse/Models/SM_Env_Road_Arrow_02.fbx","PolygonApocalypse","No","No",0,"","No","ImportAnimation=False; AnimationType=None; AvatarSetup=NoAvatar; HasAvatar=False","Unknown","No imported/embedded animation clips detected"
"SM_Env_Road_Bare_01","FBX / ModelImporter","Assets/PolygonApocalypse/Models/SM_Env_Road_Bare_01.fbx","PolygonApocalypse","No","No",0,"","No","ImportAnimation=False; AnimationType=None; AvatarSetup=NoAvatar; HasAvatar=False","Unknown","No imported/embedded animation clips detected"
"SM_Env_Road_BridgeRamp_01","FBX / ModelImporter","Assets/PolygonApocalypse/Models/SM_Env_Road_BridgeRamp_01.fbx","PolygonApocalypse","No","No",0,"","No","ImportAnimation=False; AnimationType=None; AvatarSetup=NoAvatar; HasAvatar=False","Unknown","No imported/embedded animation clips detected"
"SM_Env_Road_BridgeRamp_02","FBX / ModelImporter","Assets/PolygonApocalypse/Models/SM_Env_Road_BridgeRamp_02.fbx","PolygonApocalypse","No","No",0,"","No","ImportAnimation=False; AnimationType=None; AvatarSetup=NoAvatar; HasAvatar=False","Unknown","No imported/embedded animation clips detected"
"SM_Env_Road_Corner_End_02","FBX / ModelImporter","Assets/PolygonApocalypse/Models/SM_Env_Road_Corner_End_02.fbx","PolygonApocalypse","No","No",0,"","No","ImportAnimation=False; AnimationType=None; AvatarSetup=NoAvatar; HasAvatar=False","Unknown","No imported/embedded animation clips detected"
"SM_Env_Road_Crossing_01","FBX / ModelImporter","Assets/PolygonApocalypse/Models/SM_Env_Road_Crossing_01.fbx","PolygonApocalypse","No","No",0,"","No","ImportAnimation=False; AnimationType=None; AvatarSetup=NoAvatar; HasAvatar=False","Unknown","No imported/embedded animation clips detected"
"SM_Env_Road_Crossing_02","FBX / ModelImporter","Assets/PolygonApocalypse/Models/SM_Env_Road_Crossing_02.fbx","PolygonApocalypse","No","No",0,"","No","ImportAnimation=False; AnimationType=None; AvatarSetup=NoAvatar; HasAvatar=False","Unknown","No imported/embedded animation clips detected"
"SM_Env_Road_Crossing_03","FBX / ModelImporter","Assets/PolygonApocalypse/Models/SM_Env_Road_Crossing_03.fbx","PolygonApocalypse","No","No",0,"","No","ImportAnimation=False; AnimationType=None; AvatarSetup=NoAvatar; HasAvatar=False","Unknown","No imported/embedded animation clips detected"
"SM_Env_Road_Dirt_Straight_01","FBX / ModelImporter","Assets/PolygonApocalypse/Models/SM_Env_Road_Dirt_Straight_01.fbx","PolygonApocalypse","No","Yes",0,"","Yes","ImportAnimation=True; AnimationType=Generic; AvatarSetup=CreateFromThisModel; HasAvatar=True","Unknown","No imported/embedded animation clips detected"
"SM_Env_Road_Lines_01","FBX / ModelImporter","Assets/PolygonApocalypse/Models/SM_Env_Road_Lines_01.fbx","PolygonApocalypse","No","No",0,"","No","ImportAnimation=False; AnimationType=None; AvatarSetup=NoAvatar; HasAvatar=False","Unknown","No imported/embedded animation clips detected"
"SM_Env_Road_Lines_02","FBX / ModelImporter","Assets/PolygonApocalypse/Models/SM_Env_Road_Lines_02.fbx","PolygonApocalypse","No","No",0,"","No","ImportAnimation=False; AnimationType=None; AvatarSetup=NoAvatar; HasAvatar=False","Unknown","No imported/embedded animation clips detected"
"SM_Env_Road_Median_01","FBX / ModelImporter","Assets/PolygonApocalypse/Models/SM_Env_Road_Median_01.fbx","PolygonApocalypse","No","No",0,"","No","ImportAnimation=False; AnimationType=None; AvatarSetup=NoAvatar; HasAvatar=False","Unknown","No imported/embedded animation clips detected"
"SM_Env_Road_Median_02","FBX / ModelImporter","Assets/PolygonApocalypse/Models/SM_Env_Road_Median_02.fbx","PolygonApocalypse","No","No",0,"","No","ImportAnimation=False; AnimationType=None; AvatarSetup=NoAvatar; HasAvatar=False","Unknown","No imported/embedded animation clips detected"
"SM_Env_Road_Parking_01","FBX / ModelImporter","Assets/PolygonApocalypse/Models/SM_Env_Road_Parking_01.fbx","PolygonApocalypse","No","No",0,"","No","ImportAnimation=False; AnimationType=None; AvatarSetup=NoAvatar; HasAvatar=False","Unknown","No imported/embedded animation clips detected"
"SM_Env_Road_Parking_02","FBX / ModelImporter","Assets/PolygonApocalypse/Models/SM_Env_Road_Parking_02.fbx","PolygonApocalypse","No","No",0,"","No","ImportAnimation=False; AnimationType=None; AvatarSetup=NoAvatar; HasAvatar=False","Unknown","No imported/embedded animation clips detected"
"SM_Env_Road_ParkingLines_01","FBX / ModelImporter","Assets/PolygonApocalypse/Models/SM_Env_Road_ParkingLines_01.fbx","PolygonApocalypse","No","No",0,"","No","ImportAnimation=False; AnimationType=None; AvatarSetup=NoAvatar; HasAvatar=False","Unknown","No imported/embedded animation clips detected"
"SM_Env_Road_Patch_01","FBX / ModelImporter","Assets/PolygonApocalypse/Models/SM_Env_Road_Patch_01.fbx","PolygonApocalypse","No","No",0,"","No","ImportAnimation=False; AnimationType=None; AvatarSetup=NoAvatar; HasAvatar=False","Unknown","No imported/embedded animation clips detected"
"SM_Env_Road_SpeedBump_01","FBX / ModelImporter","Assets/PolygonApocalypse/Models/SM_Env_Road_SpeedBump_01.fbx","PolygonApocalypse","No","No",0,"","No","ImportAnimation=False; AnimationType=None; AvatarSetup=NoAvatar; HasAvatar=False","Unknown","No imported/embedded animation clips detected"
"SM_Env_Road_YellowLines_01","FBX / ModelImporter","Assets/PolygonApocalypse/Models/SM_Env_Road_YellowLines_01.fbx","PolygonApocalypse","No","No",0,"","No","ImportAnimation=False; AnimationType=None; AvatarSetup=NoAvatar; HasAvatar=False","Unknown","No imported/embedded animation clips detected"
"SM_Env_Road_YellowLines_02","FBX / ModelImporter","Assets/PolygonApocalypse/Models/SM_Env_Road_YellowLines_02.fbx","PolygonApocalypse","No","No",0,"","No","ImportAnimation=False; AnimationType=None; AvatarSetup=NoAvatar; HasAvatar=False","Unknown","No imported/embedded animation clips detected"
"SM_Env_RoadPiece_Damaged_01","FBX / ModelImporter","Assets/PolygonApocalypse/Models/SM_Env_RoadPiece_Damaged_01.fbx","PolygonApocalypse","No","No",0,"","No","ImportAnimation=False; AnimationType=None; AvatarSetup=NoAvatar; HasAvatar=False","Hit","No imported/embedded animation clips detected"
"SM_Env_RoadPiece_Damaged_02","FBX / ModelImporter","Assets/PolygonApocalypse/Models/SM_Env_RoadPiece_Damaged_02.fbx","PolygonApocalypse","No","No",0,"","No","ImportAnimation=False; AnimationType=None; AvatarSetup=NoAvatar; HasAvatar=False","Hit","No imported/embedded animation clips detected"
"SM_Env_RoadPiece_Damaged_03","FBX / ModelImporter","Assets/PolygonApocalypse/Models/SM_Env_RoadPiece_Damaged_03.fbx","PolygonApocalypse","No","No",0,"","No","ImportAnimation=False; AnimationType=None; AvatarSetup=NoAvatar; HasAvatar=False","Hit","No imported/embedded animation clips detected"
"SM_Env_RoadPiece_Damaged_04","FBX / ModelImporter","Assets/PolygonApocalypse/Models/SM_Env_RoadPiece_Damaged_04.fbx","PolygonApocalypse","No","No",0,"","No","ImportAnimation=False; AnimationType=None; AvatarSetup=NoAvatar; HasAvatar=False","Hit","No imported/embedded animation clips detected"
"SM_Env_RoadPiece_Damaged_05","FBX / ModelImporter","Assets/PolygonApocalypse/Models/SM_Env_RoadPiece_Damaged_05.fbx","PolygonApocalypse","No","No",0,"","No","ImportAnimation=False; AnimationType=None; AvatarSetup=NoAvatar; HasAvatar=False","Hit","No imported/embedded animation clips detected"
"SM_Env_RoadPiece_Damaged_07","FBX / ModelImporter","Assets/PolygonApocalypse/Models/SM_Env_RoadPiece_Damaged_07.fbx","PolygonApocalypse","No","No",0,"","No","ImportAnimation=False; AnimationType=None; AvatarSetup=NoAvatar; HasAvatar=False","Hit","No imported/embedded animation clips detected"
"SM_Env_RoadPiece_Damaged_08","FBX / ModelImporter","Assets/PolygonApocalypse/Models/SM_Env_RoadPiece_Damaged_08.fbx","PolygonApocalypse","No","No",0,"","No","ImportAnimation=False; AnimationType=None; AvatarSetup=NoAvatar; HasAvatar=False","Hit","No imported/embedded animation clips detected"
"SM_Env_RoadPiece_Damaged_09","FBX / ModelImporter","Assets/PolygonApocalypse/Models/SM_Env_RoadPiece_Damaged_09.fbx","PolygonApocalypse","No","No",0,"","No","ImportAnimation=False; AnimationType=None; AvatarSetup=NoAvatar; HasAvatar=False","Hit","No imported/embedded animation clips detected"
"SM_Env_RoadPiece_Damaged_10","FBX / ModelImporter","Assets/PolygonApocalypse/Models/SM_Env_RoadPiece_Damaged_10.fbx","PolygonApocalypse","No","No",0,"","No","ImportAnimation=False; AnimationType=None; AvatarSetup=NoAvatar; HasAvatar=False","Hit","No imported/embedded animation clips detected"
"SM_Env_RoadPiece_Damaged_11","FBX / ModelImporter","Assets/PolygonApocalypse/Models/SM_Env_RoadPiece_Damaged_11.fbx","PolygonApocalypse","No","No",0,"","No","ImportAnimation=False; AnimationType=None; AvatarSetup=NoAvatar; HasAvatar=False","Hit","No imported/embedded animation clips detected"
"SM_Env_RoadPiece_Damaged_12","FBX / ModelImporter","Assets/PolygonApocalypse/Models/SM_Env_RoadPiece_Damaged_12.fbx","PolygonApocalypse","No","No",0,"","No","ImportAnimation=False; AnimationType=None; AvatarSetup=NoAvatar; HasAvatar=False","Hit","No imported/embedded animation clips detected"
"SM_Env_RoadPiece_Damaged_13","FBX / ModelImporter","Assets/PolygonApocalypse/Models/SM_Env_RoadPiece_Damaged_13.fbx","PolygonApocalypse","No","No",0,"","No","ImportAnimation=False; AnimationType=None; AvatarSetup=NoAvatar; HasAvatar=False","Hit","No imported/embedded animation clips detected"
"SM_Env_Rock_01","FBX / ModelImporter","Assets/PolygonApocalypse/Models/SM_Env_Rock_01.fbx","PolygonApocalypse","No","No",0,"","No","ImportAnimation=False; AnimationType=None; AvatarSetup=NoAvatar; HasAvatar=False","Unknown","No imported/embedded animation clips detected"
"SM_Env_Rock_02","FBX / ModelImporter","Assets/PolygonApocalypse/Models/SM_Env_Rock_02.fbx","PolygonApocalypse","No","No",0,"","No","ImportAnimation=False; AnimationType=None; AvatarSetup=NoAvatar; HasAvatar=False","Unknown","No imported/embedded animation clips detected"
"SM_Env_Rock_03","FBX / ModelImporter","Assets/PolygonApocalypse/Models/SM_Env_Rock_03.fbx","PolygonApocalypse","No","No",0,"","No","ImportAnimation=False; AnimationType=None; AvatarSetup=NoAvatar; HasAvatar=False","Unknown","No imported/embedded animation clips detected"
"SM_Env_Rubble_Pebbles_01","FBX / ModelImporter","Assets/PolygonApocalypse/Models/SM_Env_Rubble_Pebbles_01.fbx","PolygonApocalypse","No","No",0,"","No","ImportAnimation=False; AnimationType=None; AvatarSetup=NoAvatar; HasAvatar=False","Unknown","No imported/embedded animation clips detected"
"SM_Env_Rubble_Pebbles_02","FBX / ModelImporter","Assets/PolygonApocalypse/Models/SM_Env_Rubble_Pebbles_02.fbx","PolygonApocalypse","No","No",0,"","No","ImportAnimation=False; AnimationType=None; AvatarSetup=NoAvatar; HasAvatar=False","Unknown","No imported/embedded animation clips detected"
"SM_Env_Rubble_Pebbles_03","FBX / ModelImporter","Assets/PolygonApocalypse/Models/SM_Env_Rubble_Pebbles_03.fbx","PolygonApocalypse","No","No",0,"","No","ImportAnimation=False; AnimationType=None; AvatarSetup=NoAvatar; HasAvatar=False","Unknown","No imported/embedded animation clips detected"
"SM_Env_SemiCircle_01","FBX / ModelImporter","Assets/PolygonApocalypse/Models/SM_Env_SemiCircle_01.fbx","PolygonApocalypse","No","No",0,"","No","ImportAnimation=False; AnimationType=None; AvatarSetup=NoAvatar; HasAvatar=False","Unknown","No imported/embedded animation clips detected"
"SM_Env_Sidewalk_01","FBX / ModelImporter","Assets/PolygonApocalypse/Models/SM_Env_Sidewalk_01.fbx","PolygonApocalypse","No","No",0,"","No","ImportAnimation=False; AnimationType=None; AvatarSetup=NoAvatar; HasAvatar=False","Walk","No imported/embedded animation clips detected"
"SM_Env_Sidewalk_02","FBX / ModelImporter","Assets/PolygonApocalypse/Models/SM_Env_Sidewalk_02.fbx","PolygonApocalypse","No","No",0,"","No","ImportAnimation=False; AnimationType=None; AvatarSetup=NoAvatar; HasAvatar=False","Walk","No imported/embedded animation clips detected"
"SM_Env_Sidewalk_Construction_01","FBX / ModelImporter","Assets/PolygonApocalypse/Models/SM_Env_Sidewalk_Construction_01.fbx","PolygonApocalypse","No","No",0,"","No","ImportAnimation=False; AnimationType=None; AvatarSetup=NoAvatar; HasAvatar=False","Walk","No imported/embedded animation clips detected"
"SM_Env_Sidewalk_Corner_01","FBX / ModelImporter","Assets/PolygonApocalypse/Models/SM_Env_Sidewalk_Corner_01.fbx","PolygonApocalypse","No","No",0,"","No","ImportAnimation=False; AnimationType=None; AvatarSetup=NoAvatar; HasAvatar=False","Walk","No imported/embedded animation clips detected"
"SM_Env_Sidewalk_Corner_02","FBX / ModelImporter","Assets/PolygonApocalypse/Models/SM_Env_Sidewalk_Corner_02.fbx","PolygonApocalypse","No","No",0,"","No","ImportAnimation=False; AnimationType=None; AvatarSetup=NoAvatar; HasAvatar=False","Walk","No imported/embedded animation clips detected"
"SM_Env_Sidewalk_Corner_03","FBX / ModelImporter","Assets/PolygonApocalypse/Models/SM_Env_Sidewalk_Corner_03.fbx","PolygonApocalypse","No","No",0,"","No","ImportAnimation=False; AnimationType=None; AvatarSetup=NoAvatar; HasAvatar=False","Walk","No imported/embedded animation clips detected"
"SM_Env_Sidewalk_Corner_04","FBX / ModelImporter","Assets/PolygonApocalypse/Models/SM_Env_Sidewalk_Corner_04.fbx","PolygonApocalypse","No","No",0,"","No","ImportAnimation=False; AnimationType=None; AvatarSetup=NoAvatar; HasAvatar=False","Walk","No imported/embedded animation clips detected"
"SM_Env_Sidewalk_Corner_05","FBX / ModelImporter","Assets/PolygonApocalypse/Models/SM_Env_Sidewalk_Corner_05.fbx","PolygonApocalypse","No","No",0,"","No","ImportAnimation=False; AnimationType=None; AvatarSetup=NoAvatar; HasAvatar=False","Walk","No imported/embedded animation clips detected"
"SM_Env_Sidewalk_Corner_07","FBX / ModelImporter","Assets/PolygonApocalypse/Models/SM_Env_Sidewalk_Corner_07.fbx","PolygonApocalypse","No","No",0,"","No","ImportAnimation=False; AnimationType=None; AvatarSetup=NoAvatar; HasAvatar=False","Walk","No imported/embedded animation clips detected"
"SM_Env_Sidewalk_Corner_08","FBX / ModelImporter","Assets/PolygonApocalypse/Models/SM_Env_Sidewalk_Corner_08.fbx","PolygonApocalypse","No","No",0,"","No","ImportAnimation=False; AnimationType=None; AvatarSetup=NoAvatar; HasAvatar=False","Walk","No imported/embedded animation clips detected"
"SM_Env_Sidewalk_Corner_09","FBX / ModelImporter","Assets/PolygonApocalypse/Models/SM_Env_Sidewalk_Corner_09.fbx","PolygonApocalypse","No","No",0,"","No","ImportAnimation=False; AnimationType=None; AvatarSetup=NoAvatar; HasAvatar=False","Walk","No imported/embedded animation clips detected"
"SM_Env_Sidewalk_Corner_10","FBX / ModelImporter","Assets/PolygonApocalypse/Models/SM_Env_Sidewalk_Corner_10.fbx","PolygonApocalypse","No","No",0,"","No","ImportAnimation=False; AnimationType=None; AvatarSetup=NoAvatar; HasAvatar=False","Walk","No imported/embedded animation clips detected"
"SM_Env_Sidewalk_Corner_End_01","FBX / ModelImporter","Assets/PolygonApocalypse/Models/SM_Env_Sidewalk_Corner_End_01.fbx","PolygonApocalypse","No","No",0,"","No","ImportAnimation=False; AnimationType=None; AvatarSetup=NoAvatar; HasAvatar=False","Walk","No imported/embedded animation clips detected"
"SM_Env_Sidewalk_Corner_End_02","FBX / ModelImporter","Assets/PolygonApocalypse/Models/SM_Env_Sidewalk_Corner_End_02.fbx","PolygonApocalypse","No","No",0,"","No","ImportAnimation=False; AnimationType=None; AvatarSetup=NoAvatar; HasAvatar=False","Walk","No imported/embedded animation clips detected"
"SM_Env_Sidewalk_Corner_End_03","FBX / ModelImporter","Assets/PolygonApocalypse/Models/SM_Env_Sidewalk_Corner_End_03.fbx","PolygonApocalypse","No","No",0,"","No","ImportAnimation=False; AnimationType=None; AvatarSetup=NoAvatar; HasAvatar=False","Walk","No imported/embedded animation clips detected"
"SM_Env_Sidewalk_Crossing_01","FBX / ModelImporter","Assets/PolygonApocalypse/Models/SM_Env_Sidewalk_Crossing_01.fbx","PolygonApocalypse","No","No",0,"","No","ImportAnimation=False; AnimationType=None; AvatarSetup=NoAvatar; HasAvatar=False","Walk","No imported/embedded animation clips detected"
"SM_Env_Sidewalk_Crossing_02","FBX / ModelImporter","Assets/PolygonApocalypse/Models/SM_Env_Sidewalk_Crossing_02.fbx","PolygonApocalypse","No","No",0,"","No","ImportAnimation=False; AnimationType=None; AvatarSetup=NoAvatar; HasAvatar=False","Walk","No imported/embedded animation clips detected"
"SM_Env_Sidewalk_Dip_01","FBX / ModelImporter","Assets/PolygonApocalypse/Models/SM_Env_Sidewalk_Dip_01.fbx","PolygonApocalypse","No","No",0,"","No","ImportAnimation=False; AnimationType=None; AvatarSetup=NoAvatar; HasAvatar=False","Walk","No imported/embedded animation clips detected"
"SM_Env_Sidewalk_Dip_Corner_01","FBX / ModelImporter","Assets/PolygonApocalypse/Models/SM_Env_Sidewalk_Dip_Corner_01.fbx","PolygonApocalypse","No","No",0,"","No","ImportAnimation=False; AnimationType=None; AvatarSetup=NoAvatar; HasAvatar=False","Walk","No imported/embedded animation clips detected"
"SM_Env_Sidewalk_Driveway_01","FBX / ModelImporter","Assets/PolygonApocalypse/Models/SM_Env_Sidewalk_Driveway_01.fbx","PolygonApocalypse","No","No",0,"","No","ImportAnimation=False; AnimationType=None; AvatarSetup=NoAvatar; HasAvatar=False","Walk","No imported/embedded animation clips detected"
"SM_Env_Sidewalk_Driveway_Wide_01","FBX / ModelImporter","Assets/PolygonApocalypse/Models/SM_Env_Sidewalk_Driveway_Wide_01.fbx","PolygonApocalypse","No","No",0,"","No","ImportAnimation=False; AnimationType=None; AvatarSetup=NoAvatar; HasAvatar=False","Walk","No imported/embedded animation clips detected"
"SM_Env_Sidewalk_Edge_01","FBX / ModelImporter","Assets/PolygonApocalypse/Models/SM_Env_Sidewalk_Edge_01.fbx","PolygonApocalypse","No","No",0,"","No","ImportAnimation=False; AnimationType=None; AvatarSetup=NoAvatar; HasAvatar=False","Walk","No imported/embedded animation clips detected"
"SM_Env_Sidewalk_Edge_Corner_01","FBX / ModelImporter","Assets/PolygonApocalypse/Models/SM_Env_Sidewalk_Edge_Corner_01.fbx","PolygonApocalypse","No","No",0,"","No","ImportAnimation=False; AnimationType=None; AvatarSetup=NoAvatar; HasAvatar=False","Walk","No imported/embedded animation clips detected"
"SM_Env_Sidewalk_Grate_01","FBX / ModelImporter","Assets/PolygonApocalypse/Models/SM_Env_Sidewalk_Grate_01.fbx","PolygonApocalypse","No","No",0,"","No","ImportAnimation=False; AnimationType=None; AvatarSetup=NoAvatar; HasAvatar=False","Walk","No imported/embedded animation clips detected"
"SM_Env_Sidewalk_Grate_02","FBX / ModelImporter","Assets/PolygonApocalypse/Models/SM_Env_Sidewalk_Grate_02.fbx","PolygonApocalypse","No","No",0,"","No","ImportAnimation=False; AnimationType=None; AvatarSetup=NoAvatar; HasAvatar=False","Walk","No imported/embedded animation clips detected"
"SM_Env_Sidewalk_Gutter_01","FBX / ModelImporter","Assets/PolygonApocalypse/Models/SM_Env_Sidewalk_Gutter_01.fbx","PolygonApocalypse","No","No",0,"","No","ImportAnimation=False; AnimationType=None; AvatarSetup=NoAvatar; HasAvatar=False","Walk","No imported/embedded animation clips detected"
"SM_Env_Sidewalk_Merger_01","FBX / ModelImporter","Assets/PolygonApocalypse/Models/SM_Env_Sidewalk_Merger_01.fbx","PolygonApocalypse","No","No",0,"","No","ImportAnimation=False; AnimationType=None; AvatarSetup=NoAvatar; HasAvatar=False","Walk","No imported/embedded animation clips detected"
"SM_Env_Sidewalk_Overgrown_01","FBX / ModelImporter","Assets/PolygonApocalypse/Models/SM_Env_Sidewalk_Overgrown_01.fbx","PolygonApocalypse","No","No",0,"","No","ImportAnimation=False; AnimationType=None; AvatarSetup=NoAvatar; HasAvatar=False","Walk","No imported/embedded animation clips detected"
"SM_Env_Sidewalk_Overgrown_02","FBX / ModelImporter","Assets/PolygonApocalypse/Models/SM_Env_Sidewalk_Overgrown_02.fbx","PolygonApocalypse","No","No",0,"","No","ImportAnimation=False; AnimationType=None; AvatarSetup=NoAvatar; HasAvatar=False","Walk","No imported/embedded animation clips detected"
"SM_Env_Sidewalk_Overgrown_03","FBX / ModelImporter","Assets/PolygonApocalypse/Models/SM_Env_Sidewalk_Overgrown_03.fbx","PolygonApocalypse","No","No",0,"","No","ImportAnimation=False; AnimationType=None; AvatarSetup=NoAvatar; HasAvatar=False","Walk","No imported/embedded animation clips detected"
"SM_Env_Sidewalk_Panel_01","FBX / ModelImporter","Assets/PolygonApocalypse/Models/SM_Env_Sidewalk_Panel_01.fbx","PolygonApocalypse","No","No",0,"","No","ImportAnimation=False; AnimationType=None; AvatarSetup=NoAvatar; HasAvatar=False","Walk","No imported/embedded animation clips detected"
"SM_Env_Sidewalk_Panel_02","FBX / ModelImporter","Assets/PolygonApocalypse/Models/SM_Env_Sidewalk_Panel_02.fbx","PolygonApocalypse","No","No",0,"","No","ImportAnimation=False; AnimationType=None; AvatarSetup=NoAvatar; HasAvatar=False","Walk","No imported/embedded animation clips detected"
"SM_Env_Sidewalk_Straight_01","FBX / ModelImporter","Assets/PolygonApocalypse/Models/SM_Env_Sidewalk_Straight_01.fbx","PolygonApocalypse","No","No",0,"","No","ImportAnimation=False; AnimationType=None; AvatarSetup=NoAvatar; HasAvatar=False","Walk","No imported/embedded animation clips detected"
"SM_Env_Sidewalk_Straight_02","FBX / ModelImporter","Assets/PolygonApocalypse/Models/SM_Env_Sidewalk_Straight_02.fbx","PolygonApocalypse","No","No",0,"","No","ImportAnimation=False; AnimationType=None; AvatarSetup=NoAvatar; HasAvatar=False","Walk","No imported/embedded animation clips detected"
"SM_Env_Sidewalk_Straight_03","FBX / ModelImporter","Assets/PolygonApocalypse/Models/SM_Env_Sidewalk_Straight_03.fbx","PolygonApocalypse","No","No",0,"","No","ImportAnimation=False; AnimationType=None; AvatarSetup=NoAvatar; HasAvatar=False","Walk","No imported/embedded animation clips detected"
"SM_Env_Sidewalk_Straight_04","FBX / ModelImporter","Assets/PolygonApocalypse/Models/SM_Env_Sidewalk_Straight_04.fbx","PolygonApocalypse","No","No",0,"","No","ImportAnimation=False; AnimationType=None; AvatarSetup=NoAvatar; HasAvatar=False","Walk","No imported/embedded animation clips detected"
"SM_Env_Sidewalk_Straight_08","FBX / ModelImporter","Assets/PolygonApocalypse/Models/SM_Env_Sidewalk_Straight_08.fbx","PolygonApocalypse","No","No",0,"","No","ImportAnimation=False; AnimationType=None; AvatarSetup=NoAvatar; HasAvatar=False","Walk","No imported/embedded animation clips detected"
"SM_Env_Sidewalk_Straight_09","FBX / ModelImporter","Assets/PolygonApocalypse/Models/SM_Env_Sidewalk_Straight_09.fbx","PolygonApocalypse","No","No",0,"","No","ImportAnimation=False; AnimationType=None; AvatarSetup=NoAvatar; HasAvatar=False","Walk","No imported/embedded animation clips detected"
"SM_Env_Sidewalk_Straight_10","FBX / ModelImporter","Assets/PolygonApocalypse/Models/SM_Env_Sidewalk_Straight_10.fbx","PolygonApocalypse","No","No",0,"","No","ImportAnimation=False; AnimationType=None; AvatarSetup=NoAvatar; HasAvatar=False","Walk","No imported/embedded animation clips detected"
"SM_Env_Sidewalk_Straight_Path_01","FBX / ModelImporter","Assets/PolygonApocalypse/Models/SM_Env_Sidewalk_Straight_Path_01.fbx","PolygonApocalypse","No","No",0,"","No","ImportAnimation=False; AnimationType=None; AvatarSetup=NoAvatar; HasAvatar=False","Walk","No imported/embedded animation clips detected"
"SM_Env_StormCanal_Bridge_01","FBX / ModelImporter","Assets/PolygonApocalypse/Models/SM_Env_StormCanal_Bridge_01.fbx","PolygonApocalypse","No","No",0,"","No","ImportAnimation=False; AnimationType=None; AvatarSetup=NoAvatar; HasAvatar=False","Unknown","No imported/embedded animation clips detected"
"SM_Env_StormCanal_Bridge_02","FBX / ModelImporter","Assets/PolygonApocalypse/Models/SM_Env_StormCanal_Bridge_02.fbx","PolygonApocalypse","No","No",0,"","No","ImportAnimation=False; AnimationType=None; AvatarSetup=NoAvatar; HasAvatar=False","Unknown","No imported/embedded animation clips detected"
"SM_Env_StormCanal_Bridge_Pillar_01","FBX / ModelImporter","Assets/PolygonApocalypse/Models/SM_Env_StormCanal_Bridge_Pillar_01.fbx","PolygonApocalypse","No","No",0,"","No","ImportAnimation=False; AnimationType=None; AvatarSetup=NoAvatar; HasAvatar=False","Unknown","No imported/embedded animation clips detected"
"SM_Env_StormCanal_Bridge_Square_01","FBX / ModelImporter","Assets/PolygonApocalypse/Models/SM_Env_StormCanal_Bridge_Square_01.fbx","PolygonApocalypse","No","No",0,"","No","ImportAnimation=False; AnimationType=None; AvatarSetup=NoAvatar; HasAvatar=False","Unknown","No imported/embedded animation clips detected"
"SM_Env_StormCanal_Corner_01","FBX / ModelImporter","Assets/PolygonApocalypse/Models/SM_Env_StormCanal_Corner_01.fbx","PolygonApocalypse","No","No",0,"","No","ImportAnimation=False; AnimationType=None; AvatarSetup=NoAvatar; HasAvatar=False","Unknown","No imported/embedded animation clips detected"
"SM_Env_StormCanal_Corner_Concave_01","FBX / ModelImporter","Assets/PolygonApocalypse/Models/SM_Env_StormCanal_Corner_Concave_01.fbx","PolygonApocalypse","No","No",0,"","No","ImportAnimation=False; AnimationType=None; AvatarSetup=NoAvatar; HasAvatar=False","Unknown","No imported/embedded animation clips detected"
"SM_Env_StormCanal_Divider_01","FBX / ModelImporter","Assets/PolygonApocalypse/Models/SM_Env_StormCanal_Divider_01.fbx","PolygonApocalypse","No","No",0,"","No","ImportAnimation=False; AnimationType=None; AvatarSetup=NoAvatar; HasAvatar=False","Unknown","No imported/embedded animation clips detected"
"SM_Env_StormCanal_Divider_02","FBX / ModelImporter","Assets/PolygonApocalypse/Models/SM_Env_StormCanal_Divider_02.fbx","PolygonApocalypse","No","No",0,"","No","ImportAnimation=False; AnimationType=None; AvatarSetup=NoAvatar; HasAvatar=False","Unknown","No imported/embedded animation clips detected"
"SM_Env_StormCanal_Flat_01","FBX / ModelImporter","Assets/PolygonApocalypse/Models/SM_Env_StormCanal_Flat_01.fbx","PolygonApocalypse","No","No",0,"","No","ImportAnimation=False; AnimationType=None; AvatarSetup=NoAvatar; HasAvatar=False","Unknown","No imported/embedded animation clips detected"
"SM_Env_StormCanal_Flat_Hole_01","FBX / ModelImporter","Assets/PolygonApocalypse/Models/SM_Env_StormCanal_Flat_Hole_01.fbx","PolygonApocalypse","No","No",0,"","No","ImportAnimation=False; AnimationType=None; AvatarSetup=NoAvatar; HasAvatar=False","Unknown","No imported/embedded animation clips detected"
"SM_Env_StormCanal_Floor_01","FBX / ModelImporter","Assets/PolygonApocalypse/Models/SM_Env_StormCanal_Floor_01.fbx","PolygonApocalypse","No","No",0,"","No","ImportAnimation=False; AnimationType=None; AvatarSetup=NoAvatar; HasAvatar=False","Unknown","No imported/embedded animation clips detected"
"SM_Env_StormCanal_Floor_02","FBX / ModelImporter","Assets/PolygonApocalypse/Models/SM_Env_StormCanal_Floor_02.fbx","PolygonApocalypse","No","No",0,"","No","ImportAnimation=False; AnimationType=None; AvatarSetup=NoAvatar; HasAvatar=False","Unknown","No imported/embedded animation clips detected"
"SM_Env_StormCanal_Floor_03","FBX / ModelImporter","Assets/PolygonApocalypse/Models/SM_Env_StormCanal_Floor_03.fbx","PolygonApocalypse","No","No",0,"","No","ImportAnimation=False; AnimationType=None; AvatarSetup=NoAvatar; HasAvatar=False","Unknown","No imported/embedded animation clips detected"
"SM_Env_StormCanal_Floor_04","FBX / ModelImporter","Assets/PolygonApocalypse/Models/SM_Env_StormCanal_Floor_04.fbx","PolygonApocalypse","No","No",0,"","No","ImportAnimation=False; AnimationType=None; AvatarSetup=NoAvatar; HasAvatar=False","Unknown","No imported/embedded animation clips detected"
"SM_Env_StormCanal_Floor_05","FBX / ModelImporter","Assets/PolygonApocalypse/Models/SM_Env_StormCanal_Floor_05.fbx","PolygonApocalypse","No","No",0,"","No","ImportAnimation=False; AnimationType=None; AvatarSetup=NoAvatar; HasAvatar=False","Unknown","No imported/embedded animation clips detected"
"SM_Env_StormCanal_Floor_06","FBX / ModelImporter","Assets/PolygonApocalypse/Models/SM_Env_StormCanal_Floor_06.fbx","PolygonApocalypse","No","No",0,"","No","ImportAnimation=False; AnimationType=None; AvatarSetup=NoAvatar; HasAvatar=False","Unknown","No imported/embedded animation clips detected"
"SM_Env_StormCanal_Pipe_01","FBX / ModelImporter","Assets/PolygonApocalypse/Models/SM_Env_StormCanal_Pipe_01.fbx","PolygonApocalypse","No","No",0,"","No","ImportAnimation=False; AnimationType=None; AvatarSetup=NoAvatar; HasAvatar=False","Unknown","No imported/embedded animation clips detected"
"SM_Env_StormCanal_Pipe_02","FBX / ModelImporter","Assets/PolygonApocalypse/Models/SM_Env_StormCanal_Pipe_02.fbx","PolygonApocalypse","No","No",0,"","No","ImportAnimation=False; AnimationType=None; AvatarSetup=NoAvatar; HasAvatar=False","Unknown","No imported/embedded animation clips detected"
"SM_Env_StormCanal_Pipe_End_01","FBX / ModelImporter","Assets/PolygonApocalypse/Models/SM_Env_StormCanal_Pipe_End_01.fbx","PolygonApocalypse","No","No",0,"","No","ImportAnimation=False; AnimationType=None; AvatarSetup=NoAvatar; HasAvatar=False","Unknown","No imported/embedded animation clips detected"
"SM_Env_StormCanal_Pipe_End_02","FBX / ModelImporter","Assets/PolygonApocalypse/Models/SM_Env_StormCanal_Pipe_End_02.fbx","PolygonApocalypse","No","No",0,"","No","ImportAnimation=False; AnimationType=None; AvatarSetup=NoAvatar; HasAvatar=False","Unknown","No imported/embedded animation clips detected"
"SM_Env_StormCanal_Straight_01","FBX / ModelImporter","Assets/PolygonApocalypse/Models/SM_Env_StormCanal_Straight_01.fbx","PolygonApocalypse","No","No",0,"","No","ImportAnimation=False; AnimationType=None; AvatarSetup=NoAvatar; HasAvatar=False","Unknown","No imported/embedded animation clips detected"
"SM_Env_StormCanal_Straight_02","FBX / ModelImporter","Assets/PolygonApocalypse/Models/SM_Env_StormCanal_Straight_02.fbx","PolygonApocalypse","No","No",0,"","No","ImportAnimation=False; AnimationType=None; AvatarSetup=NoAvatar; HasAvatar=False","Unknown","No imported/embedded animation clips detected"
"SM_Env_StormCanal_Straight_Dipped_01","FBX / ModelImporter","Assets/PolygonApocalypse/Models/SM_Env_StormCanal_Straight_Dipped_01.fbx","PolygonApocalypse","No","No",0,"","No","ImportAnimation=False; AnimationType=None; AvatarSetup=NoAvatar; HasAvatar=False","Unknown","No imported/embedded animation clips detected"
"SM_Env_StormCanal_Straight_Dipped_02","FBX / ModelImporter","Assets/PolygonApocalypse/Models/SM_Env_StormCanal_Straight_Dipped_02.fbx","PolygonApocalypse","No","No",0,"","No","ImportAnimation=False; AnimationType=None; AvatarSetup=NoAvatar; HasAvatar=False","Unknown","No imported/embedded animation clips detected"
"SM_Env_Street_Divider_01","FBX / ModelImporter","Assets/PolygonApocalypse/Models/SM_Env_Street_Divider_01.fbx","PolygonApocalypse","No","No",0,"","No","ImportAnimation=False; AnimationType=None; AvatarSetup=NoAvatar; HasAvatar=False","Unknown","No imported/embedded animation clips detected"
"SM_Env_Street_Divider_02","FBX / ModelImporter","Assets/PolygonApocalypse/Models/SM_Env_Street_Divider_02.fbx","PolygonApocalypse","No","No",0,"","No","ImportAnimation=False; AnimationType=None; AvatarSetup=NoAvatar; HasAvatar=False","Unknown","No imported/embedded animation clips detected"
"SM_Env_Tree_01","FBX / ModelImporter","Assets/PolygonApocalypse/Models/SM_Env_Tree_01.fbx","PolygonApocalypse","No","No",0,"","No","ImportAnimation=False; AnimationType=None; AvatarSetup=NoAvatar; HasAvatar=False","Unknown","No imported/embedded animation clips detected"
"SM_Env_Tree_02","FBX / ModelImporter","Assets/PolygonApocalypse/Models/SM_Env_Tree_02.fbx","PolygonApocalypse","No","No",0,"","No","ImportAnimation=False; AnimationType=None; AvatarSetup=NoAvatar; HasAvatar=False","Unknown","No imported/embedded animation clips detected"
"SM_Env_Tree_03","FBX / ModelImporter","Assets/PolygonApocalypse/Models/SM_Env_Tree_03.fbx","PolygonApocalypse","No","No",0,"","No","ImportAnimation=False; AnimationType=None; AvatarSetup=NoAvatar; HasAvatar=False","Unknown","No imported/embedded animation clips detected"
"SM_Env_Tree_04","FBX / ModelImporter","Assets/PolygonApocalypse/Models/SM_Env_Tree_04.fbx","PolygonApocalypse","No","No",0,"","No","ImportAnimation=False; AnimationType=None; AvatarSetup=NoAvatar; HasAvatar=False","Unknown","No imported/embedded animation clips detected"
"SM_Env_Tree_Cluster_01","FBX / ModelImporter","Assets/PolygonApocalypse/Models/SM_Env_Tree_Cluster_01.fbx","PolygonApocalypse","No","No",0,"","No","ImportAnimation=False; AnimationType=None; AvatarSetup=NoAvatar; HasAvatar=False","Unknown","No imported/embedded animation clips detected"
"SM_Env_Tree_Cluster_02","FBX / ModelImporter","Assets/PolygonApocalypse/Models/SM_Env_Tree_Cluster_02.fbx","PolygonApocalypse","No","No",0,"","No","ImportAnimation=False; AnimationType=None; AvatarSetup=NoAvatar; HasAvatar=False","Unknown","No imported/embedded animation clips detected"
"SM_Env_Tree_Cluster_03","FBX / ModelImporter","Assets/PolygonApocalypse/Models/SM_Env_Tree_Cluster_03.fbx","PolygonApocalypse","No","No",0,"","No","ImportAnimation=False; AnimationType=None; AvatarSetup=NoAvatar; HasAvatar=False","Unknown","No imported/embedded animation clips detected"
"SM_Env_Tree_Dead_01","FBX / ModelImporter","Assets/PolygonApocalypse/Models/SM_Env_Tree_Dead_01.fbx","PolygonApocalypse","No","No",0,"","No","ImportAnimation=False; AnimationType=None; AvatarSetup=NoAvatar; HasAvatar=False","Death","No imported/embedded animation clips detected"
"SM_Env_Tree_Dead_02","FBX / ModelImporter","Assets/PolygonApocalypse/Models/SM_Env_Tree_Dead_02.fbx","PolygonApocalypse","No","No",0,"","No","ImportAnimation=False; AnimationType=None; AvatarSetup=NoAvatar; HasAvatar=False","Death","No imported/embedded animation clips detected"
"SM_Env_Tree_Dead_03","FBX / ModelImporter","Assets/PolygonApocalypse/Models/SM_Env_Tree_Dead_03.fbx","PolygonApocalypse","No","No",0,"","No","ImportAnimation=False; AnimationType=None; AvatarSetup=NoAvatar; HasAvatar=False","Death","No imported/embedded animation clips detected"
"SM_Env_Tree_Large_01","FBX / ModelImporter","Assets/PolygonApocalypse/Models/SM_Env_Tree_Large_01.fbx","PolygonApocalypse","No","No",0,"","No","ImportAnimation=False; AnimationType=None; AvatarSetup=NoAvatar; HasAvatar=False","Unknown","No imported/embedded animation clips detected"
"SM_Env_Tree_Large_02","FBX / ModelImporter","Assets/PolygonApocalypse/Models/SM_Env_Tree_Large_02.fbx","PolygonApocalypse","No","No",0,"","No","ImportAnimation=False; AnimationType=None; AvatarSetup=NoAvatar; HasAvatar=False","Unknown","No imported/embedded animation clips detected"
"SM_Env_Tree_Large_03","FBX / ModelImporter","Assets/PolygonApocalypse/Models/SM_Env_Tree_Large_03.fbx","PolygonApocalypse","No","No",0,"","No","ImportAnimation=False; AnimationType=None; AvatarSetup=NoAvatar; HasAvatar=False","Unknown","No imported/embedded animation clips detected"
"SM_Env_Tree_Pine_Cluster_01","FBX / ModelImporter","Assets/PolygonApocalypse/Models/SM_Env_Tree_Pine_Cluster_01.fbx","PolygonApocalypse","No","No",0,"","No","ImportAnimation=False; AnimationType=None; AvatarSetup=NoAvatar; HasAvatar=False","Unknown","No imported/embedded animation clips detected"
"SM_Env_Tree_Pine_Cluster_02","FBX / ModelImporter","Assets/PolygonApocalypse/Models/SM_Env_Tree_Pine_Cluster_02.fbx","PolygonApocalypse","No","No",0,"","No","ImportAnimation=False; AnimationType=None; AvatarSetup=NoAvatar; HasAvatar=False","Unknown","No imported/embedded animation clips detected"
"SM_Env_Tree_Pine_Cluster_03","FBX / ModelImporter","Assets/PolygonApocalypse/Models/SM_Env_Tree_Pine_Cluster_03.fbx","PolygonApocalypse","No","No",0,"","No","ImportAnimation=False; AnimationType=None; AvatarSetup=NoAvatar; HasAvatar=False","Unknown","No imported/embedded animation clips detected"
"SM_Env_Tree_Pine_Tall_01","FBX / ModelImporter","Assets/PolygonApocalypse/Models/SM_Env_Tree_Pine_Tall_01.fbx","PolygonApocalypse","No","No",0,"","No","ImportAnimation=False; AnimationType=None; AvatarSetup=NoAvatar; HasAvatar=False","Unknown","No imported/embedded animation clips detected"
"SM_Env_Tree_Pine_Tall_02","FBX / ModelImporter","Assets/PolygonApocalypse/Models/SM_Env_Tree_Pine_Tall_02.fbx","PolygonApocalypse","No","No",0,"","No","ImportAnimation=False; AnimationType=None; AvatarSetup=NoAvatar; HasAvatar=False","Unknown","No imported/embedded animation clips detected"
"SM_Env_Tree_Pine_Tall_03","FBX / ModelImporter","Assets/PolygonApocalypse/Models/SM_Env_Tree_Pine_Tall_03.fbx","PolygonApocalypse","No","No",0,"","No","ImportAnimation=False; AnimationType=None; AvatarSetup=NoAvatar; HasAvatar=False","Unknown","No imported/embedded animation clips detected"
"SM_Env_Tunnel_Entrance_01","FBX / ModelImporter","Assets/PolygonApocalypse/Models/SM_Env_Tunnel_Entrance_01.fbx","PolygonApocalypse","No","No",0,"","No","ImportAnimation=False; AnimationType=None; AvatarSetup=NoAvatar; HasAvatar=False","Unknown","No imported/embedded animation clips detected"
"SM_Generic_Cloud_01","FBX / ModelImporter","Assets/PolygonApocalypse/Models/SM_Generic_Cloud_01.fbx","PolygonApocalypse","No","No",0,"","No","ImportAnimation=False; AnimationType=None; AvatarSetup=NoAvatar; HasAvatar=False","Unknown","No imported/embedded animation clips detected"
"SM_Generic_Cloud_02","FBX / ModelImporter","Assets/PolygonApocalypse/Models/SM_Generic_Cloud_02.fbx","PolygonApocalypse","No","No",0,"","No","ImportAnimation=False; AnimationType=None; AvatarSetup=NoAvatar; HasAvatar=False","Unknown","No imported/embedded animation clips detected"
"SM_Generic_Cloud_03","FBX / ModelImporter","Assets/PolygonApocalypse/Models/SM_Generic_Cloud_03.fbx","PolygonApocalypse","No","No",0,"","No","ImportAnimation=False; AnimationType=None; AvatarSetup=NoAvatar; HasAvatar=False","Unknown","No imported/embedded animation clips detected"
"SM_Generic_CloudRing_01","FBX / ModelImporter","Assets/PolygonApocalypse/Models/SM_Generic_CloudRing_01.fbx","PolygonApocalypse","No","No",0,"","No","ImportAnimation=False; AnimationType=None; AvatarSetup=NoAvatar; HasAvatar=False","Unknown","No imported/embedded animation clips detected"
"SM_Generic_Grass_Patch_01","FBX / ModelImporter","Assets/PolygonApocalypse/Models/SM_Generic_Grass_Patch_01.fbx","PolygonApocalypse","No","No",0,"","No","ImportAnimation=False; AnimationType=None; AvatarSetup=NoAvatar; HasAvatar=False","Unknown","No imported/embedded animation clips detected"
"SM_Generic_Grass_Patch_02","FBX / ModelImporter","Assets/PolygonApocalypse/Models/SM_Generic_Grass_Patch_02.fbx","PolygonApocalypse","No","No",0,"","No","ImportAnimation=False; AnimationType=None; AvatarSetup=NoAvatar; HasAvatar=False","Unknown","No imported/embedded animation clips detected"
"SM_Generic_Grass_Patch_03","FBX / ModelImporter","Assets/PolygonApocalypse/Models/SM_Generic_Grass_Patch_03.fbx","PolygonApocalypse","No","No",0,"","No","ImportAnimation=False; AnimationType=None; AvatarSetup=NoAvatar; HasAvatar=False","Unknown","No imported/embedded animation clips detected"
"SM_Generic_Ground_01","FBX / ModelImporter","Assets/PolygonApocalypse/Models/SM_Generic_Ground_01.fbx","PolygonApocalypse","No","No",0,"","No","ImportAnimation=False; AnimationType=None; AvatarSetup=NoAvatar; HasAvatar=False","Unknown","No imported/embedded animation clips detected"
"SM_Generic_Ground_02","FBX / ModelImporter","Assets/PolygonApocalypse/Models/SM_Generic_Ground_02.fbx","PolygonApocalypse","No","No",0,"","No","ImportAnimation=False; AnimationType=None; AvatarSetup=NoAvatar; HasAvatar=False","Unknown","No imported/embedded animation clips detected"
"SM_Generic_Ground_03","FBX / ModelImporter","Assets/PolygonApocalypse/Models/SM_Generic_Ground_03.fbx","PolygonApocalypse","No","No",0,"","No","ImportAnimation=False; AnimationType=None; AvatarSetup=NoAvatar; HasAvatar=False","Unknown","No imported/embedded animation clips detected"
"SM_Generic_Ground_04","FBX / ModelImporter","Assets/PolygonApocalypse/Models/SM_Generic_Ground_04.fbx","PolygonApocalypse","No","No",0,"","No","ImportAnimation=False; AnimationType=None; AvatarSetup=NoAvatar; HasAvatar=False","Unknown","No imported/embedded animation clips detected"
"SM_Generic_Ground_Flat_01","FBX / ModelImporter","Assets/PolygonApocalypse/Models/SM_Generic_Ground_Flat_01.fbx","PolygonApocalypse","No","No",0,"","No","ImportAnimation=False; AnimationType=None; AvatarSetup=NoAvatar; HasAvatar=False","Unknown","No imported/embedded animation clips detected"
"SM_Generic_Ground_Hill_01","FBX / ModelImporter","Assets/PolygonApocalypse/Models/SM_Generic_Ground_Hill_01.fbx","PolygonApocalypse","No","No",0,"","No","ImportAnimation=False; AnimationType=None; AvatarSetup=NoAvatar; HasAvatar=False","Unknown","No imported/embedded animation clips detected"
"SM_Generic_Ground_Hill_02","FBX / ModelImporter","Assets/PolygonApocalypse/Models/SM_Generic_Ground_Hill_02.fbx","PolygonApocalypse","No","No",0,"","No","ImportAnimation=False; AnimationType=None; AvatarSetup=NoAvatar; HasAvatar=False","Unknown","No imported/embedded animation clips detected"
"SM_Generic_Ground_Hill_03","FBX / ModelImporter","Assets/PolygonApocalypse/Models/SM_Generic_Ground_Hill_03.fbx","PolygonApocalypse","No","No",0,"","No","ImportAnimation=False; AnimationType=None; AvatarSetup=NoAvatar; HasAvatar=False","Unknown","No imported/embedded animation clips detected"
"SM_Generic_Mountains_Grass_01","FBX / ModelImporter","Assets/PolygonApocalypse/Models/SM_Generic_Mountains_Grass_01.fbx","PolygonApocalypse","No","No",0,"","No","ImportAnimation=False; AnimationType=None; AvatarSetup=NoAvatar; HasAvatar=False","Unknown","No imported/embedded animation clips detected"
"SM_Generic_Mountains_Grass_02","FBX / ModelImporter","Assets/PolygonApocalypse/Models/SM_Generic_Mountains_Grass_02.fbx","PolygonApocalypse","No","No",0,"","No","ImportAnimation=False; AnimationType=None; AvatarSetup=NoAvatar; HasAvatar=False","Unknown","No imported/embedded animation clips detected"
"SM_Generic_Mountains_Soft_01","FBX / ModelImporter","Assets/PolygonApocalypse/Models/SM_Generic_Mountains_Soft_01.fbx","PolygonApocalypse","No","No",0,"","No","ImportAnimation=False; AnimationType=None; AvatarSetup=NoAvatar; HasAvatar=False","Unknown","No imported/embedded animation clips detected"
"SM_Generic_SkyDome","FBX / ModelImporter","Assets/PolygonApocalypse/Models/SM_Generic_SkyDome.fbx","PolygonApocalypse","No","Yes",0,"","Yes","ImportAnimation=True; AnimationType=Generic; AvatarSetup=CreateFromThisModel; HasAvatar=True","Unknown","No imported/embedded animation clips detected"
"SM_Generic_Small_Rocks_01","FBX / ModelImporter","Assets/PolygonApocalypse/Models/SM_Generic_Small_Rocks_01.fbx","PolygonApocalypse","No","No",0,"","No","ImportAnimation=False; AnimationType=None; AvatarSetup=NoAvatar; HasAvatar=False","Unknown","No imported/embedded animation clips detected"
"SM_Generic_Small_Rocks_02","FBX / ModelImporter","Assets/PolygonApocalypse/Models/SM_Generic_Small_Rocks_02.fbx","PolygonApocalypse","No","No",0,"","No","ImportAnimation=False; AnimationType=None; AvatarSetup=NoAvatar; HasAvatar=False","Unknown","No imported/embedded animation clips detected"
"SM_Generic_Small_Rocks_03","FBX / ModelImporter","Assets/PolygonApocalypse/Models/SM_Generic_Small_Rocks_03.fbx","PolygonApocalypse","No","No",0,"","No","ImportAnimation=False; AnimationType=None; AvatarSetup=NoAvatar; HasAvatar=False","Unknown","No imported/embedded animation clips detected"
"SM_Generic_Small_Rocks_04","FBX / ModelImporter","Assets/PolygonApocalypse/Models/SM_Generic_Small_Rocks_04.fbx","PolygonApocalypse","No","No",0,"","No","ImportAnimation=False; AnimationType=None; AvatarSetup=NoAvatar; HasAvatar=False","Unknown","No imported/embedded animation clips detected"
"SM_Generic_Small_Rocks_05","FBX / ModelImporter","Assets/PolygonApocalypse/Models/SM_Generic_Small_Rocks_05.fbx","PolygonApocalypse","No","No",0,"","No","ImportAnimation=False; AnimationType=None; AvatarSetup=NoAvatar; HasAvatar=False","Unknown","No imported/embedded animation clips detected"
"SM_Generic_Tree_01","FBX / ModelImporter","Assets/PolygonApocalypse/Models/SM_Generic_Tree_01.fbx","PolygonApocalypse","No","No",0,"","No","ImportAnimation=False; AnimationType=None; AvatarSetup=NoAvatar; HasAvatar=False","Unknown","No imported/embedded animation clips detected"
"SM_Generic_Tree_02","FBX / ModelImporter","Assets/PolygonApocalypse/Models/SM_Generic_Tree_02.fbx","PolygonApocalypse","No","No",0,"","No","ImportAnimation=False; AnimationType=None; AvatarSetup=NoAvatar; HasAvatar=False","Unknown","No imported/embedded animation clips detected"
"SM_Generic_Tree_03","FBX / ModelImporter","Assets/PolygonApocalypse/Models/SM_Generic_Tree_03.fbx","PolygonApocalypse","No","No",0,"","No","ImportAnimation=False; AnimationType=None; AvatarSetup=NoAvatar; HasAvatar=False","Unknown","No imported/embedded animation clips detected"
"SM_Generic_Tree_04","FBX / ModelImporter","Assets/PolygonApocalypse/Models/SM_Generic_Tree_04.fbx","PolygonApocalypse","No","No",0,"","No","ImportAnimation=False; AnimationType=None; AvatarSetup=NoAvatar; HasAvatar=False","Unknown","No imported/embedded animation clips detected"
"SM_Generic_TreeDead_01","FBX / ModelImporter","Assets/PolygonApocalypse/Models/SM_Generic_TreeDead_01.fbx","PolygonApocalypse","No","No",0,"","No","ImportAnimation=False; AnimationType=None; AvatarSetup=NoAvatar; HasAvatar=False","Death","No imported/embedded animation clips detected"
"SM_Generic_TreeStump_01","FBX / ModelImporter","Assets/PolygonApocalypse/Models/SM_Generic_TreeStump_01.fbx","PolygonApocalypse","No","No",0,"","No","ImportAnimation=False; AnimationType=None; AvatarSetup=NoAvatar; HasAvatar=False","Unknown","No imported/embedded animation clips detected"
"SM_Gerneric_Grass_Patch_01","FBX / ModelImporter","Assets/PolygonApocalypse/Models/SM_Gerneric_Grass_Patch_01.fbx","PolygonApocalypse","No","No",0,"","No","ImportAnimation=False; AnimationType=None; AvatarSetup=NoAvatar; HasAvatar=False","Unknown","No imported/embedded animation clips detected"
"SM_Gerneric_Grass_Patch_02","FBX / ModelImporter","Assets/PolygonApocalypse/Models/SM_Gerneric_Grass_Patch_02.fbx","PolygonApocalypse","No","No",0,"","No","ImportAnimation=False; AnimationType=None; AvatarSetup=NoAvatar; HasAvatar=False","Unknown","No imported/embedded animation clips detected"
"SM_Gerneric_Grass_Patch_03","FBX / ModelImporter","Assets/PolygonApocalypse/Models/SM_Gerneric_Grass_Patch_03.fbx","PolygonApocalypse","No","No",0,"","No","ImportAnimation=False; AnimationType=None; AvatarSetup=NoAvatar; HasAvatar=False","Unknown","No imported/embedded animation clips detected"
"SM_Item_Air_Horn_01","FBX / ModelImporter","Assets/PolygonApocalypse/Models/SM_Item_Air_Horn_01.fbx","PolygonApocalypse","No","No",0,"","No","ImportAnimation=False; AnimationType=None; AvatarSetup=NoAvatar; HasAvatar=False","Unknown","No imported/embedded animation clips detected"
"SM_Item_Alcohol_01","FBX / ModelImporter","Assets/PolygonApocalypse/Models/SM_Item_Alcohol_01.fbx","PolygonApocalypse","No","No",0,"","No","ImportAnimation=False; AnimationType=None; AvatarSetup=NoAvatar; HasAvatar=False","Unknown","No imported/embedded animation clips detected"
"SM_Item_Alcohol_02","FBX / ModelImporter","Assets/PolygonApocalypse/Models/SM_Item_Alcohol_02.fbx","PolygonApocalypse","No","No",0,"","No","ImportAnimation=False; AnimationType=None; AvatarSetup=NoAvatar; HasAvatar=False","Unknown","No imported/embedded animation clips detected"
"SM_Item_Alcohol_03","FBX / ModelImporter","Assets/PolygonApocalypse/Models/SM_Item_Alcohol_03.fbx","PolygonApocalypse","No","No",0,"","No","ImportAnimation=False; AnimationType=None; AvatarSetup=NoAvatar; HasAvatar=False","Unknown","No imported/embedded animation clips detected"
"SM_Item_Alcohol_04","FBX / ModelImporter","Assets/PolygonApocalypse/Models/SM_Item_Alcohol_04.fbx","PolygonApocalypse","No","No",0,"","No","ImportAnimation=False; AnimationType=None; AvatarSetup=NoAvatar; HasAvatar=False","Unknown","No imported/embedded animation clips detected"
"SM_Item_Alcohol_05","FBX / ModelImporter","Assets/PolygonApocalypse/Models/SM_Item_Alcohol_05.fbx","PolygonApocalypse","No","No",0,"","No","ImportAnimation=False; AnimationType=None; AvatarSetup=NoAvatar; HasAvatar=False","Unknown","No imported/embedded animation clips detected"
"SM_Item_Alcohol_06","FBX / ModelImporter","Assets/PolygonApocalypse/Models/SM_Item_Alcohol_06.fbx","PolygonApocalypse","No","No",0,"","No","ImportAnimation=False; AnimationType=None; AvatarSetup=NoAvatar; HasAvatar=False","Unknown","No imported/embedded animation clips detected"
"SM_Item_Alcohol_07","FBX / ModelImporter","Assets/PolygonApocalypse/Models/SM_Item_Alcohol_07.fbx","PolygonApocalypse","No","No",0,"","No","ImportAnimation=False; AnimationType=None; AvatarSetup=NoAvatar; HasAvatar=False","Unknown","No imported/embedded animation clips detected"
"SM_Item_Alcohol_08","FBX / ModelImporter","Assets/PolygonApocalypse/Models/SM_Item_Alcohol_08.fbx","PolygonApocalypse","No","No",0,"","No","ImportAnimation=False; AnimationType=None; AvatarSetup=NoAvatar; HasAvatar=False","Unknown","No imported/embedded animation clips detected"
"SM_Item_Alcohol_Broken_01","FBX / ModelImporter","Assets/PolygonApocalypse/Models/SM_Item_Alcohol_Broken_01.fbx","PolygonApocalypse","No","No",0,"","No","ImportAnimation=False; AnimationType=None; AvatarSetup=NoAvatar; HasAvatar=False","Unknown","No imported/embedded animation clips detected"
"SM_Item_Alcohol_Broken_02","FBX / ModelImporter","Assets/PolygonApocalypse/Models/SM_Item_Alcohol_Broken_02.fbx","PolygonApocalypse","No","No",0,"","No","ImportAnimation=False; AnimationType=None; AvatarSetup=NoAvatar; HasAvatar=False","Unknown","No imported/embedded animation clips detected"
"SM_Item_Alcohol_Broken_03","FBX / ModelImporter","Assets/PolygonApocalypse/Models/SM_Item_Alcohol_Broken_03.fbx","PolygonApocalypse","No","No",0,"","No","ImportAnimation=False; AnimationType=None; AvatarSetup=NoAvatar; HasAvatar=False","Unknown","No imported/embedded animation clips detected"
"SM_Item_Ammo_12G_01","FBX / ModelImporter","Assets/PolygonApocalypse/Models/SM_Item_Ammo_12G_01.fbx","PolygonApocalypse","No","No",0,"","No","ImportAnimation=False; AnimationType=None; AvatarSetup=NoAvatar; HasAvatar=False","Unknown","No imported/embedded animation clips detected"
"SM_Item_Ammo_12G_Open_01","FBX / ModelImporter","Assets/PolygonApocalypse/Models/SM_Item_Ammo_12G_Open_01.fbx","PolygonApocalypse","No","No",0,"","No","ImportAnimation=False; AnimationType=None; AvatarSetup=NoAvatar; HasAvatar=False","Unknown","No imported/embedded animation clips detected"
"SM_Item_Ammo_45_01","FBX / ModelImporter","Assets/PolygonApocalypse/Models/SM_Item_Ammo_45_01.fbx","PolygonApocalypse","No","No",0,"","No","ImportAnimation=False; AnimationType=None; AvatarSetup=NoAvatar; HasAvatar=False","Unknown","No imported/embedded animation clips detected"
"SM_Item_Ammo_45_Open_01","FBX / ModelImporter","Assets/PolygonApocalypse/Models/SM_Item_Ammo_45_Open_01.fbx","PolygonApocalypse","No","No",0,"","No","ImportAnimation=False; AnimationType=None; AvatarSetup=NoAvatar; HasAvatar=False","Unknown","No imported/embedded animation clips detected"
"SM_Item_Ammo_556_01","FBX / ModelImporter","Assets/PolygonApocalypse/Models/SM_Item_Ammo_556_01.fbx","PolygonApocalypse","No","No",0,"","No","ImportAnimation=False; AnimationType=None; AvatarSetup=NoAvatar; HasAvatar=False","Unknown","No imported/embedded animation clips detected"
"SM_Item_Ammo_556_Open_01","FBX / ModelImporter","Assets/PolygonApocalypse/Models/SM_Item_Ammo_556_Open_01.fbx","PolygonApocalypse","No","No",0,"","No","ImportAnimation=False; AnimationType=None; AvatarSetup=NoAvatar; HasAvatar=False","Unknown","No imported/embedded animation clips detected"
"SM_Item_Ammo_762_01","FBX / ModelImporter","Assets/PolygonApocalypse/Models/SM_Item_Ammo_762_01.fbx","PolygonApocalypse","No","No",0,"","No","ImportAnimation=False; AnimationType=None; AvatarSetup=NoAvatar; HasAvatar=False","Unknown","No imported/embedded animation clips detected"
"SM_Item_Ammo_762_Open_01","FBX / ModelImporter","Assets/PolygonApocalypse/Models/SM_Item_Ammo_762_Open_01.fbx","PolygonApocalypse","No","No",0,"","No","ImportAnimation=False; AnimationType=None; AvatarSetup=NoAvatar; HasAvatar=False","Unknown","No imported/embedded animation clips detected"
"SM_Item_Ammo_9mm_01","FBX / ModelImporter","Assets/PolygonApocalypse/Models/SM_Item_Ammo_9mm_01.fbx","PolygonApocalypse","No","No",0,"","No","ImportAnimation=False; AnimationType=None; AvatarSetup=NoAvatar; HasAvatar=False","Unknown","No imported/embedded animation clips detected"
"SM_Item_Ammo_9mm_Open_01","FBX / ModelImporter","Assets/PolygonApocalypse/Models/SM_Item_Ammo_9mm_Open_01.fbx","PolygonApocalypse","No","No",0,"","No","ImportAnimation=False; AnimationType=None; AvatarSetup=NoAvatar; HasAvatar=False","Unknown","No imported/embedded animation clips detected"
"SM_Item_Ammo_Crate_01","FBX / ModelImporter","Assets/PolygonApocalypse/Models/SM_Item_Ammo_Crate_01.fbx","PolygonApocalypse","No","No",0,"","No","ImportAnimation=False; AnimationType=None; AvatarSetup=NoAvatar; HasAvatar=False","Unknown","No imported/embedded animation clips detected"
"SM_Item_Ammo_Crate_02","FBX / ModelImporter","Assets/PolygonApocalypse/Models/SM_Item_Ammo_Crate_02.fbx","PolygonApocalypse","No","No",0,"","No","ImportAnimation=False; AnimationType=None; AvatarSetup=NoAvatar; HasAvatar=False","Unknown","No imported/embedded animation clips detected"
"SM_Item_Ammo_Crate_03","FBX / ModelImporter","Assets/PolygonApocalypse/Models/SM_Item_Ammo_Crate_03.fbx","PolygonApocalypse","No","No",0,"","No","ImportAnimation=False; AnimationType=None; AvatarSetup=NoAvatar; HasAvatar=False","Unknown","No imported/embedded animation clips detected"
"SM_Item_Ammo_Crate_04","FBX / ModelImporter","Assets/PolygonApocalypse/Models/SM_Item_Ammo_Crate_04.fbx","PolygonApocalypse","No","No",0,"","No","ImportAnimation=False; AnimationType=None; AvatarSetup=NoAvatar; HasAvatar=False","Unknown","No imported/embedded animation clips detected"
"SM_Item_Ammo_Paper_01","FBX / ModelImporter","Assets/PolygonApocalypse/Models/SM_Item_Ammo_Paper_01.fbx","PolygonApocalypse","No","No",0,"","No","ImportAnimation=False; AnimationType=None; AvatarSetup=NoAvatar; HasAvatar=False","Unknown","No imported/embedded animation clips detected"
"SM_Item_Ammo_Paper_Open_01","FBX / ModelImporter","Assets/PolygonApocalypse/Models/SM_Item_Ammo_Paper_Open_01.fbx","PolygonApocalypse","No","No",0,"","No","ImportAnimation=False; AnimationType=None; AvatarSetup=NoAvatar; HasAvatar=False","Unknown","No imported/embedded animation clips detected"
"SM_Item_Battery_01","FBX / ModelImporter","Assets/PolygonApocalypse/Models/SM_Item_Battery_01.fbx","PolygonApocalypse","No","No",0,"","No","ImportAnimation=False; AnimationType=None; AvatarSetup=NoAvatar; HasAvatar=False","Unknown","No imported/embedded animation clips detected"
"SM_Item_Battery_02","FBX / ModelImporter","Assets/PolygonApocalypse/Models/SM_Item_Battery_02.fbx","PolygonApocalypse","No","No",0,"","No","ImportAnimation=False; AnimationType=None; AvatarSetup=NoAvatar; HasAvatar=False","Unknown","No imported/embedded animation clips detected"
"SM_Item_BeerCup_01","FBX / ModelImporter","Assets/PolygonApocalypse/Models/SM_Item_BeerCup_01.fbx","PolygonApocalypse","No","No",0,"","No","ImportAnimation=False; AnimationType=None; AvatarSetup=NoAvatar; HasAvatar=False","Unknown","No imported/embedded animation clips detected"
"SM_Item_BeerCup_02","FBX / ModelImporter","Assets/PolygonApocalypse/Models/SM_Item_BeerCup_02.fbx","PolygonApocalypse","No","No",0,"","No","ImportAnimation=False; AnimationType=None; AvatarSetup=NoAvatar; HasAvatar=False","Unknown","No imported/embedded animation clips detected"
"SM_Item_Binoculars_01","FBX / ModelImporter","Assets/PolygonApocalypse/Models/SM_Item_Binoculars_01.fbx","PolygonApocalypse","No","No",0,"","No","ImportAnimation=False; AnimationType=None; AvatarSetup=NoAvatar; HasAvatar=False","Unknown","No imported/embedded animation clips detected"
"SM_Item_Book_01","FBX / ModelImporter","Assets/PolygonApocalypse/Models/SM_Item_Book_01.fbx","PolygonApocalypse","No","No",0,"","No","ImportAnimation=False; AnimationType=None; AvatarSetup=NoAvatar; HasAvatar=False","Unknown","No imported/embedded animation clips detected"
"SM_Item_Book_Open_01","FBX / ModelImporter","Assets/PolygonApocalypse/Models/SM_Item_Book_Open_01.fbx","PolygonApocalypse","No","No",0,"","No","ImportAnimation=False; AnimationType=None; AvatarSetup=NoAvatar; HasAvatar=False","Unknown","No imported/embedded animation clips detected"
"SM_Item_Bottle_01","FBX / ModelImporter","Assets/PolygonApocalypse/Models/SM_Item_Bottle_01.fbx","PolygonApocalypse","No","No",0,"","No","ImportAnimation=False; AnimationType=None; AvatarSetup=NoAvatar; HasAvatar=False","Unknown","No imported/embedded animation clips detected"
"SM_Item_Bottle_02","FBX / ModelImporter","Assets/PolygonApocalypse/Models/SM_Item_Bottle_02.fbx","PolygonApocalypse","No","No",0,"","No","ImportAnimation=False; AnimationType=None; AvatarSetup=NoAvatar; HasAvatar=False","Unknown","No imported/embedded animation clips detected"
"SM_Item_Bread_01","FBX / ModelImporter","Assets/PolygonApocalypse/Models/SM_Item_Bread_01.fbx","PolygonApocalypse","No","No",0,"","No","ImportAnimation=False; AnimationType=None; AvatarSetup=NoAvatar; HasAvatar=False","Unknown","No imported/embedded animation clips detected"
"SM_Item_Bullet_Rifle_01","FBX / ModelImporter","Assets/PolygonApocalypse/Models/SM_Item_Bullet_Rifle_01.fbx","PolygonApocalypse","No","No",0,"","No","ImportAnimation=False; AnimationType=None; AvatarSetup=NoAvatar; HasAvatar=False","Unknown","No imported/embedded animation clips detected"
"SM_Item_Bullet_Shotgun_01","FBX / ModelImporter","Assets/PolygonApocalypse/Models/SM_Item_Bullet_Shotgun_01.fbx","PolygonApocalypse","No","No",0,"","No","ImportAnimation=False; AnimationType=None; AvatarSetup=NoAvatar; HasAvatar=False","Unknown","No imported/embedded animation clips detected"
"SM_Item_Camera_01","FBX / ModelImporter","Assets/PolygonApocalypse/Models/SM_Item_Camera_01.fbx","PolygonApocalypse","No","No",0,"","No","ImportAnimation=False; AnimationType=None; AvatarSetup=NoAvatar; HasAvatar=False","Unknown","No imported/embedded animation clips detected"
"SM_Item_Can_01","FBX / ModelImporter","Assets/PolygonApocalypse/Models/SM_Item_Can_01.fbx","PolygonApocalypse","No","No",0,"","No","ImportAnimation=False; AnimationType=None; AvatarSetup=NoAvatar; HasAvatar=False","Unknown","No imported/embedded animation clips detected"
"SM_Item_Can_02","FBX / ModelImporter","Assets/PolygonApocalypse/Models/SM_Item_Can_02.fbx","PolygonApocalypse","No","No",0,"","No","ImportAnimation=False; AnimationType=None; AvatarSetup=NoAvatar; HasAvatar=False","Unknown","No imported/embedded animation clips detected"
"SM_Item_Can_03","FBX / ModelImporter","Assets/PolygonApocalypse/Models/SM_Item_Can_03.fbx","PolygonApocalypse","No","No",0,"","No","ImportAnimation=False; AnimationType=None; AvatarSetup=NoAvatar; HasAvatar=False","Unknown","No imported/embedded animation clips detected"
"SM_Item_Can_04","FBX / ModelImporter","Assets/PolygonApocalypse/Models/SM_Item_Can_04.fbx","PolygonApocalypse","No","No",0,"","No","ImportAnimation=False; AnimationType=None; AvatarSetup=NoAvatar; HasAvatar=False","Unknown","No imported/embedded animation clips detected"
"SM_Item_Can_05","FBX / ModelImporter","Assets/PolygonApocalypse/Models/SM_Item_Can_05.fbx","PolygonApocalypse","No","No",0,"","No","ImportAnimation=False; AnimationType=None; AvatarSetup=NoAvatar; HasAvatar=False","Unknown","No imported/embedded animation clips detected"
"SM_Item_Can_06","FBX / ModelImporter","Assets/PolygonApocalypse/Models/SM_Item_Can_06.fbx","PolygonApocalypse","No","No",0,"","No","ImportAnimation=False; AnimationType=None; AvatarSetup=NoAvatar; HasAvatar=False","Unknown","No imported/embedded animation clips detected"
"SM_Item_Can_07","FBX / ModelImporter","Assets/PolygonApocalypse/Models/SM_Item_Can_07.fbx","PolygonApocalypse","No","No",0,"","No","ImportAnimation=False; AnimationType=None; AvatarSetup=NoAvatar; HasAvatar=False","Unknown","No imported/embedded animation clips detected"
"SM_Item_Can_08","FBX / ModelImporter","Assets/PolygonApocalypse/Models/SM_Item_Can_08.fbx","PolygonApocalypse","No","No",0,"","No","ImportAnimation=False; AnimationType=None; AvatarSetup=NoAvatar; HasAvatar=False","Unknown","No imported/embedded animation clips detected"
"SM_Item_Can_09","FBX / ModelImporter","Assets/PolygonApocalypse/Models/SM_Item_Can_09.fbx","PolygonApocalypse","No","No",0,"","No","ImportAnimation=False; AnimationType=None; AvatarSetup=NoAvatar; HasAvatar=False","Unknown","No imported/embedded animation clips detected"
"SM_Item_Compass_01","FBX / ModelImporter","Assets/PolygonApocalypse/Models/SM_Item_Compass_01.fbx","PolygonApocalypse","No","No",0,"","No","ImportAnimation=False; AnimationType=None; AvatarSetup=NoAvatar; HasAvatar=False","Unknown","No imported/embedded animation clips detected"
"SM_Item_Craft_Knife_01","FBX / ModelImporter","Assets/PolygonApocalypse/Models/SM_Item_Craft_Knife_01.fbx","PolygonApocalypse","No","No",0,"","No","ImportAnimation=False; AnimationType=None; AvatarSetup=NoAvatar; HasAvatar=False","Unknown","No imported/embedded animation clips detected"
"SM_Item_Drink_01","FBX / ModelImporter","Assets/PolygonApocalypse/Models/SM_Item_Drink_01.fbx","PolygonApocalypse","No","No",0,"","No","ImportAnimation=False; AnimationType=None; AvatarSetup=NoAvatar; HasAvatar=False","Unknown","No imported/embedded animation clips detected"
"SM_Item_Drink_Bottle_01","FBX / ModelImporter","Assets/PolygonApocalypse/Models/SM_Item_Drink_Bottle_01.fbx","PolygonApocalypse","No","No",0,"","No","ImportAnimation=False; AnimationType=None; AvatarSetup=NoAvatar; HasAvatar=False","Unknown","No imported/embedded animation clips detected"
"SM_Item_Drink_Bottle_02","FBX / ModelImporter","Assets/PolygonApocalypse/Models/SM_Item_Drink_Bottle_02.fbx","PolygonApocalypse","No","No",0,"","No","ImportAnimation=False; AnimationType=None; AvatarSetup=NoAvatar; HasAvatar=False","Unknown","No imported/embedded animation clips detected"
"SM_Item_Drink_Whistle_01","FBX / ModelImporter","Assets/PolygonApocalypse/Models/SM_Item_Drink_Whistle_01.fbx","PolygonApocalypse","No","No",0,"","No","ImportAnimation=False; AnimationType=None; AvatarSetup=NoAvatar; HasAvatar=False","Unknown","No imported/embedded animation clips detected"
"SM_Item_Duffle_Bag_01","FBX / ModelImporter","Assets/PolygonApocalypse/Models/SM_Item_Duffle_Bag_01.fbx","PolygonApocalypse","No","No",0,"","No","ImportAnimation=False; AnimationType=None; AvatarSetup=NoAvatar; HasAvatar=False","Unknown","No imported/embedded animation clips detected"
"SM_Item_Fishing_Rod_01","FBX / ModelImporter","Assets/PolygonApocalypse/Models/SM_Item_Fishing_Rod_01.fbx","PolygonApocalypse","No","No",0,"","No","ImportAnimation=False; AnimationType=None; AvatarSetup=NoAvatar; HasAvatar=False","Unknown","No imported/embedded animation clips detected"
"SM_Item_Frypan_01","FBX / ModelImporter","Assets/PolygonApocalypse/Models/SM_Item_Frypan_01.fbx","PolygonApocalypse","No","No",0,"","No","ImportAnimation=False; AnimationType=None; AvatarSetup=NoAvatar; HasAvatar=False","Unknown","No imported/embedded animation clips detected"
"SM_Item_Frypan_02","FBX / ModelImporter","Assets/PolygonApocalypse/Models/SM_Item_Frypan_02.fbx","PolygonApocalypse","No","No",0,"","No","ImportAnimation=False; AnimationType=None; AvatarSetup=NoAvatar; HasAvatar=False","Unknown","No imported/embedded animation clips detected"
"SM_Item_Jar_01","FBX / ModelImporter","Assets/PolygonApocalypse/Models/SM_Item_Jar_01.fbx","PolygonApocalypse","No","No",0,"","No","ImportAnimation=False; AnimationType=None; AvatarSetup=NoAvatar; HasAvatar=False","Unknown","No imported/embedded animation clips detected"
"SM_Item_Laptop_01","FBX / ModelImporter","Assets/PolygonApocalypse/Models/SM_Item_Laptop_01.fbx","PolygonApocalypse","No","No",0,"","No","ImportAnimation=False; AnimationType=None; AvatarSetup=NoAvatar; HasAvatar=False","Unknown","No imported/embedded animation clips detected"
"SM_Item_Lighter_Flip_01","FBX / ModelImporter","Assets/PolygonApocalypse/Models/SM_Item_Lighter_Flip_01.fbx","PolygonApocalypse","No","No",0,"","No","ImportAnimation=False; AnimationType=None; AvatarSetup=NoAvatar; HasAvatar=False","Unknown","No imported/embedded animation clips detected"
"SM_Item_Log_01","FBX / ModelImporter","Assets/PolygonApocalypse/Models/SM_Item_Log_01.fbx","PolygonApocalypse","No","No",0,"","No","ImportAnimation=False; AnimationType=None; AvatarSetup=NoAvatar; HasAvatar=False","Unknown","No imported/embedded animation clips detected"
"SM_Item_Log_02","FBX / ModelImporter","Assets/PolygonApocalypse/Models/SM_Item_Log_02.fbx","PolygonApocalypse","No","No",0,"","No","ImportAnimation=False; AnimationType=None; AvatarSetup=NoAvatar; HasAvatar=False","Unknown","No imported/embedded animation clips detected"
"SM_Item_Log_03","FBX / ModelImporter","Assets/PolygonApocalypse/Models/SM_Item_Log_03.fbx","PolygonApocalypse","No","No",0,"","No","ImportAnimation=False; AnimationType=None; AvatarSetup=NoAvatar; HasAvatar=False","Unknown","No imported/embedded animation clips detected"
"SM_Item_Log_04","FBX / ModelImporter","Assets/PolygonApocalypse/Models/SM_Item_Log_04.fbx","PolygonApocalypse","No","No",0,"","No","ImportAnimation=False; AnimationType=None; AvatarSetup=NoAvatar; HasAvatar=False","Unknown","No imported/embedded animation clips detected"
"SM_Item_Log_05","FBX / ModelImporter","Assets/PolygonApocalypse/Models/SM_Item_Log_05.fbx","PolygonApocalypse","No","No",0,"","No","ImportAnimation=False; AnimationType=None; AvatarSetup=NoAvatar; HasAvatar=False","Unknown","No imported/embedded animation clips detected"
"SM_Item_Matches_01","FBX / ModelImporter","Assets/PolygonApocalypse/Models/SM_Item_Matches_01.fbx","PolygonApocalypse","No","No",0,"","No","ImportAnimation=False; AnimationType=None; AvatarSetup=NoAvatar; HasAvatar=False","Unknown","No imported/embedded animation clips detected"
"SM_Item_Meat_01","FBX / ModelImporter","Assets/PolygonApocalypse/Models/SM_Item_Meat_01.fbx","PolygonApocalypse","No","No",0,"","No","ImportAnimation=False; AnimationType=None; AvatarSetup=NoAvatar; HasAvatar=False","Unknown","No imported/embedded animation clips detected"
"SM_Item_Meat_Cooked_01","FBX / ModelImporter","Assets/PolygonApocalypse/Models/SM_Item_Meat_Cooked_01.fbx","PolygonApocalypse","No","No",0,"","No","ImportAnimation=False; AnimationType=None; AvatarSetup=NoAvatar; HasAvatar=False","Unknown","No imported/embedded animation clips detected"
"SM_Item_MouseTrap_01","FBX / ModelImporter","Assets/PolygonApocalypse/Models/SM_Item_MouseTrap_01.fbx","PolygonApocalypse","No","No",0,"","No","ImportAnimation=False; AnimationType=None; AvatarSetup=NoAvatar; HasAvatar=False","Unknown","No imported/embedded animation clips detected"
"SM_Item_Mushroom_01","FBX / ModelImporter","Assets/PolygonApocalypse/Models/SM_Item_Mushroom_01.fbx","PolygonApocalypse","No","No",0,"","No","ImportAnimation=False; AnimationType=None; AvatarSetup=NoAvatar; HasAvatar=False","Unknown","No imported/embedded animation clips detected"
"SM_Item_Mushroom_02","FBX / ModelImporter","Assets/PolygonApocalypse/Models/SM_Item_Mushroom_02.fbx","PolygonApocalypse","No","No",0,"","No","ImportAnimation=False; AnimationType=None; AvatarSetup=NoAvatar; HasAvatar=False","Unknown","No imported/embedded animation clips detected"
"SM_Item_Phone_01","FBX / ModelImporter","Assets/PolygonApocalypse/Models/SM_Item_Phone_01.fbx","PolygonApocalypse","No","No",0,"","No","ImportAnimation=False; AnimationType=None; AvatarSetup=NoAvatar; HasAvatar=False","Unknown","No imported/embedded animation clips detected"
"SM_Item_Pills_01","FBX / ModelImporter","Assets/PolygonApocalypse/Models/SM_Item_Pills_01.fbx","PolygonApocalypse","No","No",0,"","No","ImportAnimation=False; AnimationType=None; AvatarSetup=NoAvatar; HasAvatar=False","Unknown","No imported/embedded animation clips detected"
"SM_Item_Potatoe_01","FBX / ModelImporter","Assets/PolygonApocalypse/Models/SM_Item_Potatoe_01.fbx","PolygonApocalypse","No","No",0,"","No","ImportAnimation=False; AnimationType=None; AvatarSetup=NoAvatar; HasAvatar=False","Unknown","No imported/embedded animation clips detected"
"SM_Item_Potatoe_02","FBX / ModelImporter","Assets/PolygonApocalypse/Models/SM_Item_Potatoe_02.fbx","PolygonApocalypse","No","No",0,"","No","ImportAnimation=False; AnimationType=None; AvatarSetup=NoAvatar; HasAvatar=False","Unknown","No imported/embedded animation clips detected"
"SM_Item_Rice_01","FBX / ModelImporter","Assets/PolygonApocalypse/Models/SM_Item_Rice_01.fbx","PolygonApocalypse","No","No",0,"","No","ImportAnimation=False; AnimationType=None; AvatarSetup=NoAvatar; HasAvatar=False","Unknown","No imported/embedded animation clips detected"
"SM_Item_Rice_02","FBX / ModelImporter","Assets/PolygonApocalypse/Models/SM_Item_Rice_02.fbx","PolygonApocalypse","No","No",0,"","No","ImportAnimation=False; AnimationType=None; AvatarSetup=NoAvatar; HasAvatar=False","Unknown","No imported/embedded animation clips detected"
"SM_Item_Rope_Detailed_01","FBX / ModelImporter","Assets/PolygonApocalypse/Models/SM_Item_Rope_Detailed_01.fbx","PolygonApocalypse","No","No",0,"","No","ImportAnimation=False; AnimationType=None; AvatarSetup=NoAvatar; HasAvatar=False","Unknown","No imported/embedded animation clips detected"
"SM_Item_Shop_Goods_01","FBX / ModelImporter","Assets/PolygonApocalypse/Models/SM_Item_Shop_Goods_01.fbx","PolygonApocalypse","No","No",0,"","No","ImportAnimation=False; AnimationType=None; AvatarSetup=NoAvatar; HasAvatar=False","Unknown","No imported/embedded animation clips detected"
"SM_Item_Shop_Goods_02","FBX / ModelImporter","Assets/PolygonApocalypse/Models/SM_Item_Shop_Goods_02.fbx","PolygonApocalypse","No","No",0,"","No","ImportAnimation=False; AnimationType=None; AvatarSetup=NoAvatar; HasAvatar=False","Unknown","No imported/embedded animation clips detected"
"SM_Item_Shop_Goods_03","FBX / ModelImporter","Assets/PolygonApocalypse/Models/SM_Item_Shop_Goods_03.fbx","PolygonApocalypse","No","No",0,"","No","ImportAnimation=False; AnimationType=None; AvatarSetup=NoAvatar; HasAvatar=False","Unknown","No imported/embedded animation clips detected"
"SM_Item_Shop_Goods_04","FBX / ModelImporter","Assets/PolygonApocalypse/Models/SM_Item_Shop_Goods_04.fbx","PolygonApocalypse","No","No",0,"","No","ImportAnimation=False; AnimationType=None; AvatarSetup=NoAvatar; HasAvatar=False","Unknown","No imported/embedded animation clips detected"
"SM_Item_Shop_Goods_05","FBX / ModelImporter","Assets/PolygonApocalypse/Models/SM_Item_Shop_Goods_05.fbx","PolygonApocalypse","No","No",0,"","No","ImportAnimation=False; AnimationType=None; AvatarSetup=NoAvatar; HasAvatar=False","Unknown","No imported/embedded animation clips detected"
"SM_Item_Shop_Goods_06","FBX / ModelImporter","Assets/PolygonApocalypse/Models/SM_Item_Shop_Goods_06.fbx","PolygonApocalypse","No","No",0,"","No","ImportAnimation=False; AnimationType=None; AvatarSetup=NoAvatar; HasAvatar=False","Unknown","No imported/embedded animation clips detected"
"SM_Item_SmartPhone_01","FBX / ModelImporter","Assets/PolygonApocalypse/Models/SM_Item_SmartPhone_01.fbx","PolygonApocalypse","No","No",0,"","No","ImportAnimation=False; AnimationType=None; AvatarSetup=NoAvatar; HasAvatar=False","Unknown","No imported/embedded animation clips detected"
"SM_Item_Stick_01","FBX / ModelImporter","Assets/PolygonApocalypse/Models/SM_Item_Stick_01.fbx","PolygonApocalypse","No","No",0,"","No","ImportAnimation=False; AnimationType=None; AvatarSetup=NoAvatar; HasAvatar=False","Unknown","No imported/embedded animation clips detected"
"SM_Item_Stick_02","FBX / ModelImporter","Assets/PolygonApocalypse/Models/SM_Item_Stick_02.fbx","PolygonApocalypse","No","No",0,"","No","ImportAnimation=False; AnimationType=None; AvatarSetup=NoAvatar; HasAvatar=False","Unknown","No imported/embedded animation clips detected"
"SM_Item_Tape_01","FBX / ModelImporter","Assets/PolygonApocalypse/Models/SM_Item_Tape_01.fbx","PolygonApocalypse","No","No",0,"","No","ImportAnimation=False; AnimationType=None; AvatarSetup=NoAvatar; HasAvatar=False","Unknown","No imported/embedded animation clips detected"
"SM_Item_ToiletRoll_02","FBX / ModelImporter","Assets/PolygonApocalypse/Models/SM_Item_ToiletRoll_02.fbx","PolygonApocalypse","No","No",0,"","No","ImportAnimation=False; AnimationType=None; AvatarSetup=NoAvatar; HasAvatar=False","Unknown","No imported/embedded animation clips detected"
"SM_Item_WalkieTalkie_01","FBX / ModelImporter","Assets/PolygonApocalypse/Models/SM_Item_WalkieTalkie_01.fbx","PolygonApocalypse","No","No",0,"","No","ImportAnimation=False; AnimationType=None; AvatarSetup=NoAvatar; HasAvatar=False","Walk","No imported/embedded animation clips detected"
"SM_Item_Wirecutter_01","FBX / ModelImporter","Assets/PolygonApocalypse/Models/SM_Item_Wirecutter_01.fbx","PolygonApocalypse","No","No",0,"","No","ImportAnimation=False; AnimationType=None; AvatarSetup=NoAvatar; HasAvatar=False","Unknown","No imported/embedded animation clips detected"
"SM_Prop_Aircon_01","FBX / ModelImporter","Assets/PolygonApocalypse/Models/SM_Prop_Aircon_01.fbx","PolygonApocalypse","No","No",0,"","No","ImportAnimation=False; AnimationType=None; AvatarSetup=NoAvatar; HasAvatar=False","Unknown","No imported/embedded animation clips detected"
"SM_Prop_Aircon_02","FBX / ModelImporter","Assets/PolygonApocalypse/Models/SM_Prop_Aircon_02.fbx","PolygonApocalypse","No","No",0,"","No","ImportAnimation=False; AnimationType=None; AvatarSetup=NoAvatar; HasAvatar=False","Unknown","No imported/embedded animation clips detected"
"SM_Prop_Alcohol_Broken_01","FBX / ModelImporter","Assets/PolygonApocalypse/Models/SM_Prop_Alcohol_Broken_01.fbx","PolygonApocalypse","No","No",0,"","No","ImportAnimation=False; AnimationType=None; AvatarSetup=NoAvatar; HasAvatar=False","Unknown","No imported/embedded animation clips detected"
"SM_Prop_Ammo_Box_01","FBX / ModelImporter","Assets/PolygonApocalypse/Models/SM_Prop_Ammo_Box_01.fbx","PolygonApocalypse","No","No",0,"","No","ImportAnimation=False; AnimationType=None; AvatarSetup=NoAvatar; HasAvatar=False","Unknown","No imported/embedded animation clips detected"
"SM_Prop_Ammo_Box_Belt_01","FBX / ModelImporter","Assets/PolygonApocalypse/Models/SM_Prop_Ammo_Box_Belt_01.fbx","PolygonApocalypse","No","No",0,"","No","ImportAnimation=False; AnimationType=None; AvatarSetup=NoAvatar; HasAvatar=False","Unknown","No imported/embedded animation clips detected"
"SM_Prop_Ammo_Box_Open_01","FBX / ModelImporter","Assets/PolygonApocalypse/Models/SM_Prop_Ammo_Box_Open_01.fbx","PolygonApocalypse","No","No",0,"","No","ImportAnimation=False; AnimationType=None; AvatarSetup=NoAvatar; HasAvatar=False","Unknown","No imported/embedded animation clips detected"
"SM_Prop_AmmoBox_01","FBX / ModelImporter","Assets/PolygonApocalypse/Models/SM_Prop_AmmoBox_01.fbx","PolygonApocalypse","No","No",0,"","No","ImportAnimation=False; AnimationType=None; AvatarSetup=NoAvatar; HasAvatar=False","Unknown","No imported/embedded animation clips detected"
"SM_Prop_Anvil_01","FBX / ModelImporter","Assets/PolygonApocalypse/Models/SM_Prop_Anvil_01.fbx","PolygonApocalypse","No","No",0,"","No","ImportAnimation=False; AnimationType=None; AvatarSetup=NoAvatar; HasAvatar=False","Unknown","No imported/embedded animation clips detected"
"SM_Prop_BabyCot_01","FBX / ModelImporter","Assets/PolygonApocalypse/Models/SM_Prop_BabyCot_01.fbx","PolygonApocalypse","No","No",0,"","No","ImportAnimation=False; AnimationType=None; AvatarSetup=NoAvatar; HasAvatar=False","Unknown","No imported/embedded animation clips detected"
"SM_Prop_Backetball_Hoop_01","FBX / ModelImporter","Assets/PolygonApocalypse/Models/SM_Prop_Backetball_Hoop_01.fbx","PolygonApocalypse","No","No",0,"","No","ImportAnimation=False; AnimationType=None; AvatarSetup=NoAvatar; HasAvatar=False","Unknown","No imported/embedded animation clips detected"
"SM_Prop_Backetball_Hoop_02","FBX / ModelImporter","Assets/PolygonApocalypse/Models/SM_Prop_Backetball_Hoop_02.fbx","PolygonApocalypse","No","Yes",0,"","Yes","ImportAnimation=True; AnimationType=Generic; AvatarSetup=CreateFromThisModel; HasAvatar=True","Unknown","No imported/embedded animation clips detected"
"SM_Prop_Bandit_Skull_01","FBX / ModelImporter","Assets/PolygonApocalypse/Models/SM_Prop_Bandit_Skull_01.fbx","PolygonApocalypse","No","No",0,"","No","ImportAnimation=False; AnimationType=None; AvatarSetup=NoAvatar; HasAvatar=False","Unknown","No imported/embedded animation clips detected"
"SM_Prop_Barbeque_01","FBX / ModelImporter","Assets/PolygonApocalypse/Models/SM_Prop_Barbeque_01.fbx","PolygonApocalypse","No","No",0,"","No","ImportAnimation=False; AnimationType=None; AvatarSetup=NoAvatar; HasAvatar=False","Unknown","No imported/embedded animation clips detected"
"SM_Prop_Barrel_01","FBX / ModelImporter","Assets/PolygonApocalypse/Models/SM_Prop_Barrel_01.fbx","PolygonApocalypse","No","No",0,"","No","ImportAnimation=False; AnimationType=None; AvatarSetup=NoAvatar; HasAvatar=False","Unknown","No imported/embedded animation clips detected"
"SM_Prop_Barrel_02","FBX / ModelImporter","Assets/PolygonApocalypse/Models/SM_Prop_Barrel_02.fbx","PolygonApocalypse","No","No",0,"","No","ImportAnimation=False; AnimationType=None; AvatarSetup=NoAvatar; HasAvatar=False","Unknown","No imported/embedded animation clips detected"
"SM_Prop_Barrel_Coloured_01","FBX / ModelImporter","Assets/PolygonApocalypse/Models/SM_Prop_Barrel_Coloured_01.fbx","PolygonApocalypse","No","No",0,"","No","ImportAnimation=False; AnimationType=None; AvatarSetup=NoAvatar; HasAvatar=False","Unknown","No imported/embedded animation clips detected"
"SM_Prop_Barrel_Nuke_01","FBX / ModelImporter","Assets/PolygonApocalypse/Models/SM_Prop_Barrel_Nuke_01.fbx","PolygonApocalypse","No","No",0,"","No","ImportAnimation=False; AnimationType=None; AvatarSetup=NoAvatar; HasAvatar=False","Unknown","No imported/embedded animation clips detected"
"SM_Prop_Barrel_Nuke_02","FBX / ModelImporter","Assets/PolygonApocalypse/Models/SM_Prop_Barrel_Nuke_02.fbx","PolygonApocalypse","No","No",0,"","No","ImportAnimation=False; AnimationType=None; AvatarSetup=NoAvatar; HasAvatar=False","Unknown","No imported/embedded animation clips detected"
"SM_Prop_Barrel_Nuke_Pool_01","FBX / ModelImporter","Assets/PolygonApocalypse/Models/SM_Prop_Barrel_Nuke_Pool_01.fbx","PolygonApocalypse","No","No",0,"","No","ImportAnimation=False; AnimationType=None; AvatarSetup=NoAvatar; HasAvatar=False","Unknown","No imported/embedded animation clips detected"
"SM_Prop_Barrel_Old_01","FBX / ModelImporter","Assets/PolygonApocalypse/Models/SM_Prop_Barrel_Old_01.fbx","PolygonApocalypse","No","No",0,"","No","ImportAnimation=False; AnimationType=None; AvatarSetup=NoAvatar; HasAvatar=False","Unknown","No imported/embedded animation clips detected"
"SM_Prop_Barrel_Open_01","FBX / ModelImporter","Assets/PolygonApocalypse/Models/SM_Prop_Barrel_Open_01.fbx","PolygonApocalypse","No","No",0,"","No","ImportAnimation=False; AnimationType=None; AvatarSetup=NoAvatar; HasAvatar=False","Unknown","No imported/embedded animation clips detected"
"SM_Prop_Barrel_Stand_01","FBX / ModelImporter","Assets/PolygonApocalypse/Models/SM_Prop_Barrel_Stand_01.fbx","PolygonApocalypse","No","No",0,"","No","ImportAnimation=False; AnimationType=None; AvatarSetup=NoAvatar; HasAvatar=False","Unknown","No imported/embedded animation clips detected"
"SM_Prop_Barrel_Warning_01","FBX / ModelImporter","Assets/PolygonApocalypse/Models/SM_Prop_Barrel_Warning_01.fbx","PolygonApocalypse","No","No",0,"","No","ImportAnimation=False; AnimationType=None; AvatarSetup=NoAvatar; HasAvatar=False","Unknown","No imported/embedded animation clips detected"
"SM_Prop_Barrel_Water_01","FBX / ModelImporter","Assets/PolygonApocalypse/Models/SM_Prop_Barrel_Water_01.fbx","PolygonApocalypse","No","No",0,"","No","ImportAnimation=False; AnimationType=None; AvatarSetup=NoAvatar; HasAvatar=False","Unknown","No imported/embedded animation clips detected"
"SM_Prop_Barrel_Water_Open_01","FBX / ModelImporter","Assets/PolygonApocalypse/Models/SM_Prop_Barrel_Water_Open_01.fbx","PolygonApocalypse","No","No",0,"","No","ImportAnimation=False; AnimationType=None; AvatarSetup=NoAvatar; HasAvatar=False","Unknown","No imported/embedded animation clips detected"
"SM_Prop_BarrelStack_01","FBX / ModelImporter","Assets/PolygonApocalypse/Models/SM_Prop_BarrelStack_01.fbx","PolygonApocalypse","No","No",0,"","No","ImportAnimation=False; AnimationType=None; AvatarSetup=NoAvatar; HasAvatar=False","Unknown","No imported/embedded animation clips detected"
"SM_Prop_BarrelStack_01_Tarp","FBX / ModelImporter","Assets/PolygonApocalypse/Models/SM_Prop_BarrelStack_01_Tarp.fbx","PolygonApocalypse","No","Yes",0,"","Yes","ImportAnimation=True; AnimationType=Generic; AvatarSetup=CreateFromThisModel; HasAvatar=True","Unknown","No imported/embedded animation clips detected"
"SM_Prop_BarrelStack_02","FBX / ModelImporter","Assets/PolygonApocalypse/Models/SM_Prop_BarrelStack_02.fbx","PolygonApocalypse","No","No",0,"","No","ImportAnimation=False; AnimationType=None; AvatarSetup=NoAvatar; HasAvatar=False","Unknown","No imported/embedded animation clips detected"
"SM_Prop_Barricade_01","FBX / ModelImporter","Assets/PolygonApocalypse/Models/SM_Prop_Barricade_01.fbx","PolygonApocalypse","No","No",0,"","No","ImportAnimation=False; AnimationType=None; AvatarSetup=NoAvatar; HasAvatar=False","Unknown","No imported/embedded animation clips detected"
"SM_Prop_Barricade_02","FBX / ModelImporter","Assets/PolygonApocalypse/Models/SM_Prop_Barricade_02.fbx","PolygonApocalypse","No","No",0,"","No","ImportAnimation=False; AnimationType=None; AvatarSetup=NoAvatar; HasAvatar=False","Unknown","No imported/embedded animation clips detected"
"SM_Prop_Barricade_03","FBX / ModelImporter","Assets/PolygonApocalypse/Models/SM_Prop_Barricade_03.fbx","PolygonApocalypse","No","No",0,"","No","ImportAnimation=False; AnimationType=None; AvatarSetup=NoAvatar; HasAvatar=False","Unknown","No imported/embedded animation clips detected"
"SM_Prop_Barricade_04","FBX / ModelImporter","Assets/PolygonApocalypse/Models/SM_Prop_Barricade_04.fbx","PolygonApocalypse","No","No",0,"","No","ImportAnimation=False; AnimationType=None; AvatarSetup=NoAvatar; HasAvatar=False","Unknown","No imported/embedded animation clips detected"
"SM_Prop_Barricade_05","FBX / ModelImporter","Assets/PolygonApocalypse/Models/SM_Prop_Barricade_05.fbx","PolygonApocalypse","No","No",0,"","No","ImportAnimation=False; AnimationType=None; AvatarSetup=NoAvatar; HasAvatar=False","Unknown","No imported/embedded animation clips detected"
"SM_Prop_Barricade_06","FBX / ModelImporter","Assets/PolygonApocalypse/Models/SM_Prop_Barricade_06.fbx","PolygonApocalypse","No","No",0,"","No","ImportAnimation=False; AnimationType=None; AvatarSetup=NoAvatar; HasAvatar=False","Unknown","No imported/embedded animation clips detected"
"SM_Prop_Barricade_07","FBX / ModelImporter","Assets/PolygonApocalypse/Models/SM_Prop_Barricade_07.fbx","PolygonApocalypse","No","No",0,"","No","ImportAnimation=False; AnimationType=None; AvatarSetup=NoAvatar; HasAvatar=False","Unknown","No imported/embedded animation clips detected"
"SM_Prop_Barricade_08","FBX / ModelImporter","Assets/PolygonApocalypse/Models/SM_Prop_Barricade_08.fbx","PolygonApocalypse","No","No",0,"","No","ImportAnimation=False; AnimationType=None; AvatarSetup=NoAvatar; HasAvatar=False","Unknown","No imported/embedded animation clips detected"
"SM_Prop_Barricade_09","FBX / ModelImporter","Assets/PolygonApocalypse/Models/SM_Prop_Barricade_09.fbx","PolygonApocalypse","No","No",0,"","No","ImportAnimation=False; AnimationType=None; AvatarSetup=NoAvatar; HasAvatar=False","Unknown","No imported/embedded animation clips detected"
"SM_Prop_Barricade_10","FBX / ModelImporter","Assets/PolygonApocalypse/Models/SM_Prop_Barricade_10.fbx","PolygonApocalypse","No","No",0,"","No","ImportAnimation=False; AnimationType=None; AvatarSetup=NoAvatar; HasAvatar=False","Unknown","No imported/embedded animation clips detected"
"SM_Prop_Barricade_11","FBX / ModelImporter","Assets/PolygonApocalypse/Models/SM_Prop_Barricade_11.fbx","PolygonApocalypse","No","No",0,"","No","ImportAnimation=False; AnimationType=None; AvatarSetup=NoAvatar; HasAvatar=False","Unknown","No imported/embedded animation clips detected"
"SM_Prop_Barricade_12","FBX / ModelImporter","Assets/PolygonApocalypse/Models/SM_Prop_Barricade_12.fbx","PolygonApocalypse","No","No",0,"","No","ImportAnimation=False; AnimationType=None; AvatarSetup=NoAvatar; HasAvatar=False","Unknown","No imported/embedded animation clips detected"
"SM_Prop_Barricade_13","FBX / ModelImporter","Assets/PolygonApocalypse/Models/SM_Prop_Barricade_13.fbx","PolygonApocalypse","No","No",0,"","No","ImportAnimation=False; AnimationType=None; AvatarSetup=NoAvatar; HasAvatar=False","Unknown","No imported/embedded animation clips detected"
"SM_Prop_Barricade_Concrete_01","FBX / ModelImporter","Assets/PolygonApocalypse/Models/SM_Prop_Barricade_Concrete_01.fbx","PolygonApocalypse","No","No",0,"","No","ImportAnimation=False; AnimationType=None; AvatarSetup=NoAvatar; HasAvatar=False","Unknown","No imported/embedded animation clips detected"
"SM_Prop_Barricade_Corrugated_01","FBX / ModelImporter","Assets/PolygonApocalypse/Models/SM_Prop_Barricade_Corrugated_01.fbx","PolygonApocalypse","No","No",0,"","No","ImportAnimation=False; AnimationType=None; AvatarSetup=NoAvatar; HasAvatar=False","Unknown","No imported/embedded animation clips detected"
"SM_Prop_Barricade_DiamondPlate_01","FBX / ModelImporter","Assets/PolygonApocalypse/Models/SM_Prop_Barricade_DiamondPlate_01.fbx","PolygonApocalypse","No","No",0,"","No","ImportAnimation=False; AnimationType=None; AvatarSetup=NoAvatar; HasAvatar=False","Unknown","No imported/embedded animation clips detected"
"SM_Prop_Barricade_Metal_01","FBX / ModelImporter","Assets/PolygonApocalypse/Models/SM_Prop_Barricade_Metal_01.fbx","PolygonApocalypse","No","No",0,"","No","ImportAnimation=False; AnimationType=None; AvatarSetup=NoAvatar; HasAvatar=False","Unknown","No imported/embedded animation clips detected"
"SM_Prop_Barricade_Pallet_01","FBX / ModelImporter","Assets/PolygonApocalypse/Models/SM_Prop_Barricade_Pallet_01.fbx","PolygonApocalypse","No","No",0,"","No","ImportAnimation=False; AnimationType=None; AvatarSetup=NoAvatar; HasAvatar=False","Unknown","No imported/embedded animation clips detected"
"SM_Prop_Barricade_Wired_01","FBX / ModelImporter","Assets/PolygonApocalypse/Models/SM_Prop_Barricade_Wired_01.fbx","PolygonApocalypse","No","No",0,"","No","ImportAnimation=False; AnimationType=None; AvatarSetup=NoAvatar; HasAvatar=False","Unknown","No imported/embedded animation clips detected"
"SM_Prop_Barricade_Wired_02","FBX / ModelImporter","Assets/PolygonApocalypse/Models/SM_Prop_Barricade_Wired_02.fbx","PolygonApocalypse","No","No",0,"","No","ImportAnimation=False; AnimationType=None; AvatarSetup=NoAvatar; HasAvatar=False","Unknown","No imported/embedded animation clips detected"
"SM_Prop_Barrier_Concrete_01","FBX / ModelImporter","Assets/PolygonApocalypse/Models/SM_Prop_Barrier_Concrete_01.fbx","PolygonApocalypse","No","No",0,"","No","ImportAnimation=False; AnimationType=None; AvatarSetup=NoAvatar; HasAvatar=False","Unknown","No imported/embedded animation clips detected"
"SM_Prop_Barrier_Concrete_02","FBX / ModelImporter","Assets/PolygonApocalypse/Models/SM_Prop_Barrier_Concrete_02.fbx","PolygonApocalypse","No","No",0,"","No","ImportAnimation=False; AnimationType=None; AvatarSetup=NoAvatar; HasAvatar=False","Unknown","No imported/embedded animation clips detected"
"SM_Prop_Barrier_Concrete_Bare_01","FBX / ModelImporter","Assets/PolygonApocalypse/Models/SM_Prop_Barrier_Concrete_Bare_01.fbx","PolygonApocalypse","No","No",0,"","No","ImportAnimation=False; AnimationType=None; AvatarSetup=NoAvatar; HasAvatar=False","Unknown","No imported/embedded animation clips detected"
"SM_Prop_Barrier_Concrete_Bare_02","FBX / ModelImporter","Assets/PolygonApocalypse/Models/SM_Prop_Barrier_Concrete_Bare_02.fbx","PolygonApocalypse","No","No",0,"","No","ImportAnimation=False; AnimationType=None; AvatarSetup=NoAvatar; HasAvatar=False","Unknown","No imported/embedded animation clips detected"
"SM_Prop_Barrier_Concrete_Bare_Broken_01","FBX / ModelImporter","Assets/PolygonApocalypse/Models/SM_Prop_Barrier_Concrete_Bare_Broken_01.fbx","PolygonApocalypse","No","No",0,"","No","ImportAnimation=False; AnimationType=None; AvatarSetup=NoAvatar; HasAvatar=False","Unknown","No imported/embedded animation clips detected"
"SM_Prop_Barrier_Concrete_Bare_Broken_02","FBX / ModelImporter","Assets/PolygonApocalypse/Models/SM_Prop_Barrier_Concrete_Bare_Broken_02.fbx","PolygonApocalypse","No","No",0,"","No","ImportAnimation=False; AnimationType=None; AvatarSetup=NoAvatar; HasAvatar=False","Unknown","No imported/embedded animation clips detected"
"SM_Prop_Barrier_Concrete_Broken_01","FBX / ModelImporter","Assets/PolygonApocalypse/Models/SM_Prop_Barrier_Concrete_Broken_01.fbx","PolygonApocalypse","No","No",0,"","No","ImportAnimation=False; AnimationType=None; AvatarSetup=NoAvatar; HasAvatar=False","Unknown","No imported/embedded animation clips detected"
"SM_Prop_Barrier_Concrete_Broken_02","FBX / ModelImporter","Assets/PolygonApocalypse/Models/SM_Prop_Barrier_Concrete_Broken_02.fbx","PolygonApocalypse","No","No",0,"","No","ImportAnimation=False; AnimationType=None; AvatarSetup=NoAvatar; HasAvatar=False","Unknown","No imported/embedded animation clips detected"
"SM_Prop_Barrier_Concrete_Half_01","FBX / ModelImporter","Assets/PolygonApocalypse/Models/SM_Prop_Barrier_Concrete_Half_01.fbx","PolygonApocalypse","No","No",0,"","No","ImportAnimation=False; AnimationType=None; AvatarSetup=NoAvatar; HasAvatar=False","Unknown","No imported/embedded animation clips detected"
"SM_Prop_Barrier_Concrete_Half_Bare_01","FBX / ModelImporter","Assets/PolygonApocalypse/Models/SM_Prop_Barrier_Concrete_Half_Bare_01.fbx","PolygonApocalypse","No","No",0,"","No","ImportAnimation=False; AnimationType=None; AvatarSetup=NoAvatar; HasAvatar=False","Unknown","No imported/embedded animation clips detected"
"SM_Prop_Barrier_Long_01","FBX / ModelImporter","Assets/PolygonApocalypse/Models/SM_Prop_Barrier_Long_01.fbx","PolygonApocalypse","No","No",0,"","No","ImportAnimation=False; AnimationType=None; AvatarSetup=NoAvatar; HasAvatar=False","Unknown","No imported/embedded animation clips detected"
"SM_Prop_Barrier_Long_Bare_01","FBX / ModelImporter","Assets/PolygonApocalypse/Models/SM_Prop_Barrier_Long_Bare_01.fbx","PolygonApocalypse","No","No",0,"","No","ImportAnimation=False; AnimationType=None; AvatarSetup=NoAvatar; HasAvatar=False","Unknown","No imported/embedded animation clips detected"
"SM_Prop_Barrier_Plastic_01","FBX / ModelImporter","Assets/PolygonApocalypse/Models/SM_Prop_Barrier_Plastic_01.fbx","PolygonApocalypse","No","No",0,"","No","ImportAnimation=False; AnimationType=None; AvatarSetup=NoAvatar; HasAvatar=False","Unknown","No imported/embedded animation clips detected"
"SM_Prop_Barrier_Plastic_02","FBX / ModelImporter","Assets/PolygonApocalypse/Models/SM_Prop_Barrier_Plastic_02.fbx","PolygonApocalypse","No","No",0,"","No","ImportAnimation=False; AnimationType=None; AvatarSetup=NoAvatar; HasAvatar=False","Unknown","No imported/embedded animation clips detected"
"SM_Prop_Barrier_Rubble_01","FBX / ModelImporter","Assets/PolygonApocalypse/Models/SM_Prop_Barrier_Rubble_01.fbx","PolygonApocalypse","No","No",0,"","No","ImportAnimation=False; AnimationType=None; AvatarSetup=NoAvatar; HasAvatar=False","Unknown","No imported/embedded animation clips detected"
"SM_Prop_BathroomSink_02","FBX / ModelImporter","Assets/PolygonApocalypse/Models/SM_Prop_BathroomSink_02.fbx","PolygonApocalypse","No","No",0,"","No","ImportAnimation=False; AnimationType=None; AvatarSetup=NoAvatar; HasAvatar=False","Unknown","No imported/embedded animation clips detected"
"SM_Prop_Bathtub_01","FBX / ModelImporter","Assets/PolygonApocalypse/Models/SM_Prop_Bathtub_01.fbx","PolygonApocalypse","No","No",0,"","No","ImportAnimation=False; AnimationType=None; AvatarSetup=NoAvatar; HasAvatar=False","Unknown","No imported/embedded animation clips detected"
"SM_Prop_Beam_01","FBX / ModelImporter","Assets/PolygonApocalypse/Models/SM_Prop_Beam_01.fbx","PolygonApocalypse","No","No",0,"","No","ImportAnimation=False; AnimationType=None; AvatarSetup=NoAvatar; HasAvatar=False","Unknown","No imported/embedded animation clips detected"
"SM_Prop_Bear_Trap_01","FBX / ModelImporter","Assets/PolygonApocalypse/Models/SM_Prop_Bear_Trap_01.fbx","PolygonApocalypse","No","No",0,"","No","ImportAnimation=False; AnimationType=None; AvatarSetup=NoAvatar; HasAvatar=False","Unknown","No imported/embedded animation clips detected"
"SM_Prop_Bed_Bunk_01","FBX / ModelImporter","Assets/PolygonApocalypse/Models/SM_Prop_Bed_Bunk_01.fbx","PolygonApocalypse","No","No",0,"","No","ImportAnimation=False; AnimationType=None; AvatarSetup=NoAvatar; HasAvatar=False","Unknown","No imported/embedded animation clips detected"
"SM_Prop_Bed_Gurney_01","FBX / ModelImporter","Assets/PolygonApocalypse/Models/SM_Prop_Bed_Gurney_01.fbx","PolygonApocalypse","No","No",0,"","No","ImportAnimation=False; AnimationType=None; AvatarSetup=NoAvatar; HasAvatar=False","Unknown","No imported/embedded animation clips detected"
"SM_Prop_Bed_Gurney_BodySheet_01","FBX / ModelImporter","Assets/PolygonApocalypse/Models/SM_Prop_Bed_Gurney_BodySheet_01.fbx","PolygonApocalypse","No","No",0,"","No","ImportAnimation=False; AnimationType=None; AvatarSetup=NoAvatar; HasAvatar=False","Unknown","No imported/embedded animation clips detected"
"SM_Prop_Bed_Hospital_01","FBX / ModelImporter","Assets/PolygonApocalypse/Models/SM_Prop_Bed_Hospital_01.fbx","PolygonApocalypse","No","No",0,"","No","ImportAnimation=False; AnimationType=None; AvatarSetup=NoAvatar; HasAvatar=False","Unknown","No imported/embedded animation clips detected"
"SM_Prop_Bedframe_01","FBX / ModelImporter","Assets/PolygonApocalypse/Models/SM_Prop_Bedframe_01.fbx","PolygonApocalypse","No","No",0,"","No","ImportAnimation=False; AnimationType=None; AvatarSetup=NoAvatar; HasAvatar=False","Unknown","No imported/embedded animation clips detected"
"SM_Prop_Bedframe_02","FBX / ModelImporter","Assets/PolygonApocalypse/Models/SM_Prop_Bedframe_02.fbx","PolygonApocalypse","No","No",0,"","No","ImportAnimation=False; AnimationType=None; AvatarSetup=NoAvatar; HasAvatar=False","Unknown","No imported/embedded animation clips detected"
"SM_Prop_BedMatress_01","FBX / ModelImporter","Assets/PolygonApocalypse/Models/SM_Prop_BedMatress_01.fbx","PolygonApocalypse","No","No",0,"","No","ImportAnimation=False; AnimationType=None; AvatarSetup=NoAvatar; HasAvatar=False","Unknown","No imported/embedded animation clips detected"
"SM_Prop_BedMatress_02","FBX / ModelImporter","Assets/PolygonApocalypse/Models/SM_Prop_BedMatress_02.fbx","PolygonApocalypse","No","No",0,"","No","ImportAnimation=False; AnimationType=None; AvatarSetup=NoAvatar; HasAvatar=False","Unknown","No imported/embedded animation clips detected"
"SM_Prop_Bike_Broken_01","FBX / ModelImporter","Assets/PolygonApocalypse/Models/SM_Prop_Bike_Broken_01.fbx","PolygonApocalypse","No","No",0,"","No","ImportAnimation=False; AnimationType=None; AvatarSetup=NoAvatar; HasAvatar=False","Unknown","No imported/embedded animation clips detected"
"SM_Prop_Billboard_Roof_01","FBX / ModelImporter","Assets/PolygonApocalypse/Models/SM_Prop_Billboard_Roof_01.fbx","PolygonApocalypse","No","No",0,"","No","ImportAnimation=False; AnimationType=None; AvatarSetup=NoAvatar; HasAvatar=False","Unknown","No imported/embedded animation clips detected"
"SM_Prop_Billboard_Sign_01","FBX / ModelImporter","Assets/PolygonApocalypse/Models/SM_Prop_Billboard_Sign_01.fbx","PolygonApocalypse","No","No",0,"","No","ImportAnimation=False; AnimationType=None; AvatarSetup=NoAvatar; HasAvatar=False","Unknown","No imported/embedded animation clips detected"
"SM_Prop_Billboard_Sign_02","FBX / ModelImporter","Assets/PolygonApocalypse/Models/SM_Prop_Billboard_Sign_02.fbx","PolygonApocalypse","No","No",0,"","No","ImportAnimation=False; AnimationType=None; AvatarSetup=NoAvatar; HasAvatar=False","Unknown","No imported/embedded animation clips detected"
"SM_Prop_Billboard_Sign_03","FBX / ModelImporter","Assets/PolygonApocalypse/Models/SM_Prop_Billboard_Sign_03.fbx","PolygonApocalypse","No","No",0,"","No","ImportAnimation=False; AnimationType=None; AvatarSetup=NoAvatar; HasAvatar=False","Unknown","No imported/embedded animation clips detected"
"SM_Prop_Billboard_Sign_04","FBX / ModelImporter","Assets/PolygonApocalypse/Models/SM_Prop_Billboard_Sign_04.fbx","PolygonApocalypse","No","No",0,"","No","ImportAnimation=False; AnimationType=None; AvatarSetup=NoAvatar; HasAvatar=False","Unknown","No imported/embedded animation clips detected"
"SM_Prop_Billboard_Sign_05","FBX / ModelImporter","Assets/PolygonApocalypse/Models/SM_Prop_Billboard_Sign_05.fbx","PolygonApocalypse","No","No",0,"","No","ImportAnimation=False; AnimationType=None; AvatarSetup=NoAvatar; HasAvatar=False","Unknown","No imported/embedded animation clips detected"
"SM_Prop_Billboard_Sign_06","FBX / ModelImporter","Assets/PolygonApocalypse/Models/SM_Prop_Billboard_Sign_06.fbx","PolygonApocalypse","No","No",0,"","No","ImportAnimation=False; AnimationType=None; AvatarSetup=NoAvatar; HasAvatar=False","Unknown","No imported/embedded animation clips detected"
"SM_Prop_Billboard_Sign_07","FBX / ModelImporter","Assets/PolygonApocalypse/Models/SM_Prop_Billboard_Sign_07.fbx","PolygonApocalypse","No","No",0,"","No","ImportAnimation=False; AnimationType=None; AvatarSetup=NoAvatar; HasAvatar=False","Unknown","No imported/embedded animation clips detected"
"SM_Prop_Billboard_Sign_08","FBX / ModelImporter","Assets/PolygonApocalypse/Models/SM_Prop_Billboard_Sign_08.fbx","PolygonApocalypse","No","No",0,"","No","ImportAnimation=False; AnimationType=None; AvatarSetup=NoAvatar; HasAvatar=False","Unknown","No imported/embedded animation clips detected"
"SM_Prop_Blackboard_01","FBX / ModelImporter","Assets/PolygonApocalypse/Models/SM_Prop_Blackboard_01.fbx","PolygonApocalypse","No","No",0,"","No","ImportAnimation=False; AnimationType=None; AvatarSetup=NoAvatar; HasAvatar=False","Unknown","No imported/embedded animation clips detected"
"SM_Prop_BloodPool_01","FBX / ModelImporter","Assets/PolygonApocalypse/Models/SM_Prop_BloodPool_01.fbx","PolygonApocalypse","No","No",0,"","No","ImportAnimation=False; AnimationType=None; AvatarSetup=NoAvatar; HasAvatar=False","Unknown","No imported/embedded animation clips detected"
"SM_Prop_BloodPool_02","FBX / ModelImporter","Assets/PolygonApocalypse/Models/SM_Prop_BloodPool_02.fbx","PolygonApocalypse","No","No",0,"","No","ImportAnimation=False; AnimationType=None; AvatarSetup=NoAvatar; HasAvatar=False","Unknown","No imported/embedded animation clips detected"
"SM_Prop_BloodPool_03","FBX / ModelImporter","Assets/PolygonApocalypse/Models/SM_Prop_BloodPool_03.fbx","PolygonApocalypse","No","No",0,"","No","ImportAnimation=False; AnimationType=None; AvatarSetup=NoAvatar; HasAvatar=False","Unknown","No imported/embedded animation clips detected"
"SM_Prop_BloodPool_04","FBX / ModelImporter","Assets/PolygonApocalypse/Models/SM_Prop_BloodPool_04.fbx","PolygonApocalypse","No","No",0,"","No","ImportAnimation=False; AnimationType=None; AvatarSetup=NoAvatar; HasAvatar=False","Unknown","No imported/embedded animation clips detected"
"SM_Prop_BloodPool_05","FBX / ModelImporter","Assets/PolygonApocalypse/Models/SM_Prop_BloodPool_05.fbx","PolygonApocalypse","No","No",0,"","No","ImportAnimation=False; AnimationType=None; AvatarSetup=NoAvatar; HasAvatar=False","Unknown","No imported/embedded animation clips detected"
"SM_Prop_BloodSplat_01","FBX / ModelImporter","Assets/PolygonApocalypse/Models/SM_Prop_BloodSplat_01.fbx","PolygonApocalypse","No","No",0,"","No","ImportAnimation=False; AnimationType=None; AvatarSetup=NoAvatar; HasAvatar=False","Unknown","No imported/embedded animation clips detected"
"SM_Prop_BodyBag_01","FBX / ModelImporter","Assets/PolygonApocalypse/Models/SM_Prop_BodyBag_01.fbx","PolygonApocalypse","No","No",0,"","No","ImportAnimation=False; AnimationType=None; AvatarSetup=NoAvatar; HasAvatar=False","Unknown","No imported/embedded animation clips detected"
"SM_Prop_BodyBag_02","FBX / ModelImporter","Assets/PolygonApocalypse/Models/SM_Prop_BodyBag_02.fbx","PolygonApocalypse","No","No",0,"","No","ImportAnimation=False; AnimationType=None; AvatarSetup=NoAvatar; HasAvatar=False","Unknown","No imported/embedded animation clips detected"
"SM_Prop_BodyBag_03","FBX / ModelImporter","Assets/PolygonApocalypse/Models/SM_Prop_BodyBag_03.fbx","PolygonApocalypse","No","No",0,"","No","ImportAnimation=False; AnimationType=None; AvatarSetup=NoAvatar; HasAvatar=False","Unknown","No imported/embedded animation clips detected"
"SM_Prop_BodyBag_04","FBX / ModelImporter","Assets/PolygonApocalypse/Models/SM_Prop_BodyBag_04.fbx","PolygonApocalypse","No","No",0,"","No","ImportAnimation=False; AnimationType=None; AvatarSetup=NoAvatar; HasAvatar=False","Unknown","No imported/embedded animation clips detected"
"SM_Prop_BodyBag_Pile_01","FBX / ModelImporter","Assets/PolygonApocalypse/Models/SM_Prop_BodyBag_Pile_01.fbx","PolygonApocalypse","No","No",0,"","No","ImportAnimation=False; AnimationType=None; AvatarSetup=NoAvatar; HasAvatar=False","Unknown","No imported/embedded animation clips detected"
"SM_Prop_BookPodium_01","FBX / ModelImporter","Assets/PolygonApocalypse/Models/SM_Prop_BookPodium_01.fbx","PolygonApocalypse","No","No",0,"","No","ImportAnimation=False; AnimationType=None; AvatarSetup=NoAvatar; HasAvatar=False","Unknown","No imported/embedded animation clips detected"
"SM_Prop_Bookshelf_01","FBX / ModelImporter","Assets/PolygonApocalypse/Models/SM_Prop_Bookshelf_01.fbx","PolygonApocalypse","No","No",0,"","No","ImportAnimation=False; AnimationType=None; AvatarSetup=NoAvatar; HasAvatar=False","Unknown","No imported/embedded animation clips detected"
"SM_Prop_Brick_01","FBX / ModelImporter","Assets/PolygonApocalypse/Models/SM_Prop_Brick_01.fbx","PolygonApocalypse","No","No",0,"","No","ImportAnimation=False; AnimationType=None; AvatarSetup=NoAvatar; HasAvatar=False","Unknown","No imported/embedded animation clips detected"
"SM_Prop_Brick_02","FBX / ModelImporter","Assets/PolygonApocalypse/Models/SM_Prop_Brick_02.fbx","PolygonApocalypse","No","No",0,"","No","ImportAnimation=False; AnimationType=None; AvatarSetup=NoAvatar; HasAvatar=False","Unknown","No imported/embedded animation clips detected"
"SM_Prop_Brick_03","FBX / ModelImporter","Assets/PolygonApocalypse/Models/SM_Prop_Brick_03.fbx","PolygonApocalypse","No","No",0,"","No","ImportAnimation=False; AnimationType=None; AvatarSetup=NoAvatar; HasAvatar=False","Unknown","No imported/embedded animation clips detected"
"SM_Prop_Brick_Half_01","FBX / ModelImporter","Assets/PolygonApocalypse/Models/SM_Prop_Brick_Half_01.fbx","PolygonApocalypse","No","No",0,"","No","ImportAnimation=False; AnimationType=None; AvatarSetup=NoAvatar; HasAvatar=False","Unknown","No imported/embedded animation clips detected"
"SM_Prop_Brick_Half_02","FBX / ModelImporter","Assets/PolygonApocalypse/Models/SM_Prop_Brick_Half_02.fbx","PolygonApocalypse","No","No",0,"","No","ImportAnimation=False; AnimationType=None; AvatarSetup=NoAvatar; HasAvatar=False","Unknown","No imported/embedded animation clips detected"
"SM_Prop_Briefcase_Flaregun_01","FBX / ModelImporter","Assets/PolygonApocalypse/Models/SM_Prop_Briefcase_Flaregun_01.fbx","PolygonApocalypse","No","No",0,"","No","ImportAnimation=False; AnimationType=None; AvatarSetup=NoAvatar; HasAvatar=False","Unknown","No imported/embedded animation clips detected"
"SM_Prop_Bullet_Casing_01","FBX / ModelImporter","Assets/PolygonApocalypse/Models/SM_Prop_Bullet_Casing_01.fbx","PolygonApocalypse","No","No",0,"","No","ImportAnimation=False; AnimationType=None; AvatarSetup=NoAvatar; HasAvatar=False","Unknown","No imported/embedded animation clips detected"
"SM_Prop_Bullet_Casing_02","FBX / ModelImporter","Assets/PolygonApocalypse/Models/SM_Prop_Bullet_Casing_02.fbx","PolygonApocalypse","No","No",0,"","No","ImportAnimation=False; AnimationType=None; AvatarSetup=NoAvatar; HasAvatar=False","Unknown","No imported/embedded animation clips detected"
"SM_Prop_Bullet_Casing_03","FBX / ModelImporter","Assets/PolygonApocalypse/Models/SM_Prop_Bullet_Casing_03.fbx","PolygonApocalypse","No","No",0,"","No","ImportAnimation=False; AnimationType=None; AvatarSetup=NoAvatar; HasAvatar=False","Unknown","No imported/embedded animation clips detected"
"SM_Prop_BulletHoles_01","FBX / ModelImporter","Assets/PolygonApocalypse/Models/SM_Prop_BulletHoles_01.fbx","PolygonApocalypse","No","No",0,"","No","ImportAnimation=False; AnimationType=None; AvatarSetup=NoAvatar; HasAvatar=False","Unknown","No imported/embedded animation clips detected"
"SM_Prop_BulletHoles_02","FBX / ModelImporter","Assets/PolygonApocalypse/Models/SM_Prop_BulletHoles_02.fbx","PolygonApocalypse","No","No",0,"","No","ImportAnimation=False; AnimationType=None; AvatarSetup=NoAvatar; HasAvatar=False","Unknown","No imported/embedded animation clips detected"
"SM_Prop_BulletHoles_03","FBX / ModelImporter","Assets/PolygonApocalypse/Models/SM_Prop_BulletHoles_03.fbx","PolygonApocalypse","No","No",0,"","No","ImportAnimation=False; AnimationType=None; AvatarSetup=NoAvatar; HasAvatar=False","Unknown","No imported/embedded animation clips detected"
"SM_Prop_BulletHoles_04","FBX / ModelImporter","Assets/PolygonApocalypse/Models/SM_Prop_BulletHoles_04.fbx","PolygonApocalypse","No","No",0,"","No","ImportAnimation=False; AnimationType=None; AvatarSetup=NoAvatar; HasAvatar=False","Unknown","No imported/embedded animation clips detected"
"SM_Prop_BulletHoles_05","FBX / ModelImporter","Assets/PolygonApocalypse/Models/SM_Prop_BulletHoles_05.fbx","PolygonApocalypse","No","No",0,"","No","ImportAnimation=False; AnimationType=None; AvatarSetup=NoAvatar; HasAvatar=False","Unknown","No imported/embedded animation clips detected"
"SM_Prop_Bunker_Light_01","FBX / ModelImporter","Assets/PolygonApocalypse/Models/SM_Prop_Bunker_Light_01.fbx","PolygonApocalypse","No","No",0,"","No","ImportAnimation=False; AnimationType=None; AvatarSetup=NoAvatar; HasAvatar=False","Unknown","No imported/embedded animation clips detected"
"SM_Prop_Bunker_RoofWire_01","FBX / ModelImporter","Assets/PolygonApocalypse/Models/SM_Prop_Bunker_RoofWire_01.fbx","PolygonApocalypse","No","No",0,"","No","ImportAnimation=False; AnimationType=None; AvatarSetup=NoAvatar; HasAvatar=False","Unknown","No imported/embedded animation clips detected"
"SM_Prop_Bunker_RoofWire_02","FBX / ModelImporter","Assets/PolygonApocalypse/Models/SM_Prop_Bunker_RoofWire_02.fbx","PolygonApocalypse","No","No",0,"","No","ImportAnimation=False; AnimationType=None; AvatarSetup=NoAvatar; HasAvatar=False","Unknown","No imported/embedded animation clips detected"
"SM_Prop_Bunker_WallPipe_01","FBX / ModelImporter","Assets/PolygonApocalypse/Models/SM_Prop_Bunker_WallPipe_01.fbx","PolygonApocalypse","No","No",0,"","No","ImportAnimation=False; AnimationType=None; AvatarSetup=NoAvatar; HasAvatar=False","Unknown","No imported/embedded animation clips detected"
"SM_Prop_Bunker_WallWires_01","FBX / ModelImporter","Assets/PolygonApocalypse/Models/SM_Prop_Bunker_WallWires_01.fbx","PolygonApocalypse","No","No",0,"","No","ImportAnimation=False; AnimationType=None; AvatarSetup=NoAvatar; HasAvatar=False","Unknown","No imported/embedded animation clips detected"
"SM_Prop_BurnPile_01","FBX / ModelImporter","Assets/PolygonApocalypse/Models/SM_Prop_BurnPile_01.fbx","PolygonApocalypse","No","No",0,"","No","ImportAnimation=False; AnimationType=None; AvatarSetup=NoAvatar; HasAvatar=False","Unknown","No imported/embedded animation clips detected"
"SM_Prop_BurnPile_02","FBX / ModelImporter","Assets/PolygonApocalypse/Models/SM_Prop_BurnPile_02.fbx","PolygonApocalypse","No","Yes",0,"","No","ImportAnimation=True; AnimationType=None; AvatarSetup=NoAvatar; HasAvatar=False","Unknown","No imported/embedded animation clips detected"
"SM_Prop_BurnPile_Books_01","FBX / ModelImporter","Assets/PolygonApocalypse/Models/SM_Prop_BurnPile_Books_01.fbx","PolygonApocalypse","No","No",0,"","No","ImportAnimation=False; AnimationType=None; AvatarSetup=NoAvatar; HasAvatar=False","Unknown","No imported/embedded animation clips detected"
"SM_Prop_BurnPile_Books_02","FBX / ModelImporter","Assets/PolygonApocalypse/Models/SM_Prop_BurnPile_Books_02.fbx","PolygonApocalypse","No","No",0,"","No","ImportAnimation=False; AnimationType=None; AvatarSetup=NoAvatar; HasAvatar=False","Unknown","No imported/embedded animation clips detected"
"SM_Prop_BurnPile_Books_03","FBX / ModelImporter","Assets/PolygonApocalypse/Models/SM_Prop_BurnPile_Books_03.fbx","PolygonApocalypse","No","No",0,"","No","ImportAnimation=False; AnimationType=None; AvatarSetup=NoAvatar; HasAvatar=False","Unknown","No imported/embedded animation clips detected"
"SM_Prop_BuzzBlade_01","FBX / ModelImporter","Assets/PolygonApocalypse/Models/SM_Prop_BuzzBlade_01.fbx","PolygonApocalypse","No","No",0,"","No","ImportAnimation=False; AnimationType=None; AvatarSetup=NoAvatar; HasAvatar=False","Unknown","No imported/embedded animation clips detected"
"SM_Prop_Cafe_Chair_01","FBX / ModelImporter","Assets/PolygonApocalypse/Models/SM_Prop_Cafe_Chair_01.fbx","PolygonApocalypse","No","No",0,"","No","ImportAnimation=False; AnimationType=None; AvatarSetup=NoAvatar; HasAvatar=False","Unknown","No imported/embedded animation clips detected"
"SM_Prop_Cafe_Sign_01","FBX / ModelImporter","Assets/PolygonApocalypse/Models/SM_Prop_Cafe_Sign_01.fbx","PolygonApocalypse","No","No",0,"","No","ImportAnimation=False; AnimationType=None; AvatarSetup=NoAvatar; HasAvatar=False","Unknown","No imported/embedded animation clips detected"
"SM_Prop_Cafe_Table_01","FBX / ModelImporter","Assets/PolygonApocalypse/Models/SM_Prop_Cafe_Table_01.fbx","PolygonApocalypse","No","No",0,"","No","ImportAnimation=False; AnimationType=None; AvatarSetup=NoAvatar; HasAvatar=False","Unknown","No imported/embedded animation clips detected"
"SM_Prop_Camp_Chair_01","FBX / ModelImporter","Assets/PolygonApocalypse/Models/SM_Prop_Camp_Chair_01.fbx","PolygonApocalypse","No","No",0,"","No","ImportAnimation=False; AnimationType=None; AvatarSetup=NoAvatar; HasAvatar=False","Unknown","No imported/embedded animation clips detected"
"SM_Prop_Car_Badge_01","FBX / ModelImporter","Assets/PolygonApocalypse/Models/SM_Prop_Car_Badge_01.fbx","PolygonApocalypse","No","No",0,"","No","ImportAnimation=False; AnimationType=None; AvatarSetup=NoAvatar; HasAvatar=False","Unknown","No imported/embedded animation clips detected"
"SM_Prop_Car_Badge_02","FBX / ModelImporter","Assets/PolygonApocalypse/Models/SM_Prop_Car_Badge_02.fbx","PolygonApocalypse","No","No",0,"","No","ImportAnimation=False; AnimationType=None; AvatarSetup=NoAvatar; HasAvatar=False","Unknown","No imported/embedded animation clips detected"
"SM_Prop_Car_Badge_03","FBX / ModelImporter","Assets/PolygonApocalypse/Models/SM_Prop_Car_Badge_03.fbx","PolygonApocalypse","No","No",0,"","No","ImportAnimation=False; AnimationType=None; AvatarSetup=NoAvatar; HasAvatar=False","Unknown","No imported/embedded animation clips detected"
"SM_Prop_Car_Bear_01","FBX / ModelImporter","Assets/PolygonApocalypse/Models/SM_Prop_Car_Bear_01.fbx","PolygonApocalypse","No","No",0,"","No","ImportAnimation=False; AnimationType=None; AvatarSetup=NoAvatar; HasAvatar=False","Unknown","No imported/embedded animation clips detected"
"SM_Prop_Car_Cap_01","FBX / ModelImporter","Assets/PolygonApocalypse/Models/SM_Prop_Car_Cap_01.fbx","PolygonApocalypse","No","No",0,"","No","ImportAnimation=False; AnimationType=None; AvatarSetup=NoAvatar; HasAvatar=False","Unknown","No imported/embedded animation clips detected"
"SM_Prop_Car_Ornament_01","FBX / ModelImporter","Assets/PolygonApocalypse/Models/SM_Prop_Car_Ornament_01.fbx","PolygonApocalypse","No","No",0,"","No","ImportAnimation=False; AnimationType=None; AvatarSetup=NoAvatar; HasAvatar=False","Unknown","No imported/embedded animation clips detected"
"SM_Prop_Car_Ornament_02","FBX / ModelImporter","Assets/PolygonApocalypse/Models/SM_Prop_Car_Ornament_02.fbx","PolygonApocalypse","No","No",0,"","No","ImportAnimation=False; AnimationType=None; AvatarSetup=NoAvatar; HasAvatar=False","Unknown","No imported/embedded animation clips detected"
"SM_Prop_Car_Ornament_03","FBX / ModelImporter","Assets/PolygonApocalypse/Models/SM_Prop_Car_Ornament_03.fbx","PolygonApocalypse","No","No",0,"","No","ImportAnimation=False; AnimationType=None; AvatarSetup=NoAvatar; HasAvatar=False","Unknown","No imported/embedded animation clips detected"
"SM_Prop_Car_Ornament_04","FBX / ModelImporter","Assets/PolygonApocalypse/Models/SM_Prop_Car_Ornament_04.fbx","PolygonApocalypse","No","No",0,"","No","ImportAnimation=False; AnimationType=None; AvatarSetup=NoAvatar; HasAvatar=False","Unknown","No imported/embedded animation clips detected"
"SM_Prop_Car_Ornament_05","FBX / ModelImporter","Assets/PolygonApocalypse/Models/SM_Prop_Car_Ornament_05.fbx","PolygonApocalypse","No","No",0,"","No","ImportAnimation=False; AnimationType=None; AvatarSetup=NoAvatar; HasAvatar=False","Unknown","No imported/embedded animation clips detected"
"SM_Prop_Car_Ornament_06","FBX / ModelImporter","Assets/PolygonApocalypse/Models/SM_Prop_Car_Ornament_06.fbx","PolygonApocalypse","No","No",0,"","No","ImportAnimation=False; AnimationType=None; AvatarSetup=NoAvatar; HasAvatar=False","Unknown","No imported/embedded animation clips detected"
"SM_Prop_Car_Wrecked_01","FBX / ModelImporter","Assets/PolygonApocalypse/Models/SM_Prop_Car_Wrecked_01.fbx","PolygonApocalypse","No","No",0,"","No","ImportAnimation=False; AnimationType=None; AvatarSetup=NoAvatar; HasAvatar=False","Unknown","No imported/embedded animation clips detected"
"SM_Prop_Car_Wrecked_Bus_01","FBX / ModelImporter","Assets/PolygonApocalypse/Models/SM_Prop_Car_Wrecked_Bus_01.fbx","PolygonApocalypse","No","No",0,"","No","ImportAnimation=False; AnimationType=None; AvatarSetup=NoAvatar; HasAvatar=False","Unknown","No imported/embedded animation clips detected"
"SM_Prop_Car_Wrecked_OpenBoot_01","FBX / ModelImporter","Assets/PolygonApocalypse/Models/SM_Prop_Car_Wrecked_OpenBoot_01.fbx","PolygonApocalypse","No","No",0,"","No","ImportAnimation=False; AnimationType=None; AvatarSetup=NoAvatar; HasAvatar=False","Unknown","No imported/embedded animation clips detected"
"SM_Prop_Car_Wrecked_Rusted_01","FBX / ModelImporter","Assets/PolygonApocalypse/Models/SM_Prop_Car_Wrecked_Rusted_01.fbx","PolygonApocalypse","No","No",0,"","No","ImportAnimation=False; AnimationType=None; AvatarSetup=NoAvatar; HasAvatar=False","Unknown","No imported/embedded animation clips detected"
"SM_Prop_Car_Wrecked_Squished_01","FBX / ModelImporter","Assets/PolygonApocalypse/Models/SM_Prop_Car_Wrecked_Squished_01.fbx","PolygonApocalypse","No","No",0,"","No","ImportAnimation=False; AnimationType=None; AvatarSetup=NoAvatar; HasAvatar=False","Unknown","No imported/embedded animation clips detected"
"SM_Prop_Car_Wrecked_Squished_Rusted_01","FBX / ModelImporter","Assets/PolygonApocalypse/Models/SM_Prop_Car_Wrecked_Squished_Rusted_01.fbx","PolygonApocalypse","No","No",0,"","No","ImportAnimation=False; AnimationType=None; AvatarSetup=NoAvatar; HasAvatar=False","Unknown","No imported/embedded animation clips detected"
"SM_Prop_Car_Wrecked_Stack_01","FBX / ModelImporter","Assets/PolygonApocalypse/Models/SM_Prop_Car_Wrecked_Stack_01.fbx","PolygonApocalypse","No","No",0,"","No","ImportAnimation=False; AnimationType=None; AvatarSetup=NoAvatar; HasAvatar=False","Unknown","No imported/embedded animation clips detected"
"SM_Prop_Car_Wrecked_Stack_01_Tarp","FBX / ModelImporter","Assets/PolygonApocalypse/Models/SM_Prop_Car_Wrecked_Stack_01_Tarp.fbx","PolygonApocalypse","No","Yes",0,"","Yes","ImportAnimation=True; AnimationType=Generic; AvatarSetup=CreateFromThisModel; HasAvatar=True","Unknown","No imported/embedded animation clips detected"
"SM_Prop_Car_Wrecked_Stack_02","FBX / ModelImporter","Assets/PolygonApocalypse/Models/SM_Prop_Car_Wrecked_Stack_02.fbx","PolygonApocalypse","No","No",0,"","No","ImportAnimation=False; AnimationType=None; AvatarSetup=NoAvatar; HasAvatar=False","Unknown","No imported/embedded animation clips detected"
"SM_Prop_Car_Wrecked_Stack_Rusted_01","FBX / ModelImporter","Assets/PolygonApocalypse/Models/SM_Prop_Car_Wrecked_Stack_Rusted_01.fbx","PolygonApocalypse","No","No",0,"","No","ImportAnimation=False; AnimationType=None; AvatarSetup=NoAvatar; HasAvatar=False","Unknown","No imported/embedded animation clips detected"
"SM_Prop_Car_Wrecked_SUV_01","FBX / ModelImporter","Assets/PolygonApocalypse/Models/SM_Prop_Car_Wrecked_SUV_01.fbx","PolygonApocalypse","No","No",0,"","No","ImportAnimation=False; AnimationType=None; AvatarSetup=NoAvatar; HasAvatar=False","Unknown","No imported/embedded animation clips detected"
"SM_Prop_Car_Wrecked_Van_01","FBX / ModelImporter","Assets/PolygonApocalypse/Models/SM_Prop_Car_Wrecked_Van_01.fbx","PolygonApocalypse","No","No",0,"","No","ImportAnimation=False; AnimationType=None; AvatarSetup=NoAvatar; HasAvatar=False","Unknown","No imported/embedded animation clips detected"
"SM_Prop_Car_Wrecked_Wheel_01","FBX / ModelImporter","Assets/PolygonApocalypse/Models/SM_Prop_Car_Wrecked_Wheel_01.fbx","PolygonApocalypse","No","No",0,"","No","ImportAnimation=False; AnimationType=None; AvatarSetup=NoAvatar; HasAvatar=False","Unknown","No imported/embedded animation clips detected"
"SM_Prop_Car_Wrecked_Wheel_02","FBX / ModelImporter","Assets/PolygonApocalypse/Models/SM_Prop_Car_Wrecked_Wheel_02.fbx","PolygonApocalypse","No","No",0,"","No","ImportAnimation=False; AnimationType=None; AvatarSetup=NoAvatar; HasAvatar=False","Unknown","No imported/embedded animation clips detected"
"SM_Prop_Car_Wrecked_Wheel_03","FBX / ModelImporter","Assets/PolygonApocalypse/Models/SM_Prop_Car_Wrecked_Wheel_03.fbx","PolygonApocalypse","No","No",0,"","No","ImportAnimation=False; AnimationType=None; AvatarSetup=NoAvatar; HasAvatar=False","Unknown","No imported/embedded animation clips detected"
"SM_Prop_Car_Wrecked_Wheel_04","FBX / ModelImporter","Assets/PolygonApocalypse/Models/SM_Prop_Car_Wrecked_Wheel_04.fbx","PolygonApocalypse","No","No",0,"","No","ImportAnimation=False; AnimationType=None; AvatarSetup=NoAvatar; HasAvatar=False","Unknown","No imported/embedded animation clips detected"
"SM_Prop_Car_Wrecked_Wheel_05","FBX / ModelImporter","Assets/PolygonApocalypse/Models/SM_Prop_Car_Wrecked_Wheel_05.fbx","PolygonApocalypse","No","No",0,"","No","ImportAnimation=False; AnimationType=None; AvatarSetup=NoAvatar; HasAvatar=False","Unknown","No imported/embedded animation clips detected"
"SM_Prop_Car_Wrecked_Wheel_06","FBX / ModelImporter","Assets/PolygonApocalypse/Models/SM_Prop_Car_Wrecked_Wheel_06.fbx","PolygonApocalypse","No","No",0,"","No","ImportAnimation=False; AnimationType=None; AvatarSetup=NoAvatar; HasAvatar=False","Unknown","No imported/embedded animation clips detected"
"SM_Prop_CarBattery_01","FBX / ModelImporter","Assets/PolygonApocalypse/Models/SM_Prop_CarBattery_01.fbx","PolygonApocalypse","No","No",0,"","No","ImportAnimation=False; AnimationType=None; AvatarSetup=NoAvatar; HasAvatar=False","Unknown","No imported/embedded animation clips detected"
"SM_Prop_CarBattery_02","FBX / ModelImporter","Assets/PolygonApocalypse/Models/SM_Prop_CarBattery_02.fbx","PolygonApocalypse","No","No",0,"","No","ImportAnimation=False; AnimationType=None; AvatarSetup=NoAvatar; HasAvatar=False","Unknown","No imported/embedded animation clips detected"
"SM_Prop_CarBattery_Table","FBX / ModelImporter","Assets/PolygonApocalypse/Models/SM_Prop_CarBattery_Table.fbx","PolygonApocalypse","No","No",0,"","No","ImportAnimation=False; AnimationType=None; AvatarSetup=NoAvatar; HasAvatar=False","Unknown","No imported/embedded animation clips detected"
"SM_Prop_CardboardBox_01","FBX / ModelImporter","Assets/PolygonApocalypse/Models/SM_Prop_CardboardBox_01.fbx","PolygonApocalypse","No","No",0,"","No","ImportAnimation=False; AnimationType=None; AvatarSetup=NoAvatar; HasAvatar=False","Unknown","No imported/embedded animation clips detected"
"SM_Prop_CardboardBox_02","FBX / ModelImporter","Assets/PolygonApocalypse/Models/SM_Prop_CardboardBox_02.fbx","PolygonApocalypse","No","No",0,"","No","ImportAnimation=False; AnimationType=None; AvatarSetup=NoAvatar; HasAvatar=False","Unknown","No imported/embedded animation clips detected"
"SM_Prop_CardboardBox_03","FBX / ModelImporter","Assets/PolygonApocalypse/Models/SM_Prop_CardboardBox_03.fbx","PolygonApocalypse","No","No",0,"","No","ImportAnimation=False; AnimationType=None; AvatarSetup=NoAvatar; HasAvatar=False","Unknown","No imported/embedded animation clips detected"
"SM_Prop_CardboardBox_04","FBX / ModelImporter","Assets/PolygonApocalypse/Models/SM_Prop_CardboardBox_04.fbx","PolygonApocalypse","No","No",0,"","No","ImportAnimation=False; AnimationType=None; AvatarSetup=NoAvatar; HasAvatar=False","Unknown","No imported/embedded animation clips detected"
"SM_Prop_CardboardBox_05","FBX / ModelImporter","Assets/PolygonApocalypse/Models/SM_Prop_CardboardBox_05.fbx","PolygonApocalypse","No","No",0,"","No","ImportAnimation=False; AnimationType=None; AvatarSetup=NoAvatar; HasAvatar=False","Unknown","No imported/embedded animation clips detected"
"SM_Prop_CardboardBox_Wall_01","FBX / ModelImporter","Assets/PolygonApocalypse/Models/SM_Prop_CardboardBox_Wall_01.fbx","PolygonApocalypse","No","No",0,"","No","ImportAnimation=False; AnimationType=None; AvatarSetup=NoAvatar; HasAvatar=False","Unknown","No imported/embedded animation clips detected"
"SM_Prop_Cart_01","FBX / ModelImporter","Assets/PolygonApocalypse/Models/SM_Prop_Cart_01.fbx","PolygonApocalypse","No","No",0,"","No","ImportAnimation=False; AnimationType=None; AvatarSetup=NoAvatar; HasAvatar=False","Unknown","No imported/embedded animation clips detected"
"SM_Prop_CautionLine_01","FBX / ModelImporter","Assets/PolygonApocalypse/Models/SM_Prop_CautionLine_01.fbx","PolygonApocalypse","No","No",0,"","No","ImportAnimation=False; AnimationType=None; AvatarSetup=NoAvatar; HasAvatar=False","Unknown","No imported/embedded animation clips detected"
"SM_Prop_Chair_Folding_01","FBX / ModelImporter","Assets/PolygonApocalypse/Models/SM_Prop_Chair_Folding_01.fbx","PolygonApocalypse","No","No",0,"","No","ImportAnimation=False; AnimationType=None; AvatarSetup=NoAvatar; HasAvatar=False","Unknown","No imported/embedded animation clips detected"
"SM_Prop_Chair_Metal_01","FBX / ModelImporter","Assets/PolygonApocalypse/Models/SM_Prop_Chair_Metal_01.fbx","PolygonApocalypse","No","No",0,"","No","ImportAnimation=False; AnimationType=None; AvatarSetup=NoAvatar; HasAvatar=False","Unknown","No imported/embedded animation clips detected"
"SM_Prop_Chair_Plastic_01","FBX / ModelImporter","Assets/PolygonApocalypse/Models/SM_Prop_Chair_Plastic_01.fbx","PolygonApocalypse","No","No",0,"","No","ImportAnimation=False; AnimationType=None; AvatarSetup=NoAvatar; HasAvatar=False","Unknown","No imported/embedded animation clips detected"
"SM_Prop_Chair_Soft_01","FBX / ModelImporter","Assets/PolygonApocalypse/Models/SM_Prop_Chair_Soft_01.fbx","PolygonApocalypse","No","No",0,"","No","ImportAnimation=False; AnimationType=None; AvatarSetup=NoAvatar; HasAvatar=False","Unknown","No imported/embedded animation clips detected"
"SM_Prop_Chair_Soft_Damaged_01","FBX / ModelImporter","Assets/PolygonApocalypse/Models/SM_Prop_Chair_Soft_Damaged_01.fbx","PolygonApocalypse","No","No",0,"","No","ImportAnimation=False; AnimationType=None; AvatarSetup=NoAvatar; HasAvatar=False","Hit","No imported/embedded animation clips detected"
"SM_Prop_Chemical_01","FBX / ModelImporter","Assets/PolygonApocalypse/Models/SM_Prop_Chemical_01.fbx","PolygonApocalypse","No","No",0,"","No","ImportAnimation=False; AnimationType=None; AvatarSetup=NoAvatar; HasAvatar=False","Unknown","No imported/embedded animation clips detected"
"SM_Prop_Chemical_02","FBX / ModelImporter","Assets/PolygonApocalypse/Models/SM_Prop_Chemical_02.fbx","PolygonApocalypse","No","No",0,"","No","ImportAnimation=False; AnimationType=None; AvatarSetup=NoAvatar; HasAvatar=False","Unknown","No imported/embedded animation clips detected"
"SM_Prop_Church_Pew_01","FBX / ModelImporter","Assets/PolygonApocalypse/Models/SM_Prop_Church_Pew_01.fbx","PolygonApocalypse","No","No",0,"","No","ImportAnimation=False; AnimationType=None; AvatarSetup=NoAvatar; HasAvatar=False","Unknown","No imported/embedded animation clips detected"
"SM_Prop_Church_Pew_Broken_01","FBX / ModelImporter","Assets/PolygonApocalypse/Models/SM_Prop_Church_Pew_Broken_01.fbx","PolygonApocalypse","No","No",0,"","No","ImportAnimation=False; AnimationType=None; AvatarSetup=NoAvatar; HasAvatar=False","Unknown","No imported/embedded animation clips detected"
"SM_Prop_Cinderblock_01","FBX / ModelImporter","Assets/PolygonApocalypse/Models/SM_Prop_Cinderblock_01.fbx","PolygonApocalypse","No","No",0,"","No","ImportAnimation=False; AnimationType=None; AvatarSetup=NoAvatar; HasAvatar=False","Unknown","No imported/embedded animation clips detected"
"SM_Prop_CoffeeTable_02","FBX / ModelImporter","Assets/PolygonApocalypse/Models/SM_Prop_CoffeeTable_02.fbx","PolygonApocalypse","No","No",0,"","No","ImportAnimation=False; AnimationType=None; AvatarSetup=NoAvatar; HasAvatar=False","Unknown","No imported/embedded animation clips detected"
"SM_Prop_Cone_01","FBX / ModelImporter","Assets/PolygonApocalypse/Models/SM_Prop_Cone_01.fbx","PolygonApocalypse","No","No",0,"","No","ImportAnimation=False; AnimationType=None; AvatarSetup=NoAvatar; HasAvatar=False","Unknown","No imported/embedded animation clips detected"
"SM_Prop_Construction_Blocks_01","FBX / ModelImporter","Assets/PolygonApocalypse/Models/SM_Prop_Construction_Blocks_01.fbx","PolygonApocalypse","No","No",0,"","No","ImportAnimation=False; AnimationType=None; AvatarSetup=NoAvatar; HasAvatar=False","Unknown","No imported/embedded animation clips detected"
"SM_Prop_Construction_Blocks_02","FBX / ModelImporter","Assets/PolygonApocalypse/Models/SM_Prop_Construction_Blocks_02.fbx","PolygonApocalypse","No","No",0,"","No","ImportAnimation=False; AnimationType=None; AvatarSetup=NoAvatar; HasAvatar=False","Unknown","No imported/embedded animation clips detected"
"SM_Prop_Construction_Blocks_03","FBX / ModelImporter","Assets/PolygonApocalypse/Models/SM_Prop_Construction_Blocks_03.fbx","PolygonApocalypse","No","No",0,"","No","ImportAnimation=False; AnimationType=None; AvatarSetup=NoAvatar; HasAvatar=False","Unknown","No imported/embedded animation clips detected"
"SM_Prop_Container_01","FBX / ModelImporter","Assets/PolygonApocalypse/Models/SM_Prop_Container_01.fbx","PolygonApocalypse","No","No",0,"","No","ImportAnimation=False; AnimationType=None; AvatarSetup=NoAvatar; HasAvatar=False","Unknown","No imported/embedded animation clips detected"
"SM_Prop_Container_02","FBX / ModelImporter","Assets/PolygonApocalypse/Models/SM_Prop_Container_02.fbx","PolygonApocalypse","No","No",0,"","No","ImportAnimation=False; AnimationType=None; AvatarSetup=NoAvatar; HasAvatar=False","Unknown","No imported/embedded animation clips detected"
"SM_Prop_Container_03","FBX / ModelImporter","Assets/PolygonApocalypse/Models/SM_Prop_Container_03.fbx","PolygonApocalypse","No","No",0,"","No","ImportAnimation=False; AnimationType=None; AvatarSetup=NoAvatar; HasAvatar=False","Unknown","No imported/embedded animation clips detected"
"SM_Prop_Container_04","FBX / ModelImporter","Assets/PolygonApocalypse/Models/SM_Prop_Container_04.fbx","PolygonApocalypse","No","No",0,"","No","ImportAnimation=False; AnimationType=None; AvatarSetup=NoAvatar; HasAvatar=False","Unknown","No imported/embedded animation clips detected"
"SM_Prop_Couch_01","FBX / ModelImporter","Assets/PolygonApocalypse/Models/SM_Prop_Couch_01.fbx","PolygonApocalypse","No","No",0,"","No","ImportAnimation=False; AnimationType=None; AvatarSetup=NoAvatar; HasAvatar=False","Unknown","No imported/embedded animation clips detected"
"SM_Prop_Couch_02","FBX / ModelImporter","Assets/PolygonApocalypse/Models/SM_Prop_Couch_02.fbx","PolygonApocalypse","No","No",0,"","No","ImportAnimation=False; AnimationType=None; AvatarSetup=NoAvatar; HasAvatar=False","Unknown","No imported/embedded animation clips detected"
"SM_Prop_Crashed_Ship_01","FBX / ModelImporter","Assets/PolygonApocalypse/Models/SM_Prop_Crashed_Ship_01.fbx","PolygonApocalypse","No","No",0,"","No","ImportAnimation=False; AnimationType=None; AvatarSetup=NoAvatar; HasAvatar=False","Unknown","No imported/embedded animation clips detected"
"SM_Prop_Crate_01","FBX / ModelImporter","Assets/PolygonApocalypse/Models/SM_Prop_Crate_01.fbx","PolygonApocalypse","No","No",0,"","No","ImportAnimation=False; AnimationType=None; AvatarSetup=NoAvatar; HasAvatar=False","Unknown","No imported/embedded animation clips detected"
"SM_Prop_Crate_02","FBX / ModelImporter","Assets/PolygonApocalypse/Models/SM_Prop_Crate_02.fbx","PolygonApocalypse","No","No",0,"","No","ImportAnimation=False; AnimationType=None; AvatarSetup=NoAvatar; HasAvatar=False","Unknown","No imported/embedded animation clips detected"
"SM_Prop_Crate_03","FBX / ModelImporter","Assets/PolygonApocalypse/Models/SM_Prop_Crate_03.fbx","PolygonApocalypse","No","No",0,"","No","ImportAnimation=False; AnimationType=None; AvatarSetup=NoAvatar; HasAvatar=False","Unknown","No imported/embedded animation clips detected"
"SM_Prop_Crate_04","FBX / ModelImporter","Assets/PolygonApocalypse/Models/SM_Prop_Crate_04.fbx","PolygonApocalypse","No","No",0,"","No","ImportAnimation=False; AnimationType=None; AvatarSetup=NoAvatar; HasAvatar=False","Unknown","No imported/embedded animation clips detected"
"SM_Prop_Crate_Large_01","FBX / ModelImporter","Assets/PolygonApocalypse/Models/SM_Prop_Crate_Large_01.fbx","PolygonApocalypse","No","No",0,"","No","ImportAnimation=False; AnimationType=None; AvatarSetup=NoAvatar; HasAvatar=False","Unknown","No imported/embedded animation clips detected"
"SM_Prop_Crate_Large_02","FBX / ModelImporter","Assets/PolygonApocalypse/Models/SM_Prop_Crate_Large_02.fbx","PolygonApocalypse","No","No",0,"","No","ImportAnimation=False; AnimationType=None; AvatarSetup=NoAvatar; HasAvatar=False","Unknown","No imported/embedded animation clips detected"
"SM_Prop_Crate_Open_01","FBX / ModelImporter","Assets/PolygonApocalypse/Models/SM_Prop_Crate_Open_01.fbx","PolygonApocalypse","No","No",0,"","No","ImportAnimation=False; AnimationType=None; AvatarSetup=NoAvatar; HasAvatar=False","Unknown","No imported/embedded animation clips detected"
"SM_Prop_Crate_Open_02","FBX / ModelImporter","Assets/PolygonApocalypse/Models/SM_Prop_Crate_Open_02.fbx","PolygonApocalypse","No","No",0,"","No","ImportAnimation=False; AnimationType=None; AvatarSetup=NoAvatar; HasAvatar=False","Unknown","No imported/embedded animation clips detected"
"SM_Prop_Crate_Open_03","FBX / ModelImporter","Assets/PolygonApocalypse/Models/SM_Prop_Crate_Open_03.fbx","PolygonApocalypse","No","No",0,"","No","ImportAnimation=False; AnimationType=None; AvatarSetup=NoAvatar; HasAvatar=False","Unknown","No imported/embedded animation clips detected"
"SM_Prop_Crate_Open_04","FBX / ModelImporter","Assets/PolygonApocalypse/Models/SM_Prop_Crate_Open_04.fbx","PolygonApocalypse","No","No",0,"","No","ImportAnimation=False; AnimationType=None; AvatarSetup=NoAvatar; HasAvatar=False","Unknown","No imported/embedded animation clips detected"
"SM_Prop_Crate_Open_05","FBX / ModelImporter","Assets/PolygonApocalypse/Models/SM_Prop_Crate_Open_05.fbx","PolygonApocalypse","No","No",0,"","No","ImportAnimation=False; AnimationType=None; AvatarSetup=NoAvatar; HasAvatar=False","Unknown","No imported/embedded animation clips detected"
"SM_Prop_Crate_Wall_01","FBX / ModelImporter","Assets/PolygonApocalypse/Models/SM_Prop_Crate_Wall_01.fbx","PolygonApocalypse","No","No",0,"","No","ImportAnimation=False; AnimationType=None; AvatarSetup=NoAvatar; HasAvatar=False","Unknown","No imported/embedded animation clips detected"
"SM_Prop_Cross_01","FBX / ModelImporter","Assets/PolygonApocalypse/Models/SM_Prop_Cross_01.fbx","PolygonApocalypse","No","No",0,"","No","ImportAnimation=False; AnimationType=None; AvatarSetup=NoAvatar; HasAvatar=False","Unknown","No imported/embedded animation clips detected"
"SM_Prop_Cross_02","FBX / ModelImporter","Assets/PolygonApocalypse/Models/SM_Prop_Cross_02.fbx","PolygonApocalypse","No","No",0,"","No","ImportAnimation=False; AnimationType=None; AvatarSetup=NoAvatar; HasAvatar=False","Unknown","No imported/embedded animation clips detected"
"SM_Prop_Crucifix_01","FBX / ModelImporter","Assets/PolygonApocalypse/Models/SM_Prop_Crucifix_01.fbx","PolygonApocalypse","No","No",0,"","No","ImportAnimation=False; AnimationType=None; AvatarSetup=NoAvatar; HasAvatar=False","Unknown","No imported/embedded animation clips detected"
"SM_Prop_Crucifix_Burnt_01","FBX / ModelImporter","Assets/PolygonApocalypse/Models/SM_Prop_Crucifix_Burnt_01.fbx","PolygonApocalypse","No","No",0,"","No","ImportAnimation=False; AnimationType=None; AvatarSetup=NoAvatar; HasAvatar=False","Unknown","No imported/embedded animation clips detected"
"SM_Prop_Cupboard_Broken_01","FBX / ModelImporter","Assets/PolygonApocalypse/Models/SM_Prop_Cupboard_Broken_01.fbx","PolygonApocalypse","No","No",0,"","No","ImportAnimation=False; AnimationType=None; AvatarSetup=NoAvatar; HasAvatar=False","Unknown","No imported/embedded animation clips detected"
"SM_Prop_Curtain_01","FBX / ModelImporter","Assets/PolygonApocalypse/Models/SM_Prop_Curtain_01.fbx","PolygonApocalypse","No","No",0,"","No","ImportAnimation=False; AnimationType=None; AvatarSetup=NoAvatar; HasAvatar=False","Unknown","No imported/embedded animation clips detected"
"SM_Prop_DeadBody_Hanging_Female_01","FBX / ModelImporter","Assets/PolygonApocalypse/Models/SM_Prop_DeadBody_Hanging_Female_01.fbx","PolygonApocalypse","No","No",0,"","No","ImportAnimation=False; AnimationType=None; AvatarSetup=NoAvatar; HasAvatar=False","Death","No imported/embedded animation clips detected"
"SM_Prop_DeadBody_Hanging_Female_02","FBX / ModelImporter","Assets/PolygonApocalypse/Models/SM_Prop_DeadBody_Hanging_Female_02.fbx","PolygonApocalypse","No","No",0,"","No","ImportAnimation=False; AnimationType=None; AvatarSetup=NoAvatar; HasAvatar=False","Death","No imported/embedded animation clips detected"
"SM_Prop_DeadBody_Hanging_Male_01","FBX / ModelImporter","Assets/PolygonApocalypse/Models/SM_Prop_DeadBody_Hanging_Male_01.fbx","PolygonApocalypse","No","No",0,"","No","ImportAnimation=False; AnimationType=None; AvatarSetup=NoAvatar; HasAvatar=False","Death","No imported/embedded animation clips detected"
"SM_Prop_DeadBody_Hanging_Male_02","FBX / ModelImporter","Assets/PolygonApocalypse/Models/SM_Prop_DeadBody_Hanging_Male_02.fbx","PolygonApocalypse","No","No",0,"","No","ImportAnimation=False; AnimationType=None; AvatarSetup=NoAvatar; HasAvatar=False","Death","No imported/embedded animation clips detected"
"SM_Prop_DeadBody_Laying_Female_01","FBX / ModelImporter","Assets/PolygonApocalypse/Models/SM_Prop_DeadBody_Laying_Female_01.fbx","PolygonApocalypse","No","No",0,"","No","ImportAnimation=False; AnimationType=None; AvatarSetup=NoAvatar; HasAvatar=False","Death","No imported/embedded animation clips detected"
"SM_Prop_DeadBody_Laying_Male_01","FBX / ModelImporter","Assets/PolygonApocalypse/Models/SM_Prop_DeadBody_Laying_Male_01.fbx","PolygonApocalypse","No","No",0,"","No","ImportAnimation=False; AnimationType=None; AvatarSetup=NoAvatar; HasAvatar=False","Death","No imported/embedded animation clips detected"
"SM_Prop_DeadBody_Sitting_Male_01","FBX / ModelImporter","Assets/PolygonApocalypse/Models/SM_Prop_DeadBody_Sitting_Male_01.fbx","PolygonApocalypse","No","No",0,"","No","ImportAnimation=False; AnimationType=None; AvatarSetup=NoAvatar; HasAvatar=False","Death","No imported/embedded animation clips detected"
"SM_Prop_DeadBody_Sitting_Male_02","FBX / ModelImporter","Assets/PolygonApocalypse/Models/SM_Prop_DeadBody_Sitting_Male_02.fbx","PolygonApocalypse","No","No",0,"","No","ImportAnimation=False; AnimationType=None; AvatarSetup=NoAvatar; HasAvatar=False","Death","No imported/embedded animation clips detected"
"SM_Prop_DeadBody_Spiked_Female_01","FBX / ModelImporter","Assets/PolygonApocalypse/Models/SM_Prop_DeadBody_Spiked_Female_01.fbx","PolygonApocalypse","No","No",0,"","No","ImportAnimation=False; AnimationType=None; AvatarSetup=NoAvatar; HasAvatar=False","Death","No imported/embedded animation clips detected"
"SM_Prop_DeadBody_Spiked_Female_02","FBX / ModelImporter","Assets/PolygonApocalypse/Models/SM_Prop_DeadBody_Spiked_Female_02.fbx","PolygonApocalypse","No","No",0,"","No","ImportAnimation=False; AnimationType=None; AvatarSetup=NoAvatar; HasAvatar=False","Death","No imported/embedded animation clips detected"
"SM_Prop_DeadBody_Spiked_Male_01","FBX / ModelImporter","Assets/PolygonApocalypse/Models/SM_Prop_DeadBody_Spiked_Male_01.fbx","PolygonApocalypse","No","No",0,"","No","ImportAnimation=False; AnimationType=None; AvatarSetup=NoAvatar; HasAvatar=False","Death","No imported/embedded animation clips detected"
"SM_Prop_DeadBody_Spiked_Male_02","FBX / ModelImporter","Assets/PolygonApocalypse/Models/SM_Prop_DeadBody_Spiked_Male_02.fbx","PolygonApocalypse","No","No",0,"","No","ImportAnimation=False; AnimationType=None; AvatarSetup=NoAvatar; HasAvatar=False","Death","No imported/embedded animation clips detected"
"SM_Prop_Deckchair_01","FBX / ModelImporter","Assets/PolygonApocalypse/Models/SM_Prop_Deckchair_01.fbx","PolygonApocalypse","No","No",0,"","No","ImportAnimation=False; AnimationType=None; AvatarSetup=NoAvatar; HasAvatar=False","Unknown","No imported/embedded animation clips detected"
"SM_Prop_Decontamination_Shower_01","FBX / ModelImporter","Assets/PolygonApocalypse/Models/SM_Prop_Decontamination_Shower_01.fbx","PolygonApocalypse","No","No",0,"","No","ImportAnimation=False; AnimationType=None; AvatarSetup=NoAvatar; HasAvatar=False","Unknown","No imported/embedded animation clips detected"
"SM_Prop_Desk_01","FBX / ModelImporter","Assets/PolygonApocalypse/Models/SM_Prop_Desk_01.fbx","PolygonApocalypse","No","No",0,"","No","ImportAnimation=False; AnimationType=None; AvatarSetup=NoAvatar; HasAvatar=False","Unknown","No imported/embedded animation clips detected"
"SM_Prop_Desk_02","FBX / ModelImporter","Assets/PolygonApocalypse/Models/SM_Prop_Desk_02.fbx","PolygonApocalypse","No","No",0,"","No","ImportAnimation=False; AnimationType=None; AvatarSetup=NoAvatar; HasAvatar=False","Unknown","No imported/embedded animation clips detected"
"SM_Prop_DiamondPlate_01","FBX / ModelImporter","Assets/PolygonApocalypse/Models/SM_Prop_DiamondPlate_01.fbx","PolygonApocalypse","No","No",0,"","No","ImportAnimation=False; AnimationType=None; AvatarSetup=NoAvatar; HasAvatar=False","Unknown","No imported/embedded animation clips detected"
"SM_Prop_DiamondPlate_Double_01","FBX / ModelImporter","Assets/PolygonApocalypse/Models/SM_Prop_DiamondPlate_Double_01.fbx","PolygonApocalypse","No","No",0,"","No","ImportAnimation=False; AnimationType=None; AvatarSetup=NoAvatar; HasAvatar=False","Unknown","No imported/embedded animation clips detected"
"SM_Prop_DiamondPlate_Small_01","FBX / ModelImporter","Assets/PolygonApocalypse/Models/SM_Prop_DiamondPlate_Small_01.fbx","PolygonApocalypse","No","No",0,"","No","ImportAnimation=False; AnimationType=None; AvatarSetup=NoAvatar; HasAvatar=False","Unknown","No imported/embedded animation clips detected"
"SM_Prop_DiningChair_02","FBX / ModelImporter","Assets/PolygonApocalypse/Models/SM_Prop_DiningChair_02.fbx","PolygonApocalypse","No","No",0,"","No","ImportAnimation=False; AnimationType=None; AvatarSetup=NoAvatar; HasAvatar=False","Unknown","No imported/embedded animation clips detected"
"SM_Prop_DiningTable_01","FBX / ModelImporter","Assets/PolygonApocalypse/Models/SM_Prop_DiningTable_01.fbx","PolygonApocalypse","No","No",0,"","No","ImportAnimation=False; AnimationType=None; AvatarSetup=NoAvatar; HasAvatar=False","Unknown","No imported/embedded animation clips detected"
"SM_Prop_Dog_House_01","FBX / ModelImporter","Assets/PolygonApocalypse/Models/SM_Prop_Dog_House_01.fbx","PolygonApocalypse","No","No",0,"","No","ImportAnimation=False; AnimationType=None; AvatarSetup=NoAvatar; HasAvatar=False","Unknown","No imported/embedded animation clips detected"
"SM_Prop_Dresser_01","FBX / ModelImporter","Assets/PolygonApocalypse/Models/SM_Prop_Dresser_01.fbx","PolygonApocalypse","No","No",0,"","No","ImportAnimation=False; AnimationType=None; AvatarSetup=NoAvatar; HasAvatar=False","Unknown","No imported/embedded animation clips detected"
"SM_Prop_Dresser_02","FBX / ModelImporter","Assets/PolygonApocalypse/Models/SM_Prop_Dresser_02.fbx","PolygonApocalypse","No","No",0,"","No","ImportAnimation=False; AnimationType=None; AvatarSetup=NoAvatar; HasAvatar=False","Unknown","No imported/embedded animation clips detected"
"SM_Prop_Dresser_03","FBX / ModelImporter","Assets/PolygonApocalypse/Models/SM_Prop_Dresser_03.fbx","PolygonApocalypse","No","No",0,"","No","ImportAnimation=False; AnimationType=None; AvatarSetup=NoAvatar; HasAvatar=False","Unknown","No imported/embedded animation clips detected"
"SM_Prop_Drill_01","FBX / ModelImporter","Assets/PolygonApocalypse/Models/SM_Prop_Drill_01.fbx","PolygonApocalypse","No","No",0,"","No","ImportAnimation=False; AnimationType=None; AvatarSetup=NoAvatar; HasAvatar=False","Unknown","No imported/embedded animation clips detected"
"SM_Prop_Dumpster_01","FBX / ModelImporter","Assets/PolygonApocalypse/Models/SM_Prop_Dumpster_01.fbx","PolygonApocalypse","No","No",0,"","No","ImportAnimation=False; AnimationType=None; AvatarSetup=NoAvatar; HasAvatar=False","Unknown","No imported/embedded animation clips detected"
"SM_Prop_Dumpster_02","FBX / ModelImporter","Assets/PolygonApocalypse/Models/SM_Prop_Dumpster_02.fbx","PolygonApocalypse","No","No",0,"","No","ImportAnimation=False; AnimationType=None; AvatarSetup=NoAvatar; HasAvatar=False","Unknown","No imported/embedded animation clips detected"
"SM_Prop_DustBin_01","FBX / ModelImporter","Assets/PolygonApocalypse/Models/SM_Prop_DustBin_01.fbx","PolygonApocalypse","No","No",0,"","No","ImportAnimation=False; AnimationType=None; AvatarSetup=NoAvatar; HasAvatar=False","Unknown","No imported/embedded animation clips detected"
"SM_Prop_Fan_01","FBX / ModelImporter","Assets/PolygonApocalypse/Models/SM_Prop_Fan_01.fbx","PolygonApocalypse","No","No",0,"","No","ImportAnimation=False; AnimationType=None; AvatarSetup=NoAvatar; HasAvatar=False","Unknown","No imported/embedded animation clips detected"
"SM_Prop_Fence_01","FBX / ModelImporter","Assets/PolygonApocalypse/Models/SM_Prop_Fence_01.fbx","PolygonApocalypse","No","No",0,"","No","ImportAnimation=False; AnimationType=None; AvatarSetup=NoAvatar; HasAvatar=False","Unknown","No imported/embedded animation clips detected"
"SM_Prop_Fence_02","FBX / ModelImporter","Assets/PolygonApocalypse/Models/SM_Prop_Fence_02.fbx","PolygonApocalypse","No","No",0,"","No","ImportAnimation=False; AnimationType=None; AvatarSetup=NoAvatar; HasAvatar=False","Unknown","No imported/embedded animation clips detected"
"SM_Prop_Fence_White_01","FBX / ModelImporter","Assets/PolygonApocalypse/Models/SM_Prop_Fence_White_01.fbx","PolygonApocalypse","No","No",0,"","No","ImportAnimation=False; AnimationType=None; AvatarSetup=NoAvatar; HasAvatar=False","Hit","No imported/embedded animation clips detected"
"SM_Prop_Fence_White_Post_01","FBX / ModelImporter","Assets/PolygonApocalypse/Models/SM_Prop_Fence_White_Post_01.fbx","PolygonApocalypse","No","No",0,"","No","ImportAnimation=False; AnimationType=None; AvatarSetup=NoAvatar; HasAvatar=False","Hit","No imported/embedded animation clips detected"
"SM_Prop_Fence_White_Straight_01","FBX / ModelImporter","Assets/PolygonApocalypse/Models/SM_Prop_Fence_White_Straight_01.fbx","PolygonApocalypse","No","No",0,"","No","ImportAnimation=False; AnimationType=None; AvatarSetup=NoAvatar; HasAvatar=False","Hit","No imported/embedded animation clips detected"
"SM_Prop_Fence_White_Straight_02","FBX / ModelImporter","Assets/PolygonApocalypse/Models/SM_Prop_Fence_White_Straight_02.fbx","PolygonApocalypse","No","No",0,"","No","ImportAnimation=False; AnimationType=None; AvatarSetup=NoAvatar; HasAvatar=False","Hit","No imported/embedded animation clips detected"
"SM_Prop_Fence_White_Straight_03","FBX / ModelImporter","Assets/PolygonApocalypse/Models/SM_Prop_Fence_White_Straight_03.fbx","PolygonApocalypse","No","No",0,"","No","ImportAnimation=False; AnimationType=None; AvatarSetup=NoAvatar; HasAvatar=False","Hit","No imported/embedded animation clips detected"
"SM_Prop_Fence_Wood_01","FBX / ModelImporter","Assets/PolygonApocalypse/Models/SM_Prop_Fence_Wood_01.fbx","PolygonApocalypse","No","No",0,"","No","ImportAnimation=False; AnimationType=None; AvatarSetup=NoAvatar; HasAvatar=False","Unknown","No imported/embedded animation clips detected"
"SM_Prop_Fence_Wood_Post_01","FBX / ModelImporter","Assets/PolygonApocalypse/Models/SM_Prop_Fence_Wood_Post_01.fbx","PolygonApocalypse","No","No",0,"","No","ImportAnimation=False; AnimationType=None; AvatarSetup=NoAvatar; HasAvatar=False","Unknown","No imported/embedded animation clips detected"
"SM_Prop_Fence_Wood_Post_02","FBX / ModelImporter","Assets/PolygonApocalypse/Models/SM_Prop_Fence_Wood_Post_02.fbx","PolygonApocalypse","No","No",0,"","No","ImportAnimation=False; AnimationType=None; AvatarSetup=NoAvatar; HasAvatar=False","Unknown","No imported/embedded animation clips detected"
"SM_Prop_Fence_Wood_Straight_01","FBX / ModelImporter","Assets/PolygonApocalypse/Models/SM_Prop_Fence_Wood_Straight_01.fbx","PolygonApocalypse","No","No",0,"","No","ImportAnimation=False; AnimationType=None; AvatarSetup=NoAvatar; HasAvatar=False","Unknown","No imported/embedded animation clips detected"
"SM_Prop_Fence_Wood_Straight_02","FBX / ModelImporter","Assets/PolygonApocalypse/Models/SM_Prop_Fence_Wood_Straight_02.fbx","PolygonApocalypse","No","No",0,"","No","ImportAnimation=False; AnimationType=None; AvatarSetup=NoAvatar; HasAvatar=False","Unknown","No imported/embedded animation clips detected"
"SM_Prop_Fence_Wood_Straight_03","FBX / ModelImporter","Assets/PolygonApocalypse/Models/SM_Prop_Fence_Wood_Straight_03.fbx","PolygonApocalypse","No","No",0,"","No","ImportAnimation=False; AnimationType=None; AvatarSetup=NoAvatar; HasAvatar=False","Unknown","No imported/embedded animation clips detected"
"SM_Prop_FirePit_01","FBX / ModelImporter","Assets/PolygonApocalypse/Models/SM_Prop_FirePit_01.fbx","PolygonApocalypse","No","No",0,"","No","ImportAnimation=False; AnimationType=None; AvatarSetup=NoAvatar; HasAvatar=False","Unknown","No imported/embedded animation clips detected"
"SM_Prop_FirePit_Frame_01","FBX / ModelImporter","Assets/PolygonApocalypse/Models/SM_Prop_FirePit_Frame_01.fbx","PolygonApocalypse","No","No",0,"","No","ImportAnimation=False; AnimationType=None; AvatarSetup=NoAvatar; HasAvatar=False","Unknown","No imported/embedded animation clips detected"
"SM_Prop_Flag_Straight_01","FBX / ModelImporter","Assets/PolygonApocalypse/Models/SM_Prop_Flag_Straight_01.fbx","PolygonApocalypse","No","No",0,"","No","ImportAnimation=False; AnimationType=None; AvatarSetup=NoAvatar; HasAvatar=False","Unknown","No imported/embedded animation clips detected"
"SM_Prop_Flag_Wall_03","FBX / ModelImporter","Assets/PolygonApocalypse/Models/SM_Prop_Flag_Wall_03.fbx","PolygonApocalypse","No","No",0,"","No","ImportAnimation=False; AnimationType=None; AvatarSetup=NoAvatar; HasAvatar=False","Unknown","No imported/embedded animation clips detected"
"SM_Prop_FlagLine_01","FBX / ModelImporter","Assets/PolygonApocalypse/Models/SM_Prop_FlagLine_01.fbx","PolygonApocalypse","No","No",0,"","No","ImportAnimation=False; AnimationType=None; AvatarSetup=NoAvatar; HasAvatar=False","Unknown","No imported/embedded animation clips detected"
"SM_Prop_FlagLine_02","FBX / ModelImporter","Assets/PolygonApocalypse/Models/SM_Prop_FlagLine_02.fbx","PolygonApocalypse","No","No",0,"","No","ImportAnimation=False; AnimationType=None; AvatarSetup=NoAvatar; HasAvatar=False","Unknown","No imported/embedded animation clips detected"
"SM_Prop_FlagLine_03","FBX / ModelImporter","Assets/PolygonApocalypse/Models/SM_Prop_FlagLine_03.fbx","PolygonApocalypse","No","No",0,"","No","ImportAnimation=False; AnimationType=None; AvatarSetup=NoAvatar; HasAvatar=False","Unknown","No imported/embedded animation clips detected"
"SM_Prop_Flamingo_01","FBX / ModelImporter","Assets/PolygonApocalypse/Models/SM_Prop_Flamingo_01.fbx","PolygonApocalypse","No","No",0,"","No","ImportAnimation=False; AnimationType=None; AvatarSetup=NoAvatar; HasAvatar=False","Unknown","No imported/embedded animation clips detected"
"SM_Prop_Flamingo_02","FBX / ModelImporter","Assets/PolygonApocalypse/Models/SM_Prop_Flamingo_02.fbx","PolygonApocalypse","No","No",0,"","No","ImportAnimation=False; AnimationType=None; AvatarSetup=NoAvatar; HasAvatar=False","Unknown","No imported/embedded animation clips detected"
"SM_Prop_Flashlight_01","FBX / ModelImporter","Assets/PolygonApocalypse/Models/SM_Prop_Flashlight_01.fbx","PolygonApocalypse","No","No",0,"","No","ImportAnimation=False; AnimationType=None; AvatarSetup=NoAvatar; HasAvatar=False","Unknown","No imported/embedded animation clips detected"
"SM_Prop_Flashlight_02","FBX / ModelImporter","Assets/PolygonApocalypse/Models/SM_Prop_Flashlight_02.fbx","PolygonApocalypse","No","No",0,"","No","ImportAnimation=False; AnimationType=None; AvatarSetup=NoAvatar; HasAvatar=False","Unknown","No imported/embedded animation clips detected"
"SM_Prop_Flashlight_03","FBX / ModelImporter","Assets/PolygonApocalypse/Models/SM_Prop_Flashlight_03.fbx","PolygonApocalypse","No","No",0,"","No","ImportAnimation=False; AnimationType=None; AvatarSetup=NoAvatar; HasAvatar=False","Unknown","No imported/embedded animation clips detected"
"SM_Prop_Flashlight_04","FBX / ModelImporter","Assets/PolygonApocalypse/Models/SM_Prop_Flashlight_04.fbx","PolygonApocalypse","No","No",0,"","No","ImportAnimation=False; AnimationType=None; AvatarSetup=NoAvatar; HasAvatar=False","Unknown","No imported/embedded animation clips detected"
"SM_Prop_Flashlight_05","FBX / ModelImporter","Assets/PolygonApocalypse/Models/SM_Prop_Flashlight_05.fbx","PolygonApocalypse","No","No",0,"","No","ImportAnimation=False; AnimationType=None; AvatarSetup=NoAvatar; HasAvatar=False","Unknown","No imported/embedded animation clips detected"
"SM_Prop_Flashlight_06","FBX / ModelImporter","Assets/PolygonApocalypse/Models/SM_Prop_Flashlight_06.fbx","PolygonApocalypse","No","No",0,"","No","ImportAnimation=False; AnimationType=None; AvatarSetup=NoAvatar; HasAvatar=False","Unknown","No imported/embedded animation clips detected"
"SM_Prop_Flashlight_07","FBX / ModelImporter","Assets/PolygonApocalypse/Models/SM_Prop_Flashlight_07.fbx","PolygonApocalypse","No","No",0,"","No","ImportAnimation=False; AnimationType=None; AvatarSetup=NoAvatar; HasAvatar=False","Unknown","No imported/embedded animation clips detected"
"SM_Prop_Floodlights_01","FBX / ModelImporter","Assets/PolygonApocalypse/Models/SM_Prop_Floodlights_01.fbx","PolygonApocalypse","No","No",0,"","No","ImportAnimation=False; AnimationType=None; AvatarSetup=NoAvatar; HasAvatar=False","Unknown","No imported/embedded animation clips detected"
"SM_Prop_Floodlights_02","FBX / ModelImporter","Assets/PolygonApocalypse/Models/SM_Prop_Floodlights_02.fbx","PolygonApocalypse","No","No",0,"","No","ImportAnimation=False; AnimationType=None; AvatarSetup=NoAvatar; HasAvatar=False","Unknown","No imported/embedded animation clips detected"
"SM_Prop_Floodlights_Sign_01","FBX / ModelImporter","Assets/PolygonApocalypse/Models/SM_Prop_Floodlights_Sign_01.fbx","PolygonApocalypse","No","No",0,"","No","ImportAnimation=False; AnimationType=None; AvatarSetup=NoAvatar; HasAvatar=False","Unknown","No imported/embedded animation clips detected"
"SM_Prop_FlowerPot_01","FBX / ModelImporter","Assets/PolygonApocalypse/Models/SM_Prop_FlowerPot_01.fbx","PolygonApocalypse","No","No",0,"","No","ImportAnimation=False; AnimationType=None; AvatarSetup=NoAvatar; HasAvatar=False","Unknown","No imported/embedded animation clips detected"
"SM_Prop_FlowerPot_02","FBX / ModelImporter","Assets/PolygonApocalypse/Models/SM_Prop_FlowerPot_02.fbx","PolygonApocalypse","No","No",0,"","No","ImportAnimation=False; AnimationType=None; AvatarSetup=NoAvatar; HasAvatar=False","Unknown","No imported/embedded animation clips detected"
"SM_Prop_FlowerPot_03","FBX / ModelImporter","Assets/PolygonApocalypse/Models/SM_Prop_FlowerPot_03.fbx","PolygonApocalypse","No","No",0,"","No","ImportAnimation=False; AnimationType=None; AvatarSetup=NoAvatar; HasAvatar=False","Unknown","No imported/embedded animation clips detected"
"SM_Prop_FlowerPot_04","FBX / ModelImporter","Assets/PolygonApocalypse/Models/SM_Prop_FlowerPot_04.fbx","PolygonApocalypse","No","No",0,"","No","ImportAnimation=False; AnimationType=None; AvatarSetup=NoAvatar; HasAvatar=False","Unknown","No imported/embedded animation clips detected"
"SM_Prop_FlowerPot_05","FBX / ModelImporter","Assets/PolygonApocalypse/Models/SM_Prop_FlowerPot_05.fbx","PolygonApocalypse","No","No",0,"","No","ImportAnimation=False; AnimationType=None; AvatarSetup=NoAvatar; HasAvatar=False","Unknown","No imported/embedded animation clips detected"
"SM_Prop_Fountain_01","FBX / ModelImporter","Assets/PolygonApocalypse/Models/SM_Prop_Fountain_01.fbx","PolygonApocalypse","No","No",0,"","No","ImportAnimation=False; AnimationType=None; AvatarSetup=NoAvatar; HasAvatar=False","Unknown","No imported/embedded animation clips detected"
"SM_Prop_Freezer_01","FBX / ModelImporter","Assets/PolygonApocalypse/Models/SM_Prop_Freezer_01.fbx","PolygonApocalypse","No","No",0,"","No","ImportAnimation=False; AnimationType=None; AvatarSetup=NoAvatar; HasAvatar=False","Unknown","No imported/embedded animation clips detected"
"SM_Prop_Gas_Table_01","FBX / ModelImporter","Assets/PolygonApocalypse/Models/SM_Prop_Gas_Table_01.fbx","PolygonApocalypse","No","No",0,"","No","ImportAnimation=False; AnimationType=None; AvatarSetup=NoAvatar; HasAvatar=False","Unknown","No imported/embedded animation clips detected"
"SM_Prop_Gas_Table_01_Tarp","FBX / ModelImporter","Assets/PolygonApocalypse/Models/SM_Prop_Gas_Table_01_Tarp.fbx","PolygonApocalypse","No","Yes",0,"","Yes","ImportAnimation=True; AnimationType=Generic; AvatarSetup=CreateFromThisModel; HasAvatar=True","Unknown","No imported/embedded animation clips detected"
"SM_Prop_GasCan_01","FBX / ModelImporter","Assets/PolygonApocalypse/Models/SM_Prop_GasCan_01.fbx","PolygonApocalypse","No","No",0,"","No","ImportAnimation=False; AnimationType=None; AvatarSetup=NoAvatar; HasAvatar=False","Unknown","No imported/embedded animation clips detected"
"SM_Prop_Gaspump_01","FBX / ModelImporter","Assets/PolygonApocalypse/Models/SM_Prop_Gaspump_01.fbx","PolygonApocalypse","No","No",0,"","No","ImportAnimation=False; AnimationType=None; AvatarSetup=NoAvatar; HasAvatar=False","Unknown","No imported/embedded animation clips detected"
"SM_Prop_Gaspump_02","FBX / ModelImporter","Assets/PolygonApocalypse/Models/SM_Prop_Gaspump_02.fbx","PolygonApocalypse","No","No",0,"","No","ImportAnimation=False; AnimationType=None; AvatarSetup=NoAvatar; HasAvatar=False","Unknown","No imported/embedded animation clips detected"
"SM_Prop_Gaspump_Base_01","FBX / ModelImporter","Assets/PolygonApocalypse/Models/SM_Prop_Gaspump_Base_01.fbx","PolygonApocalypse","No","No",0,"","No","ImportAnimation=False; AnimationType=None; AvatarSetup=NoAvatar; HasAvatar=False","Unknown","No imported/embedded animation clips detected"
"SM_Prop_Gaspump_Burnt_01","FBX / ModelImporter","Assets/PolygonApocalypse/Models/SM_Prop_Gaspump_Burnt_01.fbx","PolygonApocalypse","No","No",0,"","No","ImportAnimation=False; AnimationType=None; AvatarSetup=NoAvatar; HasAvatar=False","Unknown","No imported/embedded animation clips detected"
"SM_Prop_Gaspump_Cover_01","FBX / ModelImporter","Assets/PolygonApocalypse/Models/SM_Prop_Gaspump_Cover_01.fbx","PolygonApocalypse","No","No",0,"","No","ImportAnimation=False; AnimationType=None; AvatarSetup=NoAvatar; HasAvatar=False","Unknown","No imported/embedded animation clips detected"
"SM_Prop_Gaspump_Cover_Burnt_01","FBX / ModelImporter","Assets/PolygonApocalypse/Models/SM_Prop_Gaspump_Cover_Burnt_01.fbx","PolygonApocalypse","No","No",0,"","No","ImportAnimation=False; AnimationType=None; AvatarSetup=NoAvatar; HasAvatar=False","Unknown","No imported/embedded animation clips detected"
"SM_Prop_Generator_01","FBX / ModelImporter","Assets/PolygonApocalypse/Models/SM_Prop_Generator_01.fbx","PolygonApocalypse","No","No",0,"","No","ImportAnimation=False; AnimationType=None; AvatarSetup=NoAvatar; HasAvatar=False","Unknown","No imported/embedded animation clips detected"
"SM_Prop_Glass_Shard_01","FBX / ModelImporter","Assets/PolygonApocalypse/Models/SM_Prop_Glass_Shard_01.fbx","PolygonApocalypse","No","No",0,"","No","ImportAnimation=False; AnimationType=None; AvatarSetup=NoAvatar; HasAvatar=False","Unknown","No imported/embedded animation clips detected"
"SM_Prop_Glass_Shard_02","FBX / ModelImporter","Assets/PolygonApocalypse/Models/SM_Prop_Glass_Shard_02.fbx","PolygonApocalypse","No","No",0,"","No","ImportAnimation=False; AnimationType=None; AvatarSetup=NoAvatar; HasAvatar=False","Unknown","No imported/embedded animation clips detected"
"SM_Prop_Glass_Shard_03","FBX / ModelImporter","Assets/PolygonApocalypse/Models/SM_Prop_Glass_Shard_03.fbx","PolygonApocalypse","No","No",0,"","No","ImportAnimation=False; AnimationType=None; AvatarSetup=NoAvatar; HasAvatar=False","Unknown","No imported/embedded animation clips detected"
"SM_Prop_Glass_Shard_04","FBX / ModelImporter","Assets/PolygonApocalypse/Models/SM_Prop_Glass_Shard_04.fbx","PolygonApocalypse","No","No",0,"","No","ImportAnimation=False; AnimationType=None; AvatarSetup=NoAvatar; HasAvatar=False","Unknown","No imported/embedded animation clips detected"
"SM_Prop_Glass_Shard_05","FBX / ModelImporter","Assets/PolygonApocalypse/Models/SM_Prop_Glass_Shard_05.fbx","PolygonApocalypse","No","No",0,"","No","ImportAnimation=False; AnimationType=None; AvatarSetup=NoAvatar; HasAvatar=False","Unknown","No imported/embedded animation clips detected"
"SM_Prop_Glass_Shard_06","FBX / ModelImporter","Assets/PolygonApocalypse/Models/SM_Prop_Glass_Shard_06.fbx","PolygonApocalypse","No","No",0,"","No","ImportAnimation=False; AnimationType=None; AvatarSetup=NoAvatar; HasAvatar=False","Unknown","No imported/embedded animation clips detected"
"SM_Prop_Glass_Shard_07","FBX / ModelImporter","Assets/PolygonApocalypse/Models/SM_Prop_Glass_Shard_07.fbx","PolygonApocalypse","No","No",0,"","No","ImportAnimation=False; AnimationType=None; AvatarSetup=NoAvatar; HasAvatar=False","Unknown","No imported/embedded animation clips detected"
"SM_Prop_Glass_Shard_08","FBX / ModelImporter","Assets/PolygonApocalypse/Models/SM_Prop_Glass_Shard_08.fbx","PolygonApocalypse","No","No",0,"","No","ImportAnimation=False; AnimationType=None; AvatarSetup=NoAvatar; HasAvatar=False","Unknown","No imported/embedded animation clips detected"
"SM_Prop_Glass_Shard_09","FBX / ModelImporter","Assets/PolygonApocalypse/Models/SM_Prop_Glass_Shard_09.fbx","PolygonApocalypse","No","No",0,"","No","ImportAnimation=False; AnimationType=None; AvatarSetup=NoAvatar; HasAvatar=False","Unknown","No imported/embedded animation clips detected"
"SM_Prop_Glass_Shard_10","FBX / ModelImporter","Assets/PolygonApocalypse/Models/SM_Prop_Glass_Shard_10.fbx","PolygonApocalypse","No","No",0,"","No","ImportAnimation=False; AnimationType=None; AvatarSetup=NoAvatar; HasAvatar=False","Unknown","No imported/embedded animation clips detected"
"SM_Prop_Glass_Shard_11","FBX / ModelImporter","Assets/PolygonApocalypse/Models/SM_Prop_Glass_Shard_11.fbx","PolygonApocalypse","No","No",0,"","No","ImportAnimation=False; AnimationType=None; AvatarSetup=NoAvatar; HasAvatar=False","Unknown","No imported/embedded animation clips detected"
"SM_Prop_Globe_01","FBX / ModelImporter","Assets/PolygonApocalypse/Models/SM_Prop_Globe_01.fbx","PolygonApocalypse","No","No",0,"","No","ImportAnimation=False; AnimationType=None; AvatarSetup=NoAvatar; HasAvatar=False","Unknown","No imported/embedded animation clips detected"
"SM_Prop_Gramophone_01","FBX / ModelImporter","Assets/PolygonApocalypse/Models/SM_Prop_Gramophone_01.fbx","PolygonApocalypse","No","No",0,"","No","ImportAnimation=False; AnimationType=None; AvatarSetup=NoAvatar; HasAvatar=False","Unknown","No imported/embedded animation clips detected"
"SM_Prop_GraveStick_01","FBX / ModelImporter","Assets/PolygonApocalypse/Models/SM_Prop_GraveStick_01.fbx","PolygonApocalypse","No","No",0,"","No","ImportAnimation=False; AnimationType=None; AvatarSetup=NoAvatar; HasAvatar=False","Unknown","No imported/embedded animation clips detected"
"SM_Prop_Grill_01","FBX / ModelImporter","Assets/PolygonApocalypse/Models/SM_Prop_Grill_01.fbx","PolygonApocalypse","No","No",0,"","No","ImportAnimation=False; AnimationType=None; AvatarSetup=NoAvatar; HasAvatar=False","Unknown","No imported/embedded animation clips detected"
"SM_Prop_Hatch_01","FBX / ModelImporter","Assets/PolygonApocalypse/Models/SM_Prop_Hatch_01.fbx","PolygonApocalypse","No","No",0,"","No","ImportAnimation=False; AnimationType=None; AvatarSetup=NoAvatar; HasAvatar=False","Unknown","No imported/embedded animation clips detected"
"SM_Prop_HealthKit_01","FBX / ModelImporter","Assets/PolygonApocalypse/Models/SM_Prop_HealthKit_01.fbx","PolygonApocalypse","No","No",0,"","No","ImportAnimation=False; AnimationType=None; AvatarSetup=NoAvatar; HasAvatar=False","Unknown","No imported/embedded animation clips detected"
"SM_Prop_Helicopter_Crashed_01","FBX / ModelImporter","Assets/PolygonApocalypse/Models/SM_Prop_Helicopter_Crashed_01.fbx","PolygonApocalypse","No","No",0,"","No","ImportAnimation=False; AnimationType=None; AvatarSetup=NoAvatar; HasAvatar=False","Unknown","No imported/embedded animation clips detected"
"SM_Prop_Hoop_Child_01","FBX / ModelImporter","Assets/PolygonApocalypse/Models/SM_Prop_Hoop_Child_01.fbx","PolygonApocalypse","No","No",0,"","No","ImportAnimation=False; AnimationType=None; AvatarSetup=NoAvatar; HasAvatar=False","Unknown","No imported/embedded animation clips detected"
"SM_Prop_HotdogStand_01","FBX / ModelImporter","Assets/PolygonApocalypse/Models/SM_Prop_HotdogStand_01.fbx","PolygonApocalypse","No","No",0,"","No","ImportAnimation=False; AnimationType=None; AvatarSetup=NoAvatar; HasAvatar=False","Unknown","No imported/embedded animation clips detected"
"SM_Prop_Hydrant_01","FBX / ModelImporter","Assets/PolygonApocalypse/Models/SM_Prop_Hydrant_01.fbx","PolygonApocalypse","No","No",0,"","No","ImportAnimation=False; AnimationType=None; AvatarSetup=NoAvatar; HasAvatar=False","Unknown","No imported/embedded animation clips detected"
"SM_Prop_IndustrialWalkway_Beam_01","FBX / ModelImporter","Assets/PolygonApocalypse/Models/SM_Prop_IndustrialWalkway_Beam_01.fbx","PolygonApocalypse","No","No",0,"","No","ImportAnimation=False; AnimationType=None; AvatarSetup=NoAvatar; HasAvatar=False","Walk","No imported/embedded animation clips detected"
"SM_Prop_IndustrialWalkway_Large_01","FBX / ModelImporter","Assets/PolygonApocalypse/Models/SM_Prop_IndustrialWalkway_Large_01.fbx","PolygonApocalypse","No","No",0,"","No","ImportAnimation=False; AnimationType=None; AvatarSetup=NoAvatar; HasAvatar=False","Walk","No imported/embedded animation clips detected"
"SM_Prop_IndustrialWalkway_Preset_01","FBX / ModelImporter","Assets/PolygonApocalypse/Models/SM_Prop_IndustrialWalkway_Preset_01.fbx","PolygonApocalypse","No","No",0,"","No","ImportAnimation=False; AnimationType=None; AvatarSetup=NoAvatar; HasAvatar=False","Walk","No imported/embedded animation clips detected"
"SM_Prop_IndustrialWalkway_Preset_02","FBX / ModelImporter","Assets/PolygonApocalypse/Models/SM_Prop_IndustrialWalkway_Preset_02.fbx","PolygonApocalypse","No","No",0,"","No","ImportAnimation=False; AnimationType=None; AvatarSetup=NoAvatar; HasAvatar=False","Walk","No imported/embedded animation clips detected"
"SM_Prop_IndustrialWalkway_Preset_Large_01","FBX / ModelImporter","Assets/PolygonApocalypse/Models/SM_Prop_IndustrialWalkway_Preset_Large_01.fbx","PolygonApocalypse","No","No",0,"","No","ImportAnimation=False; AnimationType=None; AvatarSetup=NoAvatar; HasAvatar=False","Walk","No imported/embedded animation clips detected"
"SM_Prop_IndustrialWalkway_Preset_Large_02","FBX / ModelImporter","Assets/PolygonApocalypse/Models/SM_Prop_IndustrialWalkway_Preset_Large_02.fbx","PolygonApocalypse","No","No",0,"","No","ImportAnimation=False; AnimationType=None; AvatarSetup=NoAvatar; HasAvatar=False","Walk","No imported/embedded animation clips detected"
"SM_Prop_IndustrialWalkway_x1_01","FBX / ModelImporter","Assets/PolygonApocalypse/Models/SM_Prop_IndustrialWalkway_x1_01.fbx","PolygonApocalypse","No","No",0,"","No","ImportAnimation=False; AnimationType=None; AvatarSetup=NoAvatar; HasAvatar=False","Walk","No imported/embedded animation clips detected"
"SM_Prop_IndustrialWalkway_x2_01","FBX / ModelImporter","Assets/PolygonApocalypse/Models/SM_Prop_IndustrialWalkway_x2_01.fbx","PolygonApocalypse","No","No",0,"","No","ImportAnimation=False; AnimationType=None; AvatarSetup=NoAvatar; HasAvatar=False","Walk","No imported/embedded animation clips detected"
"SM_Prop_Iron_Sheet_01","FBX / ModelImporter","Assets/PolygonApocalypse/Models/SM_Prop_Iron_Sheet_01.fbx","PolygonApocalypse","No","No",0,"","No","ImportAnimation=False; AnimationType=None; AvatarSetup=NoAvatar; HasAvatar=False","Unknown","No imported/embedded animation clips detected"
"SM_Prop_Iron_Sheet_02","FBX / ModelImporter","Assets/PolygonApocalypse/Models/SM_Prop_Iron_Sheet_02.fbx","PolygonApocalypse","No","No",0,"","No","ImportAnimation=False; AnimationType=None; AvatarSetup=NoAvatar; HasAvatar=False","Unknown","No imported/embedded animation clips detected"
"SM_Prop_Iron_Sheet_03","FBX / ModelImporter","Assets/PolygonApocalypse/Models/SM_Prop_Iron_Sheet_03.fbx","PolygonApocalypse","No","No",0,"","No","ImportAnimation=False; AnimationType=None; AvatarSetup=NoAvatar; HasAvatar=False","Unknown","No imported/embedded animation clips detected"
"SM_Prop_Iron_Sheet_04","FBX / ModelImporter","Assets/PolygonApocalypse/Models/SM_Prop_Iron_Sheet_04.fbx","PolygonApocalypse","No","No",0,"","No","ImportAnimation=False; AnimationType=None; AvatarSetup=NoAvatar; HasAvatar=False","Unknown","No imported/embedded animation clips detected"
"SM_Prop_JunkPile_01","FBX / ModelImporter","Assets/PolygonApocalypse/Models/SM_Prop_JunkPile_01.fbx","PolygonApocalypse","No","No",0,"","No","ImportAnimation=False; AnimationType=None; AvatarSetup=NoAvatar; HasAvatar=False","Unknown","No imported/embedded animation clips detected"
"SM_Prop_JunkPile_Wall_01","FBX / ModelImporter","Assets/PolygonApocalypse/Models/SM_Prop_JunkPile_Wall_01.fbx","PolygonApocalypse","No","No",0,"","No","ImportAnimation=False; AnimationType=None; AvatarSetup=NoAvatar; HasAvatar=False","Unknown","No imported/embedded animation clips detected"
"SM_Prop_JunkPile_Wall_02","FBX / ModelImporter","Assets/PolygonApocalypse/Models/SM_Prop_JunkPile_Wall_02.fbx","PolygonApocalypse","No","No",0,"","No","ImportAnimation=False; AnimationType=None; AvatarSetup=NoAvatar; HasAvatar=False","Unknown","No imported/embedded animation clips detected"
"SM_Prop_Keg_01","FBX / ModelImporter","Assets/PolygonApocalypse/Models/SM_Prop_Keg_01.fbx","PolygonApocalypse","No","No",0,"","No","ImportAnimation=False; AnimationType=None; AvatarSetup=NoAvatar; HasAvatar=False","Unknown","No imported/embedded animation clips detected"
"SM_Prop_Kitchen_Fridge_01","FBX / ModelImporter","Assets/PolygonApocalypse/Models/SM_Prop_Kitchen_Fridge_01.fbx","PolygonApocalypse","No","No",0,"","No","ImportAnimation=False; AnimationType=None; AvatarSetup=NoAvatar; HasAvatar=False","Unknown","No imported/embedded animation clips detected"
"SM_Prop_KitchenCabinet_01","FBX / ModelImporter","Assets/PolygonApocalypse/Models/SM_Prop_KitchenCabinet_01.fbx","PolygonApocalypse","No","No",0,"","No","ImportAnimation=False; AnimationType=None; AvatarSetup=NoAvatar; HasAvatar=False","Unknown","No imported/embedded animation clips detected"
"SM_Prop_Ladder_01","FBX / ModelImporter","Assets/PolygonApocalypse/Models/SM_Prop_Ladder_01.fbx","PolygonApocalypse","No","No",0,"","No","ImportAnimation=False; AnimationType=None; AvatarSetup=NoAvatar; HasAvatar=False","Unknown","No imported/embedded animation clips detected"
"SM_Prop_Ladder_02","FBX / ModelImporter","Assets/PolygonApocalypse/Models/SM_Prop_Ladder_02.fbx","PolygonApocalypse","No","No",0,"","No","ImportAnimation=False; AnimationType=None; AvatarSetup=NoAvatar; HasAvatar=False","Unknown","No imported/embedded animation clips detected"
"SM_Prop_Ladder_03","FBX / ModelImporter","Assets/PolygonApocalypse/Models/SM_Prop_Ladder_03.fbx","PolygonApocalypse","No","No",0,"","No","ImportAnimation=False; AnimationType=None; AvatarSetup=NoAvatar; HasAvatar=False","Unknown","No imported/embedded animation clips detected"
"SM_Prop_Lamp_01","FBX / ModelImporter","Assets/PolygonApocalypse/Models/SM_Prop_Lamp_01.fbx","PolygonApocalypse","No","No",0,"","No","ImportAnimation=False; AnimationType=None; AvatarSetup=NoAvatar; HasAvatar=False","Unknown","No imported/embedded animation clips detected"
"SM_Prop_LargeSign_Burger_01","FBX / ModelImporter","Assets/PolygonApocalypse/Models/SM_Prop_LargeSign_Burger_01.fbx","PolygonApocalypse","No","No",0,"","No","ImportAnimation=False; AnimationType=None; AvatarSetup=NoAvatar; HasAvatar=False","Unknown","No imported/embedded animation clips detected"
"SM_Prop_Laundry_WasherTop_01","FBX / ModelImporter","Assets/PolygonApocalypse/Models/SM_Prop_Laundry_WasherTop_01.fbx","PolygonApocalypse","No","No",0,"","No","ImportAnimation=False; AnimationType=None; AvatarSetup=NoAvatar; HasAvatar=False","Unknown","No imported/embedded animation clips detected"
"SM_Prop_LetterBox_01","FBX / ModelImporter","Assets/PolygonApocalypse/Models/SM_Prop_LetterBox_01.fbx","PolygonApocalypse","No","No",0,"","No","ImportAnimation=False; AnimationType=None; AvatarSetup=NoAvatar; HasAvatar=False","Unknown","No imported/embedded animation clips detected"
"SM_Prop_Light_Flurecent_01","FBX / ModelImporter","Assets/PolygonApocalypse/Models/SM_Prop_Light_Flurecent_01.fbx","PolygonApocalypse","No","No",0,"","No","ImportAnimation=False; AnimationType=None; AvatarSetup=NoAvatar; HasAvatar=False","Unknown","No imported/embedded animation clips detected"
"SM_Prop_Light_Flurecent_Broken_01","FBX / ModelImporter","Assets/PolygonApocalypse/Models/SM_Prop_Light_Flurecent_Broken_01.fbx","PolygonApocalypse","No","No",0,"","No","ImportAnimation=False; AnimationType=None; AvatarSetup=NoAvatar; HasAvatar=False","Unknown","No imported/embedded animation clips detected"
"SM_Prop_Light_Industrial_Ceiling_01","FBX / ModelImporter","Assets/PolygonApocalypse/Models/SM_Prop_Light_Industrial_Ceiling_01.fbx","PolygonApocalypse","No","No",0,"","No","ImportAnimation=False; AnimationType=None; AvatarSetup=NoAvatar; HasAvatar=False","Unknown","No imported/embedded animation clips detected"
"SM_Prop_Light_Industrial_Wall_01","FBX / ModelImporter","Assets/PolygonApocalypse/Models/SM_Prop_Light_Industrial_Wall_01.fbx","PolygonApocalypse","No","No",0,"","No","ImportAnimation=False; AnimationType=None; AvatarSetup=NoAvatar; HasAvatar=False","Unknown","No imported/embedded animation clips detected"
"SM_Prop_LightPole_01","FBX / ModelImporter","Assets/PolygonApocalypse/Models/SM_Prop_LightPole_01.fbx","PolygonApocalypse","No","No",0,"","No","ImportAnimation=False; AnimationType=None; AvatarSetup=NoAvatar; HasAvatar=False","Unknown","No imported/embedded animation clips detected"
"SM_Prop_LightPole_Arm_01","FBX / ModelImporter","Assets/PolygonApocalypse/Models/SM_Prop_LightPole_Arm_01.fbx","PolygonApocalypse","No","No",0,"","No","ImportAnimation=False; AnimationType=None; AvatarSetup=NoAvatar; HasAvatar=False","Unknown","No imported/embedded animation clips detected"
"SM_Prop_LightPole_Base_01","FBX / ModelImporter","Assets/PolygonApocalypse/Models/SM_Prop_LightPole_Base_01.fbx","PolygonApocalypse","No","No",0,"","No","ImportAnimation=False; AnimationType=None; AvatarSetup=NoAvatar; HasAvatar=False","Unknown","No imported/embedded animation clips detected"
"SM_Prop_LightPole_Base_02","FBX / ModelImporter","Assets/PolygonApocalypse/Models/SM_Prop_LightPole_Base_02.fbx","PolygonApocalypse","No","No",0,"","No","ImportAnimation=False; AnimationType=None; AvatarSetup=NoAvatar; HasAvatar=False","Unknown","No imported/embedded animation clips detected"
"SM_Prop_LightPole_Base_03","FBX / ModelImporter","Assets/PolygonApocalypse/Models/SM_Prop_LightPole_Base_03.fbx","PolygonApocalypse","No","No",0,"","No","ImportAnimation=False; AnimationType=None; AvatarSetup=NoAvatar; HasAvatar=False","Unknown","No imported/embedded animation clips detected"
"SM_Prop_LightPole_Base_04","FBX / ModelImporter","Assets/PolygonApocalypse/Models/SM_Prop_LightPole_Base_04.fbx","PolygonApocalypse","No","No",0,"","No","ImportAnimation=False; AnimationType=None; AvatarSetup=NoAvatar; HasAvatar=False","Unknown","No imported/embedded animation clips detected"
"SM_Prop_Log_01","FBX / ModelImporter","Assets/PolygonApocalypse/Models/SM_Prop_Log_01.fbx","PolygonApocalypse","No","No",0,"","No","ImportAnimation=False; AnimationType=None; AvatarSetup=NoAvatar; HasAvatar=False","Unknown","No imported/embedded animation clips detected"
"SM_Prop_Log_Big_01","FBX / ModelImporter","Assets/PolygonApocalypse/Models/SM_Prop_Log_Big_01.fbx","PolygonApocalypse","No","No",0,"","No","ImportAnimation=False; AnimationType=None; AvatarSetup=NoAvatar; HasAvatar=False","Unknown","No imported/embedded animation clips detected"
"SM_Prop_Log_Big_02","FBX / ModelImporter","Assets/PolygonApocalypse/Models/SM_Prop_Log_Big_02.fbx","PolygonApocalypse","No","No",0,"","No","ImportAnimation=False; AnimationType=None; AvatarSetup=NoAvatar; HasAvatar=False","Unknown","No imported/embedded animation clips detected"
"SM_Prop_Log_Big_03","FBX / ModelImporter","Assets/PolygonApocalypse/Models/SM_Prop_Log_Big_03.fbx","PolygonApocalypse","No","No",0,"","No","ImportAnimation=False; AnimationType=None; AvatarSetup=NoAvatar; HasAvatar=False","Unknown","No imported/embedded animation clips detected"
"SM_Prop_Log_Big_04","FBX / ModelImporter","Assets/PolygonApocalypse/Models/SM_Prop_Log_Big_04.fbx","PolygonApocalypse","No","No",0,"","No","ImportAnimation=False; AnimationType=None; AvatarSetup=NoAvatar; HasAvatar=False","Unknown","No imported/embedded animation clips detected"
"SM_Prop_Log_Big_05","FBX / ModelImporter","Assets/PolygonApocalypse/Models/SM_Prop_Log_Big_05.fbx","PolygonApocalypse","No","No",0,"","No","ImportAnimation=False; AnimationType=None; AvatarSetup=NoAvatar; HasAvatar=False","Unknown","No imported/embedded animation clips detected"
"SM_Prop_Log_Big_Shards_01","FBX / ModelImporter","Assets/PolygonApocalypse/Models/SM_Prop_Log_Big_Shards_01.fbx","PolygonApocalypse","No","No",0,"","No","ImportAnimation=False; AnimationType=None; AvatarSetup=NoAvatar; HasAvatar=False","Unknown","No imported/embedded animation clips detected"
"SM_Prop_Log_Wire_01","FBX / ModelImporter","Assets/PolygonApocalypse/Models/SM_Prop_Log_Wire_01.fbx","PolygonApocalypse","No","No",0,"","No","ImportAnimation=False; AnimationType=None; AvatarSetup=NoAvatar; HasAvatar=False","Unknown","No imported/embedded animation clips detected"
"SM_Prop_Loud_Speaker_01","FBX / ModelImporter","Assets/PolygonApocalypse/Models/SM_Prop_Loud_Speaker_01.fbx","PolygonApocalypse","No","No",0,"","No","ImportAnimation=False; AnimationType=None; AvatarSetup=NoAvatar; HasAvatar=False","Unknown","No imported/embedded animation clips detected"
"SM_Prop_Luggage_01","FBX / ModelImporter","Assets/PolygonApocalypse/Models/SM_Prop_Luggage_01.fbx","PolygonApocalypse","No","No",0,"","No","ImportAnimation=False; AnimationType=None; AvatarSetup=NoAvatar; HasAvatar=False","Unknown","No imported/embedded animation clips detected"
"SM_Prop_Luggage_Open_01","FBX / ModelImporter","Assets/PolygonApocalypse/Models/SM_Prop_Luggage_Open_01.fbx","PolygonApocalypse","No","No",0,"","No","ImportAnimation=False; AnimationType=None; AvatarSetup=NoAvatar; HasAvatar=False","Unknown","No imported/embedded animation clips detected"
"SM_Prop_Luggage_Open_02","FBX / ModelImporter","Assets/PolygonApocalypse/Models/SM_Prop_Luggage_Open_02.fbx","PolygonApocalypse","No","No",0,"","No","ImportAnimation=False; AnimationType=None; AvatarSetup=NoAvatar; HasAvatar=False","Unknown","No imported/embedded animation clips detected"
"SM_Prop_Luggage_Retro_01","FBX / ModelImporter","Assets/PolygonApocalypse/Models/SM_Prop_Luggage_Retro_01.fbx","PolygonApocalypse","No","No",0,"","No","ImportAnimation=False; AnimationType=None; AvatarSetup=NoAvatar; HasAvatar=False","Unknown","No imported/embedded animation clips detected"
"SM_Prop_Luggage_Retro_Open_01","FBX / ModelImporter","Assets/PolygonApocalypse/Models/SM_Prop_Luggage_Retro_Open_01.fbx","PolygonApocalypse","No","No",0,"","No","ImportAnimation=False; AnimationType=None; AvatarSetup=NoAvatar; HasAvatar=False","Unknown","No imported/embedded animation clips detected"
"SM_Prop_Mailbox_01","FBX / ModelImporter","Assets/PolygonApocalypse/Models/SM_Prop_Mailbox_01.fbx","PolygonApocalypse","No","No",0,"","No","ImportAnimation=False; AnimationType=None; AvatarSetup=NoAvatar; HasAvatar=False","Unknown","No imported/embedded animation clips detected"
"SM_Prop_Manhole_01","FBX / ModelImporter","Assets/PolygonApocalypse/Models/SM_Prop_Manhole_01.fbx","PolygonApocalypse","No","No",0,"","No","ImportAnimation=False; AnimationType=None; AvatarSetup=NoAvatar; HasAvatar=False","Unknown","No imported/embedded animation clips detected"
"SM_Prop_Manhole_Hole_01","FBX / ModelImporter","Assets/PolygonApocalypse/Models/SM_Prop_Manhole_Hole_01.fbx","PolygonApocalypse","No","No",0,"","No","ImportAnimation=False; AnimationType=None; AvatarSetup=NoAvatar; HasAvatar=False","Unknown","No imported/embedded animation clips detected"
"SM_Prop_Mannequin_Arm_01","FBX / ModelImporter","Assets/PolygonApocalypse/Models/SM_Prop_Mannequin_Arm_01.fbx","PolygonApocalypse","No","No",0,"","No","ImportAnimation=False; AnimationType=None; AvatarSetup=NoAvatar; HasAvatar=False","Unknown","No imported/embedded animation clips detected"
"SM_Prop_Mannequin_Base_01","FBX / ModelImporter","Assets/PolygonApocalypse/Models/SM_Prop_Mannequin_Base_01.fbx","PolygonApocalypse","No","Yes",0,"","No","ImportAnimation=True; AnimationType=None; AvatarSetup=NoAvatar; HasAvatar=False","Unknown","No imported/embedded animation clips detected"
"SM_Prop_Mannequin_Base_02","FBX / ModelImporter","Assets/PolygonApocalypse/Models/SM_Prop_Mannequin_Base_02.fbx","PolygonApocalypse","No","Yes",0,"","No","ImportAnimation=True; AnimationType=None; AvatarSetup=NoAvatar; HasAvatar=False","Unknown","No imported/embedded animation clips detected"
"SM_Prop_Mannequin_Female_01","FBX / ModelImporter","Assets/PolygonApocalypse/Models/SM_Prop_Mannequin_Female_01.fbx","PolygonApocalypse","No","No",0,"","No","ImportAnimation=False; AnimationType=None; AvatarSetup=NoAvatar; HasAvatar=False","Unknown","No imported/embedded animation clips detected"
"SM_Prop_Mannequin_Female_02","FBX / ModelImporter","Assets/PolygonApocalypse/Models/SM_Prop_Mannequin_Female_02.fbx","PolygonApocalypse","No","No",0,"","No","ImportAnimation=False; AnimationType=None; AvatarSetup=NoAvatar; HasAvatar=False","Unknown","No imported/embedded animation clips detected"
"SM_Prop_Mannequin_Female_03","FBX / ModelImporter","Assets/PolygonApocalypse/Models/SM_Prop_Mannequin_Female_03.fbx","PolygonApocalypse","No","No",0,"","No","ImportAnimation=False; AnimationType=None; AvatarSetup=NoAvatar; HasAvatar=False","Unknown","No imported/embedded animation clips detected"
"SM_Prop_Mannequin_Female_04","FBX / ModelImporter","Assets/PolygonApocalypse/Models/SM_Prop_Mannequin_Female_04.fbx","PolygonApocalypse","No","No",0,"","No","ImportAnimation=False; AnimationType=None; AvatarSetup=NoAvatar; HasAvatar=False","Unknown","No imported/embedded animation clips detected"
"SM_Prop_Mannequin_Female_05","FBX / ModelImporter","Assets/PolygonApocalypse/Models/SM_Prop_Mannequin_Female_05.fbx","PolygonApocalypse","No","No",0,"","No","ImportAnimation=False; AnimationType=None; AvatarSetup=NoAvatar; HasAvatar=False","Unknown","No imported/embedded animation clips detected"
"SM_Prop_Mannequin_Female_06","FBX / ModelImporter","Assets/PolygonApocalypse/Models/SM_Prop_Mannequin_Female_06.fbx","PolygonApocalypse","No","No",0,"","No","ImportAnimation=False; AnimationType=None; AvatarSetup=NoAvatar; HasAvatar=False","Unknown","No imported/embedded animation clips detected"
"SM_Prop_Mannequin_Head_01","FBX / ModelImporter","Assets/PolygonApocalypse/Models/SM_Prop_Mannequin_Head_01.fbx","PolygonApocalypse","No","No",0,"","No","ImportAnimation=False; AnimationType=None; AvatarSetup=NoAvatar; HasAvatar=False","Unknown","No imported/embedded animation clips detected"
"SM_Prop_Mannequin_Male_01","FBX / ModelImporter","Assets/PolygonApocalypse/Models/SM_Prop_Mannequin_Male_01.fbx","PolygonApocalypse","No","No",0,"","No","ImportAnimation=False; AnimationType=None; AvatarSetup=NoAvatar; HasAvatar=False","Unknown","No imported/embedded animation clips detected"
"SM_Prop_Mannequin_Male_02","FBX / ModelImporter","Assets/PolygonApocalypse/Models/SM_Prop_Mannequin_Male_02.fbx","PolygonApocalypse","No","No",0,"","No","ImportAnimation=False; AnimationType=None; AvatarSetup=NoAvatar; HasAvatar=False","Unknown","No imported/embedded animation clips detected"
"SM_Prop_Mannequin_Male_03","FBX / ModelImporter","Assets/PolygonApocalypse/Models/SM_Prop_Mannequin_Male_03.fbx","PolygonApocalypse","No","No",0,"","No","ImportAnimation=False; AnimationType=None; AvatarSetup=NoAvatar; HasAvatar=False","Unknown","No imported/embedded animation clips detected"
"SM_Prop_Mannequin_Male_04","FBX / ModelImporter","Assets/PolygonApocalypse/Models/SM_Prop_Mannequin_Male_04.fbx","PolygonApocalypse","No","No",0,"","No","ImportAnimation=False; AnimationType=None; AvatarSetup=NoAvatar; HasAvatar=False","Unknown","No imported/embedded animation clips detected"
"SM_Prop_Mannequin_Male_05","FBX / ModelImporter","Assets/PolygonApocalypse/Models/SM_Prop_Mannequin_Male_05.fbx","PolygonApocalypse","No","No",0,"","No","ImportAnimation=False; AnimationType=None; AvatarSetup=NoAvatar; HasAvatar=False","Unknown","No imported/embedded animation clips detected"
"SM_Prop_Mannequin_Male_06","FBX / ModelImporter","Assets/PolygonApocalypse/Models/SM_Prop_Mannequin_Male_06.fbx","PolygonApocalypse","No","No",0,"","No","ImportAnimation=False; AnimationType=None; AvatarSetup=NoAvatar; HasAvatar=False","Unknown","No imported/embedded animation clips detected"
"SM_Prop_Mannequin_Torso_01","FBX / ModelImporter","Assets/PolygonApocalypse/Models/SM_Prop_Mannequin_Torso_01.fbx","PolygonApocalypse","No","No",0,"","No","ImportAnimation=False; AnimationType=None; AvatarSetup=NoAvatar; HasAvatar=False","Unknown","No imported/embedded animation clips detected"
"SM_Prop_Medical_Container_01","FBX / ModelImporter","Assets/PolygonApocalypse/Models/SM_Prop_Medical_Container_01.fbx","PolygonApocalypse","No","No",0,"","No","ImportAnimation=False; AnimationType=None; AvatarSetup=NoAvatar; HasAvatar=False","Unknown","No imported/embedded animation clips detected"
"SM_Prop_Medical_Container_Broken_01","FBX / ModelImporter","Assets/PolygonApocalypse/Models/SM_Prop_Medical_Container_Broken_01.fbx","PolygonApocalypse","No","No",0,"","No","ImportAnimation=False; AnimationType=None; AvatarSetup=NoAvatar; HasAvatar=False","Unknown","No imported/embedded animation clips detected"
"SM_Prop_Medical_IVStand_01","FBX / ModelImporter","Assets/PolygonApocalypse/Models/SM_Prop_Medical_IVStand_01.fbx","PolygonApocalypse","No","No",0,"","No","ImportAnimation=False; AnimationType=None; AvatarSetup=NoAvatar; HasAvatar=False","Unknown","No imported/embedded animation clips detected"
"SM_Prop_Medical_Shelf_01","FBX / ModelImporter","Assets/PolygonApocalypse/Models/SM_Prop_Medical_Shelf_01.fbx","PolygonApocalypse","No","No",0,"","No","ImportAnimation=False; AnimationType=None; AvatarSetup=NoAvatar; HasAvatar=False","Unknown","No imported/embedded animation clips detected"
"SM_Prop_Medical_Shelf_02","FBX / ModelImporter","Assets/PolygonApocalypse/Models/SM_Prop_Medical_Shelf_02.fbx","PolygonApocalypse","No","No",0,"","No","ImportAnimation=False; AnimationType=None; AvatarSetup=NoAvatar; HasAvatar=False","Unknown","No imported/embedded animation clips detected"
"SM_Prop_MedicalBox_02","FBX / ModelImporter","Assets/PolygonApocalypse/Models/SM_Prop_MedicalBox_02.fbx","PolygonApocalypse","No","No",0,"","No","ImportAnimation=False; AnimationType=None; AvatarSetup=NoAvatar; HasAvatar=False","Unknown","No imported/embedded animation clips detected"
"SM_Prop_MetalSheet_01","FBX / ModelImporter","Assets/PolygonApocalypse/Models/SM_Prop_MetalSheet_01.fbx","PolygonApocalypse","No","No",0,"","No","ImportAnimation=False; AnimationType=None; AvatarSetup=NoAvatar; HasAvatar=False","Unknown","No imported/embedded animation clips detected"
"SM_Prop_MetalSheet_02","FBX / ModelImporter","Assets/PolygonApocalypse/Models/SM_Prop_MetalSheet_02.fbx","PolygonApocalypse","No","No",0,"","No","ImportAnimation=False; AnimationType=None; AvatarSetup=NoAvatar; HasAvatar=False","Unknown","No imported/embedded animation clips detected"
"SM_Prop_MetalSpikes_01","FBX / ModelImporter","Assets/PolygonApocalypse/Models/SM_Prop_MetalSpikes_01.fbx","PolygonApocalypse","No","No",0,"","No","ImportAnimation=False; AnimationType=None; AvatarSetup=NoAvatar; HasAvatar=False","Unknown","No imported/embedded animation clips detected"
"SM_Prop_Nuke_01","FBX / ModelImporter","Assets/PolygonApocalypse/Models/SM_Prop_Nuke_01.fbx","PolygonApocalypse","No","No",0,"","No","ImportAnimation=False; AnimationType=None; AvatarSetup=NoAvatar; HasAvatar=False","Unknown","No imported/embedded animation clips detected"
"SM_Prop_Nuke_02","FBX / ModelImporter","Assets/PolygonApocalypse/Models/SM_Prop_Nuke_02.fbx","PolygonApocalypse","No","No",0,"","No","ImportAnimation=False; AnimationType=None; AvatarSetup=NoAvatar; HasAvatar=False","Unknown","No imported/embedded animation clips detected"
"SM_Prop_Outdoor_Table_01","FBX / ModelImporter","Assets/PolygonApocalypse/Models/SM_Prop_Outdoor_Table_01.fbx","PolygonApocalypse","No","No",0,"","No","ImportAnimation=False; AnimationType=None; AvatarSetup=NoAvatar; HasAvatar=False","Unknown","No imported/embedded animation clips detected"
"SM_Prop_Oven_Broken_01","FBX / ModelImporter","Assets/PolygonApocalypse/Models/SM_Prop_Oven_Broken_01.fbx","PolygonApocalypse","No","No",0,"","No","ImportAnimation=False; AnimationType=None; AvatarSetup=NoAvatar; HasAvatar=False","Unknown","No imported/embedded animation clips detected"
"SM_Prop_Pallet_01","FBX / ModelImporter","Assets/PolygonApocalypse/Models/SM_Prop_Pallet_01.fbx","PolygonApocalypse","No","No",0,"","No","ImportAnimation=False; AnimationType=None; AvatarSetup=NoAvatar; HasAvatar=False","Unknown","No imported/embedded animation clips detected"
"SM_Prop_Pallet_02","FBX / ModelImporter","Assets/PolygonApocalypse/Models/SM_Prop_Pallet_02.fbx","PolygonApocalypse","No","No",0,"","No","ImportAnimation=False; AnimationType=None; AvatarSetup=NoAvatar; HasAvatar=False","Unknown","No imported/embedded animation clips detected"
"SM_Prop_Pallet_03","FBX / ModelImporter","Assets/PolygonApocalypse/Models/SM_Prop_Pallet_03.fbx","PolygonApocalypse","No","No",0,"","No","ImportAnimation=False; AnimationType=None; AvatarSetup=NoAvatar; HasAvatar=False","Unknown","No imported/embedded animation clips detected"
"SM_Prop_Pan_01","FBX / ModelImporter","Assets/PolygonApocalypse/Models/SM_Prop_Pan_01.fbx","PolygonApocalypse","No","No",0,"","No","ImportAnimation=False; AnimationType=None; AvatarSetup=NoAvatar; HasAvatar=False","Unknown","No imported/embedded animation clips detected"
"SM_Prop_Papers_01","FBX / ModelImporter","Assets/PolygonApocalypse/Models/SM_Prop_Papers_01.fbx","PolygonApocalypse","No","No",0,"","No","ImportAnimation=False; AnimationType=None; AvatarSetup=NoAvatar; HasAvatar=False","Unknown","No imported/embedded animation clips detected"
"SM_Prop_Papers_02","FBX / ModelImporter","Assets/PolygonApocalypse/Models/SM_Prop_Papers_02.fbx","PolygonApocalypse","No","No",0,"","No","ImportAnimation=False; AnimationType=None; AvatarSetup=NoAvatar; HasAvatar=False","Unknown","No imported/embedded animation clips detected"
"SM_Prop_Papers_03","FBX / ModelImporter","Assets/PolygonApocalypse/Models/SM_Prop_Papers_03.fbx","PolygonApocalypse","No","No",0,"","No","ImportAnimation=False; AnimationType=None; AvatarSetup=NoAvatar; HasAvatar=False","Unknown","No imported/embedded animation clips detected"
"SM_Prop_Park_Table_01","FBX / ModelImporter","Assets/PolygonApocalypse/Models/SM_Prop_Park_Table_01.fbx","PolygonApocalypse","No","No",0,"","No","ImportAnimation=False; AnimationType=None; AvatarSetup=NoAvatar; HasAvatar=False","Unknown","No imported/embedded animation clips detected"
"SM_Prop_ParkBench_Broken_01","FBX / ModelImporter","Assets/PolygonApocalypse/Models/SM_Prop_ParkBench_Broken_01.fbx","PolygonApocalypse","No","No",0,"","No","ImportAnimation=False; AnimationType=None; AvatarSetup=NoAvatar; HasAvatar=False","Unknown","No imported/embedded animation clips detected"
"SM_Prop_Piano_01","FBX / ModelImporter","Assets/PolygonApocalypse/Models/SM_Prop_Piano_01.fbx","PolygonApocalypse","No","No",0,"","No","ImportAnimation=False; AnimationType=None; AvatarSetup=NoAvatar; HasAvatar=False","Unknown","No imported/embedded animation clips detected"
"SM_Prop_Pipe_Large_01","FBX / ModelImporter","Assets/PolygonApocalypse/Models/SM_Prop_Pipe_Large_01.fbx","PolygonApocalypse","No","No",0,"","No","ImportAnimation=False; AnimationType=None; AvatarSetup=NoAvatar; HasAvatar=False","Unknown","No imported/embedded animation clips detected"
"SM_Prop_Pipe_Large_01_Tarp","FBX / ModelImporter","Assets/PolygonApocalypse/Models/SM_Prop_Pipe_Large_01_Tarp.fbx","PolygonApocalypse","No","No",0,"","No","ImportAnimation=False; AnimationType=None; AvatarSetup=NoAvatar; HasAvatar=False","Unknown","No imported/embedded animation clips detected"
"SM_Prop_Pipe_Valve_01","FBX / ModelImporter","Assets/PolygonApocalypse/Models/SM_Prop_Pipe_Valve_01.fbx","PolygonApocalypse","No","No",0,"","No","ImportAnimation=False; AnimationType=None; AvatarSetup=NoAvatar; HasAvatar=False","Unknown","No imported/embedded animation clips detected"
"SM_Prop_Pipe_Valve_02","FBX / ModelImporter","Assets/PolygonApocalypse/Models/SM_Prop_Pipe_Valve_02.fbx","PolygonApocalypse","No","No",0,"","No","ImportAnimation=False; AnimationType=None; AvatarSetup=NoAvatar; HasAvatar=False","Unknown","No imported/embedded animation clips detected"
"SM_Prop_Pipes_01","FBX / ModelImporter","Assets/PolygonApocalypse/Models/SM_Prop_Pipes_01.fbx","PolygonApocalypse","No","No",0,"","No","ImportAnimation=False; AnimationType=None; AvatarSetup=NoAvatar; HasAvatar=False","Unknown","No imported/embedded animation clips detected"
"SM_Prop_Pipes_Rusted_01","FBX / ModelImporter","Assets/PolygonApocalypse/Models/SM_Prop_Pipes_Rusted_01.fbx","PolygonApocalypse","No","No",0,"","No","ImportAnimation=False; AnimationType=None; AvatarSetup=NoAvatar; HasAvatar=False","Unknown","No imported/embedded animation clips detected"
"SM_Prop_Pipes_Rusted_02","FBX / ModelImporter","Assets/PolygonApocalypse/Models/SM_Prop_Pipes_Rusted_02.fbx","PolygonApocalypse","No","No",0,"","No","ImportAnimation=False; AnimationType=None; AvatarSetup=NoAvatar; HasAvatar=False","Unknown","No imported/embedded animation clips detected"
"SM_Prop_Pipes_Valves_01","FBX / ModelImporter","Assets/PolygonApocalypse/Models/SM_Prop_Pipes_Valves_01.fbx","PolygonApocalypse","No","No",0,"","No","ImportAnimation=False; AnimationType=None; AvatarSetup=NoAvatar; HasAvatar=False","Unknown","No imported/embedded animation clips detected"
"SM_Prop_Plank_01","FBX / ModelImporter","Assets/PolygonApocalypse/Models/SM_Prop_Plank_01.fbx","PolygonApocalypse","No","No",0,"","No","ImportAnimation=False; AnimationType=None; AvatarSetup=NoAvatar; HasAvatar=False","Unknown","No imported/embedded animation clips detected"
"SM_Prop_Plank_02","FBX / ModelImporter","Assets/PolygonApocalypse/Models/SM_Prop_Plank_02.fbx","PolygonApocalypse","No","No",0,"","No","ImportAnimation=False; AnimationType=None; AvatarSetup=NoAvatar; HasAvatar=False","Unknown","No imported/embedded animation clips detected"
"SM_Prop_Plank_03","FBX / ModelImporter","Assets/PolygonApocalypse/Models/SM_Prop_Plank_03.fbx","PolygonApocalypse","No","No",0,"","No","ImportAnimation=False; AnimationType=None; AvatarSetup=NoAvatar; HasAvatar=False","Unknown","No imported/embedded animation clips detected"
"SM_Prop_Plank_Bench_01","FBX / ModelImporter","Assets/PolygonApocalypse/Models/SM_Prop_Plank_Bench_01.fbx","PolygonApocalypse","No","No",0,"","No","ImportAnimation=False; AnimationType=None; AvatarSetup=NoAvatar; HasAvatar=False","Unknown","No imported/embedded animation clips detected"
"SM_Prop_Plank_Block_01","FBX / ModelImporter","Assets/PolygonApocalypse/Models/SM_Prop_Plank_Block_01.fbx","PolygonApocalypse","No","No",0,"","No","ImportAnimation=False; AnimationType=None; AvatarSetup=NoAvatar; HasAvatar=False","Unknown","No imported/embedded animation clips detected"
"SM_Prop_Playground_Roundabout_01","FBX / ModelImporter","Assets/PolygonApocalypse/Models/SM_Prop_Playground_Roundabout_01.fbx","PolygonApocalypse","No","No",0,"","No","ImportAnimation=False; AnimationType=None; AvatarSetup=NoAvatar; HasAvatar=False","Unknown","No imported/embedded animation clips detected"
"SM_Prop_Playground_Swing_01","FBX / ModelImporter","Assets/PolygonApocalypse/Models/SM_Prop_Playground_Swing_01.fbx","PolygonApocalypse","No","No",0,"","No","ImportAnimation=False; AnimationType=None; AvatarSetup=NoAvatar; HasAvatar=False","Unknown","No imported/embedded animation clips detected"
"SM_Prop_Pole_01","FBX / ModelImporter","Assets/PolygonApocalypse/Models/SM_Prop_Pole_01.fbx","PolygonApocalypse","No","No",0,"","No","ImportAnimation=False; AnimationType=None; AvatarSetup=NoAvatar; HasAvatar=False","Unknown","No imported/embedded animation clips detected"
"SM_Prop_Poles_01","FBX / ModelImporter","Assets/PolygonApocalypse/Models/SM_Prop_Poles_01.fbx","PolygonApocalypse","No","No",0,"","No","ImportAnimation=False; AnimationType=None; AvatarSetup=NoAvatar; HasAvatar=False","Unknown","No imported/embedded animation clips detected"
"SM_Prop_Pool_Aboveground_01","FBX / ModelImporter","Assets/PolygonApocalypse/Models/SM_Prop_Pool_Aboveground_01.fbx","PolygonApocalypse","No","No",0,"","No","ImportAnimation=False; AnimationType=None; AvatarSetup=NoAvatar; HasAvatar=False","Unknown","No imported/embedded animation clips detected"
"SM_Prop_Pot_Street_01","FBX / ModelImporter","Assets/PolygonApocalypse/Models/SM_Prop_Pot_Street_01.fbx","PolygonApocalypse","No","Yes",0,"","Yes","ImportAnimation=True; AnimationType=Generic; AvatarSetup=CreateFromThisModel; HasAvatar=True","Unknown","No imported/embedded animation clips detected"
"SM_Prop_PowerBoxes_01","FBX / ModelImporter","Assets/PolygonApocalypse/Models/SM_Prop_PowerBoxes_01.fbx","PolygonApocalypse","No","No",0,"","No","ImportAnimation=False; AnimationType=None; AvatarSetup=NoAvatar; HasAvatar=False","Unknown","No imported/embedded animation clips detected"
"SM_Prop_PowerBoxes_02","FBX / ModelImporter","Assets/PolygonApocalypse/Models/SM_Prop_PowerBoxes_02.fbx","PolygonApocalypse","No","No",0,"","No","ImportAnimation=False; AnimationType=None; AvatarSetup=NoAvatar; HasAvatar=False","Unknown","No imported/embedded animation clips detected"
"SM_Prop_Powerpole_01","FBX / ModelImporter","Assets/PolygonApocalypse/Models/SM_Prop_Powerpole_01.fbx","PolygonApocalypse","No","No",0,"","No","ImportAnimation=False; AnimationType=None; AvatarSetup=NoAvatar; HasAvatar=False","Unknown","No imported/embedded animation clips detected"
"SM_Prop_Powerpole_Broken_01","FBX / ModelImporter","Assets/PolygonApocalypse/Models/SM_Prop_Powerpole_Broken_01.fbx","PolygonApocalypse","No","No",0,"","No","ImportAnimation=False; AnimationType=None; AvatarSetup=NoAvatar; HasAvatar=False","Unknown","No imported/embedded animation clips detected"
"SM_Prop_Powerpole_Broken_02","FBX / ModelImporter","Assets/PolygonApocalypse/Models/SM_Prop_Powerpole_Broken_02.fbx","PolygonApocalypse","No","No",0,"","No","ImportAnimation=False; AnimationType=None; AvatarSetup=NoAvatar; HasAvatar=False","Unknown","No imported/embedded animation clips detected"
"SM_Prop_Powerpole_Broken_03","FBX / ModelImporter","Assets/PolygonApocalypse/Models/SM_Prop_Powerpole_Broken_03.fbx","PolygonApocalypse","No","No",0,"","No","ImportAnimation=False; AnimationType=None; AvatarSetup=NoAvatar; HasAvatar=False","Unknown","No imported/embedded animation clips detected"
"SM_Prop_Powerpole_Broken_04","FBX / ModelImporter","Assets/PolygonApocalypse/Models/SM_Prop_Powerpole_Broken_04.fbx","PolygonApocalypse","No","No",0,"","No","ImportAnimation=False; AnimationType=None; AvatarSetup=NoAvatar; HasAvatar=False","Unknown","No imported/embedded animation clips detected"
"SM_Prop_Powerpole_Line_01","FBX / ModelImporter","Assets/PolygonApocalypse/Models/SM_Prop_Powerpole_Line_01.fbx","PolygonApocalypse","No","No",0,"","No","ImportAnimation=False; AnimationType=None; AvatarSetup=NoAvatar; HasAvatar=False","Unknown","No imported/embedded animation clips detected"
"SM_Prop_Powerpole_Lines_01","FBX / ModelImporter","Assets/PolygonApocalypse/Models/SM_Prop_Powerpole_Lines_01.fbx","PolygonApocalypse","No","No",0,"","No","ImportAnimation=False; AnimationType=None; AvatarSetup=NoAvatar; HasAvatar=False","Unknown","No imported/embedded animation clips detected"
"SM_Prop_Powerpole_Preset_01","FBX / ModelImporter","Assets/PolygonApocalypse/Models/SM_Prop_Powerpole_Preset_01.fbx","PolygonApocalypse","No","No",0,"","No","ImportAnimation=False; AnimationType=None; AvatarSetup=NoAvatar; HasAvatar=False","Unknown","No imported/embedded animation clips detected"
"SM_Prop_Powerpole_Preset_02","FBX / ModelImporter","Assets/PolygonApocalypse/Models/SM_Prop_Powerpole_Preset_02.fbx","PolygonApocalypse","No","No",0,"","No","ImportAnimation=False; AnimationType=None; AvatarSetup=NoAvatar; HasAvatar=False","Unknown","No imported/embedded animation clips detected"
"SM_Prop_Powerpole_Preset_03","FBX / ModelImporter","Assets/PolygonApocalypse/Models/SM_Prop_Powerpole_Preset_03.fbx","PolygonApocalypse","No","No",0,"","No","ImportAnimation=False; AnimationType=None; AvatarSetup=NoAvatar; HasAvatar=False","Unknown","No imported/embedded animation clips detected"
"SM_Prop_Powerpole_Single_01","FBX / ModelImporter","Assets/PolygonApocalypse/Models/SM_Prop_Powerpole_Single_01.fbx","PolygonApocalypse","No","No",0,"","No","ImportAnimation=False; AnimationType=None; AvatarSetup=NoAvatar; HasAvatar=False","Unknown","No imported/embedded animation clips detected"
"SM_Prop_Powerpole_Single_Broken_01","FBX / ModelImporter","Assets/PolygonApocalypse/Models/SM_Prop_Powerpole_Single_Broken_01.fbx","PolygonApocalypse","No","No",0,"","No","ImportAnimation=False; AnimationType=None; AvatarSetup=NoAvatar; HasAvatar=False","Unknown","No imported/embedded animation clips detected"
"SM_Prop_Powerpole_Single_Line_01","FBX / ModelImporter","Assets/PolygonApocalypse/Models/SM_Prop_Powerpole_Single_Line_01.fbx","PolygonApocalypse","No","No",0,"","No","ImportAnimation=False; AnimationType=None; AvatarSetup=NoAvatar; HasAvatar=False","Unknown","No imported/embedded animation clips detected"
"SM_Prop_Powerpole_Single_Line_02","FBX / ModelImporter","Assets/PolygonApocalypse/Models/SM_Prop_Powerpole_Single_Line_02.fbx","PolygonApocalypse","No","No",0,"","No","ImportAnimation=False; AnimationType=None; AvatarSetup=NoAvatar; HasAvatar=False","Unknown","No imported/embedded animation clips detected"
"SM_Prop_Propane_01","FBX / ModelImporter","Assets/PolygonApocalypse/Models/SM_Prop_Propane_01.fbx","PolygonApocalypse","No","No",0,"","No","ImportAnimation=False; AnimationType=None; AvatarSetup=NoAvatar; HasAvatar=False","Unknown","No imported/embedded animation clips detected"
"SM_Prop_Radio_01","FBX / ModelImporter","Assets/PolygonApocalypse/Models/SM_Prop_Radio_01.fbx","PolygonApocalypse","No","No",0,"","No","ImportAnimation=False; AnimationType=None; AvatarSetup=NoAvatar; HasAvatar=False","Unknown","No imported/embedded animation clips detected"
"SM_Prop_Raft_01","FBX / ModelImporter","Assets/PolygonApocalypse/Models/SM_Prop_Raft_01.fbx","PolygonApocalypse","No","No",0,"","No","ImportAnimation=False; AnimationType=None; AvatarSetup=NoAvatar; HasAvatar=False","Unknown","No imported/embedded animation clips detected"
"SM_Prop_Railing_01","FBX / ModelImporter","Assets/PolygonApocalypse/Models/SM_Prop_Railing_01.fbx","PolygonApocalypse","No","No",0,"","No","ImportAnimation=False; AnimationType=None; AvatarSetup=NoAvatar; HasAvatar=False","Unknown","No imported/embedded animation clips detected"
"SM_Prop_Ramp_01","FBX / ModelImporter","Assets/PolygonApocalypse/Models/SM_Prop_Ramp_01.fbx","PolygonApocalypse","No","No",0,"","No","ImportAnimation=False; AnimationType=None; AvatarSetup=NoAvatar; HasAvatar=False","Unknown","No imported/embedded animation clips detected"
"SM_Prop_Ramp_02","FBX / ModelImporter","Assets/PolygonApocalypse/Models/SM_Prop_Ramp_02.fbx","PolygonApocalypse","No","No",0,"","No","ImportAnimation=False; AnimationType=None; AvatarSetup=NoAvatar; HasAvatar=False","Unknown","No imported/embedded animation clips detected"
"SM_Prop_Ramp_03","FBX / ModelImporter","Assets/PolygonApocalypse/Models/SM_Prop_Ramp_03.fbx","PolygonApocalypse","No","No",0,"","No","ImportAnimation=False; AnimationType=None; AvatarSetup=NoAvatar; HasAvatar=False","Unknown","No imported/embedded animation clips detected"
"SM_Prop_Road_Barrier_01","FBX / ModelImporter","Assets/PolygonApocalypse/Models/SM_Prop_Road_Barrier_01.fbx","PolygonApocalypse","No","No",0,"","No","ImportAnimation=False; AnimationType=None; AvatarSetup=NoAvatar; HasAvatar=False","Unknown","No imported/embedded animation clips detected"
"SM_Prop_Road_Barrier_02","FBX / ModelImporter","Assets/PolygonApocalypse/Models/SM_Prop_Road_Barrier_02.fbx","PolygonApocalypse","No","No",0,"","No","ImportAnimation=False; AnimationType=None; AvatarSetup=NoAvatar; HasAvatar=False","Unknown","No imported/embedded animation clips detected"
"SM_Prop_Roadblock_01","FBX / ModelImporter","Assets/PolygonApocalypse/Models/SM_Prop_Roadblock_01.fbx","PolygonApocalypse","No","No",0,"","No","ImportAnimation=False; AnimationType=None; AvatarSetup=NoAvatar; HasAvatar=False","Unknown","No imported/embedded animation clips detected"
"SM_Prop_Roof_Chimney","FBX / ModelImporter","Assets/PolygonApocalypse/Models/SM_Prop_Roof_Chimney.fbx","PolygonApocalypse","No","No",0,"","No","ImportAnimation=False; AnimationType=None; AvatarSetup=NoAvatar; HasAvatar=False","Unknown","No imported/embedded animation clips detected"
"SM_Prop_Roof_Satellite_01","FBX / ModelImporter","Assets/PolygonApocalypse/Models/SM_Prop_Roof_Satellite_01.fbx","PolygonApocalypse","No","No",0,"","No","ImportAnimation=False; AnimationType=None; AvatarSetup=NoAvatar; HasAvatar=False","Unknown","No imported/embedded animation clips detected"
"SM_Prop_Roof_Satellite_Dish_01","FBX / ModelImporter","Assets/PolygonApocalypse/Models/SM_Prop_Roof_Satellite_Dish_01.fbx","PolygonApocalypse","No","No",0,"","No","ImportAnimation=False; AnimationType=None; AvatarSetup=NoAvatar; HasAvatar=False","Unknown","No imported/embedded animation clips detected"
"SM_Prop_Roof_SkyLight_01","FBX / ModelImporter","Assets/PolygonApocalypse/Models/SM_Prop_Roof_SkyLight_01.fbx","PolygonApocalypse","No","No",0,"","No","ImportAnimation=False; AnimationType=None; AvatarSetup=NoAvatar; HasAvatar=False","Unknown","No imported/embedded animation clips detected"
"SM_Prop_Roof_SolarPanel_01","FBX / ModelImporter","Assets/PolygonApocalypse/Models/SM_Prop_Roof_SolarPanel_01.fbx","PolygonApocalypse","No","No",0,"","No","ImportAnimation=False; AnimationType=None; AvatarSetup=NoAvatar; HasAvatar=False","Unknown","No imported/embedded animation clips detected"
"SM_Prop_RopeClimb_01","FBX / ModelImporter","Assets/PolygonApocalypse/Models/SM_Prop_RopeClimb_01.fbx","PolygonApocalypse","No","No",0,"","No","ImportAnimation=False; AnimationType=None; AvatarSetup=NoAvatar; HasAvatar=False","Unknown","No imported/embedded animation clips detected"
"SM_Prop_RubbishBin_01","FBX / ModelImporter","Assets/PolygonApocalypse/Models/SM_Prop_RubbishBin_01.fbx","PolygonApocalypse","No","No",0,"","No","ImportAnimation=False; AnimationType=None; AvatarSetup=NoAvatar; HasAvatar=False","Unknown","No imported/embedded animation clips detected"
"SM_Prop_RubbishBin_02","FBX / ModelImporter","Assets/PolygonApocalypse/Models/SM_Prop_RubbishBin_02.fbx","PolygonApocalypse","No","No",0,"","No","ImportAnimation=False; AnimationType=None; AvatarSetup=NoAvatar; HasAvatar=False","Unknown","No imported/embedded animation clips detected"
"SM_Prop_RubbishBin_03","FBX / ModelImporter","Assets/PolygonApocalypse/Models/SM_Prop_RubbishBin_03.fbx","PolygonApocalypse","No","No",0,"","No","ImportAnimation=False; AnimationType=None; AvatarSetup=NoAvatar; HasAvatar=False","Unknown","No imported/embedded animation clips detected"
"SM_Prop_Rubble_Concrete_01","FBX / ModelImporter","Assets/PolygonApocalypse/Models/SM_Prop_Rubble_Concrete_01.fbx","PolygonApocalypse","No","No",0,"","No","ImportAnimation=False; AnimationType=None; AvatarSetup=NoAvatar; HasAvatar=False","Unknown","No imported/embedded animation clips detected"
"SM_Prop_Rubble_Concrete_02","FBX / ModelImporter","Assets/PolygonApocalypse/Models/SM_Prop_Rubble_Concrete_02.fbx","PolygonApocalypse","No","No",0,"","No","ImportAnimation=False; AnimationType=None; AvatarSetup=NoAvatar; HasAvatar=False","Unknown","No imported/embedded animation clips detected"
"SM_Prop_Rubble_Concrete_03","FBX / ModelImporter","Assets/PolygonApocalypse/Models/SM_Prop_Rubble_Concrete_03.fbx","PolygonApocalypse","No","No",0,"","No","ImportAnimation=False; AnimationType=None; AvatarSetup=NoAvatar; HasAvatar=False","Unknown","No imported/embedded animation clips detected"
"SM_Prop_Rubble_Concrete_04","FBX / ModelImporter","Assets/PolygonApocalypse/Models/SM_Prop_Rubble_Concrete_04.fbx","PolygonApocalypse","No","No",0,"","No","ImportAnimation=False; AnimationType=None; AvatarSetup=NoAvatar; HasAvatar=False","Unknown","No imported/embedded animation clips detected"
"SM_Prop_Rubble_Concrete_05","FBX / ModelImporter","Assets/PolygonApocalypse/Models/SM_Prop_Rubble_Concrete_05.fbx","PolygonApocalypse","No","No",0,"","No","ImportAnimation=False; AnimationType=None; AvatarSetup=NoAvatar; HasAvatar=False","Unknown","No imported/embedded animation clips detected"
"SM_Prop_Rubble_Concrete_06","FBX / ModelImporter","Assets/PolygonApocalypse/Models/SM_Prop_Rubble_Concrete_06.fbx","PolygonApocalypse","No","No",0,"","No","ImportAnimation=False; AnimationType=None; AvatarSetup=NoAvatar; HasAvatar=False","Unknown","No imported/embedded animation clips detected"
"SM_Prop_Rubble_Concrete_Frame_01","FBX / ModelImporter","Assets/PolygonApocalypse/Models/SM_Prop_Rubble_Concrete_Frame_01.fbx","PolygonApocalypse","No","No",0,"","No","ImportAnimation=False; AnimationType=None; AvatarSetup=NoAvatar; HasAvatar=False","Unknown","No imported/embedded animation clips detected"
"SM_Prop_Rug_01","FBX / ModelImporter","Assets/PolygonApocalypse/Models/SM_Prop_Rug_01.fbx","PolygonApocalypse","No","No",0,"","No","ImportAnimation=False; AnimationType=None; AvatarSetup=NoAvatar; HasAvatar=False","Unknown","No imported/embedded animation clips detected"
"SM_Prop_Rug_02","FBX / ModelImporter","Assets/PolygonApocalypse/Models/SM_Prop_Rug_02.fbx","PolygonApocalypse","No","No",0,"","No","ImportAnimation=False; AnimationType=None; AvatarSetup=NoAvatar; HasAvatar=False","Unknown","No imported/embedded animation clips detected"
"SM_Prop_Rug_03","FBX / ModelImporter","Assets/PolygonApocalypse/Models/SM_Prop_Rug_03.fbx","PolygonApocalypse","No","No",0,"","No","ImportAnimation=False; AnimationType=None; AvatarSetup=NoAvatar; HasAvatar=False","Unknown","No imported/embedded animation clips detected"
"SM_Prop_Rug_04","FBX / ModelImporter","Assets/PolygonApocalypse/Models/SM_Prop_Rug_04.fbx","PolygonApocalypse","No","No",0,"","No","ImportAnimation=False; AnimationType=None; AvatarSetup=NoAvatar; HasAvatar=False","Unknown","No imported/embedded animation clips detected"
"SM_Prop_Rug_05","FBX / ModelImporter","Assets/PolygonApocalypse/Models/SM_Prop_Rug_05.fbx","PolygonApocalypse","No","No",0,"","No","ImportAnimation=False; AnimationType=None; AvatarSetup=NoAvatar; HasAvatar=False","Unknown","No imported/embedded animation clips detected"
"SM_Prop_Rug_06","FBX / ModelImporter","Assets/PolygonApocalypse/Models/SM_Prop_Rug_06.fbx","PolygonApocalypse","No","No",0,"","No","ImportAnimation=False; AnimationType=None; AvatarSetup=NoAvatar; HasAvatar=False","Unknown","No imported/embedded animation clips detected"
"SM_Prop_Sandbag_01","FBX / ModelImporter","Assets/PolygonApocalypse/Models/SM_Prop_Sandbag_01.fbx","PolygonApocalypse","No","No",0,"","No","ImportAnimation=False; AnimationType=None; AvatarSetup=NoAvatar; HasAvatar=False","Unknown","No imported/embedded animation clips detected"
"SM_Prop_Sandbag_Wall_01","FBX / ModelImporter","Assets/PolygonApocalypse/Models/SM_Prop_Sandbag_Wall_01.fbx","PolygonApocalypse","No","No",0,"","No","ImportAnimation=False; AnimationType=None; AvatarSetup=NoAvatar; HasAvatar=False","Unknown","No imported/embedded animation clips detected"
"SM_Prop_Sandbag_Wall_02","FBX / ModelImporter","Assets/PolygonApocalypse/Models/SM_Prop_Sandbag_Wall_02.fbx","PolygonApocalypse","No","No",0,"","No","ImportAnimation=False; AnimationType=None; AvatarSetup=NoAvatar; HasAvatar=False","Unknown","No imported/embedded animation clips detected"
"SM_Prop_Sandbag_Wall_03","FBX / ModelImporter","Assets/PolygonApocalypse/Models/SM_Prop_Sandbag_Wall_03.fbx","PolygonApocalypse","No","No",0,"","No","ImportAnimation=False; AnimationType=None; AvatarSetup=NoAvatar; HasAvatar=False","Unknown","No imported/embedded animation clips detected"
"SM_Prop_Sandbag_Wall_End_01","FBX / ModelImporter","Assets/PolygonApocalypse/Models/SM_Prop_Sandbag_Wall_End_01.fbx","PolygonApocalypse","No","No",0,"","No","ImportAnimation=False; AnimationType=None; AvatarSetup=NoAvatar; HasAvatar=False","Unknown","No imported/embedded animation clips detected"
"SM_Prop_Scaffold_01","FBX / ModelImporter","Assets/PolygonApocalypse/Models/SM_Prop_Scaffold_01.fbx","PolygonApocalypse","No","Yes",0,"","Yes","ImportAnimation=True; AnimationType=Generic; AvatarSetup=CreateFromThisModel; HasAvatar=True","Unknown","No imported/embedded animation clips detected"
"SM_Prop_Scaffold_Base_01","FBX / ModelImporter","Assets/PolygonApocalypse/Models/SM_Prop_Scaffold_Base_01.fbx","PolygonApocalypse","No","Yes",0,"","Yes","ImportAnimation=True; AnimationType=Generic; AvatarSetup=CreateFromThisModel; HasAvatar=True","Unknown","No imported/embedded animation clips detected"
"SM_Prop_Scaffold_Wood_01","FBX / ModelImporter","Assets/PolygonApocalypse/Models/SM_Prop_Scaffold_Wood_01.fbx","PolygonApocalypse","No","No",0,"","No","ImportAnimation=False; AnimationType=None; AvatarSetup=NoAvatar; HasAvatar=False","Unknown","No imported/embedded animation clips detected"
"SM_Prop_SearchLight_01","FBX / ModelImporter","Assets/PolygonApocalypse/Models/SM_Prop_SearchLight_01.fbx","PolygonApocalypse","No","No",0,"","No","ImportAnimation=False; AnimationType=None; AvatarSetup=NoAvatar; HasAvatar=False","Unknown","No imported/embedded animation clips detected"
"SM_Prop_Seat_01","FBX / ModelImporter","Assets/PolygonApocalypse/Models/SM_Prop_Seat_01.fbx","PolygonApocalypse","No","No",0,"","No","ImportAnimation=False; AnimationType=None; AvatarSetup=NoAvatar; HasAvatar=False","Unknown","No imported/embedded animation clips detected"
"SM_Prop_Sheet_01","FBX / ModelImporter","Assets/PolygonApocalypse/Models/SM_Prop_Sheet_01.fbx","PolygonApocalypse","No","No",0,"","No","ImportAnimation=False; AnimationType=None; AvatarSetup=NoAvatar; HasAvatar=False","Unknown","No imported/embedded animation clips detected"
"SM_Prop_Sheet_02","FBX / ModelImporter","Assets/PolygonApocalypse/Models/SM_Prop_Sheet_02.fbx","PolygonApocalypse","No","No",0,"","No","ImportAnimation=False; AnimationType=None; AvatarSetup=NoAvatar; HasAvatar=False","Unknown","No imported/embedded animation clips detected"
"SM_Prop_Sheet_03","FBX / ModelImporter","Assets/PolygonApocalypse/Models/SM_Prop_Sheet_03.fbx","PolygonApocalypse","No","No",0,"","No","ImportAnimation=False; AnimationType=None; AvatarSetup=NoAvatar; HasAvatar=False","Unknown","No imported/embedded animation clips detected"
"SM_Prop_Sheet_04","FBX / ModelImporter","Assets/PolygonApocalypse/Models/SM_Prop_Sheet_04.fbx","PolygonApocalypse","No","No",0,"","No","ImportAnimation=False; AnimationType=None; AvatarSetup=NoAvatar; HasAvatar=False","Unknown","No imported/embedded animation clips detected"
"SM_Prop_Shelf_01_Combined","FBX / ModelImporter","Assets/PolygonApocalypse/Models/SM_Prop_Shelf_01_Combined.fbx","PolygonApocalypse","No","No",0,"","No","ImportAnimation=False; AnimationType=None; AvatarSetup=NoAvatar; HasAvatar=False","Unknown","No imported/embedded animation clips detected"
"SM_Prop_Shelf_01_Drawer_01","FBX / ModelImporter","Assets/PolygonApocalypse/Models/SM_Prop_Shelf_01_Drawer_01.fbx","PolygonApocalypse","No","No",0,"","No","ImportAnimation=False; AnimationType=None; AvatarSetup=NoAvatar; HasAvatar=False","Unknown","No imported/embedded animation clips detected"
"SM_Prop_Shelter_01","FBX / ModelImporter","Assets/PolygonApocalypse/Models/SM_Prop_Shelter_01.fbx","PolygonApocalypse","No","No",0,"","No","ImportAnimation=False; AnimationType=None; AvatarSetup=NoAvatar; HasAvatar=False","Unknown","No imported/embedded animation clips detected"
"SM_Prop_Ship_01","FBX / ModelImporter","Assets/PolygonApocalypse/Models/SM_Prop_Ship_01.fbx","PolygonApocalypse","No","No",0,"","No","ImportAnimation=False; AnimationType=None; AvatarSetup=NoAvatar; HasAvatar=False","Unknown","No imported/embedded animation clips detected"
"SM_Prop_Shipping_Container_01","FBX / ModelImporter","Assets/PolygonApocalypse/Models/SM_Prop_Shipping_Container_01.fbx","PolygonApocalypse","No","No",0,"","No","ImportAnimation=False; AnimationType=None; AvatarSetup=NoAvatar; HasAvatar=False","Unknown","No imported/embedded animation clips detected"
"SM_Prop_Shipping_Container_02","FBX / ModelImporter","Assets/PolygonApocalypse/Models/SM_Prop_Shipping_Container_02.fbx","PolygonApocalypse","No","No",0,"","No","ImportAnimation=False; AnimationType=None; AvatarSetup=NoAvatar; HasAvatar=False","Unknown","No imported/embedded animation clips detected"
"SM_Prop_Shipping_Container_03","FBX / ModelImporter","Assets/PolygonApocalypse/Models/SM_Prop_Shipping_Container_03.fbx","PolygonApocalypse","No","No",0,"","No","ImportAnimation=False; AnimationType=None; AvatarSetup=NoAvatar; HasAvatar=False","Unknown","No imported/embedded animation clips detected"
"SM_Prop_Shipping_Container_Damaged_01","FBX / ModelImporter","Assets/PolygonApocalypse/Models/SM_Prop_Shipping_Container_Damaged_01.fbx","PolygonApocalypse","No","No",0,"","No","ImportAnimation=False; AnimationType=None; AvatarSetup=NoAvatar; HasAvatar=False","Hit","No imported/embedded animation clips detected"
"SM_Prop_ShootingRange_01","FBX / ModelImporter","Assets/PolygonApocalypse/Models/SM_Prop_ShootingRange_01.fbx","PolygonApocalypse","No","No",0,"","No","ImportAnimation=False; AnimationType=None; AvatarSetup=NoAvatar; HasAvatar=False","Unknown","No imported/embedded animation clips detected"
"SM_Prop_Shop_Shelf_01","FBX / ModelImporter","Assets/PolygonApocalypse/Models/SM_Prop_Shop_Shelf_01.fbx","PolygonApocalypse","No","No",0,"","No","ImportAnimation=False; AnimationType=None; AvatarSetup=NoAvatar; HasAvatar=False","Unknown","No imported/embedded animation clips detected"
"SM_Prop_ShopCheckout_01","FBX / ModelImporter","Assets/PolygonApocalypse/Models/SM_Prop_ShopCheckout_01.fbx","PolygonApocalypse","No","No",0,"","No","ImportAnimation=False; AnimationType=None; AvatarSetup=NoAvatar; HasAvatar=False","Unknown","No imported/embedded animation clips detected"
"SM_Prop_ShopCounter_01","FBX / ModelImporter","Assets/PolygonApocalypse/Models/SM_Prop_ShopCounter_01.fbx","PolygonApocalypse","No","No",0,"","No","ImportAnimation=False; AnimationType=None; AvatarSetup=NoAvatar; HasAvatar=False","Unknown","No imported/embedded animation clips detected"
"SM_Prop_ShopCounter_02","FBX / ModelImporter","Assets/PolygonApocalypse/Models/SM_Prop_ShopCounter_02.fbx","PolygonApocalypse","No","No",0,"","No","ImportAnimation=False; AnimationType=None; AvatarSetup=NoAvatar; HasAvatar=False","Unknown","No imported/embedded animation clips detected"
"SM_Prop_ShopFridge_01","FBX / ModelImporter","Assets/PolygonApocalypse/Models/SM_Prop_ShopFridge_01.fbx","PolygonApocalypse","No","No",0,"","No","ImportAnimation=False; AnimationType=None; AvatarSetup=NoAvatar; HasAvatar=False","Unknown","No imported/embedded animation clips detected"
"SM_Prop_ShopFridge_02","FBX / ModelImporter","Assets/PolygonApocalypse/Models/SM_Prop_ShopFridge_02.fbx","PolygonApocalypse","No","Yes",0,"","Yes","ImportAnimation=True; AnimationType=Generic; AvatarSetup=CreateFromThisModel; HasAvatar=True","Unknown","No imported/embedded animation clips detected"
"SM_Prop_ShoppingCart_01","FBX / ModelImporter","Assets/PolygonApocalypse/Models/SM_Prop_ShoppingCart_01.fbx","PolygonApocalypse","No","No",0,"","No","ImportAnimation=False; AnimationType=None; AvatarSetup=NoAvatar; HasAvatar=False","Unknown","No imported/embedded animation clips detected"
"SM_Prop_ShoppingCart_Broken_01","FBX / ModelImporter","Assets/PolygonApocalypse/Models/SM_Prop_ShoppingCart_Broken_01.fbx","PolygonApocalypse","No","No",0,"","No","ImportAnimation=False; AnimationType=None; AvatarSetup=NoAvatar; HasAvatar=False","Unknown","No imported/embedded animation clips detected"
"SM_Prop_ShopShelf_02","FBX / ModelImporter","Assets/PolygonApocalypse/Models/SM_Prop_ShopShelf_02.fbx","PolygonApocalypse","No","No",0,"","No","ImportAnimation=False; AnimationType=None; AvatarSetup=NoAvatar; HasAvatar=False","Unknown","No imported/embedded animation clips detected"
"SM_Prop_ShopShelf_Long_01","FBX / ModelImporter","Assets/PolygonApocalypse/Models/SM_Prop_ShopShelf_Long_01.fbx","PolygonApocalypse","No","No",0,"","No","ImportAnimation=False; AnimationType=None; AvatarSetup=NoAvatar; HasAvatar=False","Unknown","No imported/embedded animation clips detected"
"SM_Prop_ShopShelf_Wall_01","FBX / ModelImporter","Assets/PolygonApocalypse/Models/SM_Prop_ShopShelf_Wall_01.fbx","PolygonApocalypse","No","No",0,"","No","ImportAnimation=False; AnimationType=None; AvatarSetup=NoAvatar; HasAvatar=False","Unknown","No imported/embedded animation clips detected"
"SM_Prop_Shower_01","FBX / ModelImporter","Assets/PolygonApocalypse/Models/SM_Prop_Shower_01.fbx","PolygonApocalypse","No","No",0,"","No","ImportAnimation=False; AnimationType=None; AvatarSetup=NoAvatar; HasAvatar=False","Unknown","No imported/embedded animation clips detected"
"SM_Prop_Shower_Junk_01","FBX / ModelImporter","Assets/PolygonApocalypse/Models/SM_Prop_Shower_Junk_01.fbx","PolygonApocalypse","No","No",0,"","No","ImportAnimation=False; AnimationType=None; AvatarSetup=NoAvatar; HasAvatar=False","Unknown","No imported/embedded animation clips detected"
"SM_Prop_SidewalkPoles_01","FBX / ModelImporter","Assets/PolygonApocalypse/Models/SM_Prop_SidewalkPoles_01.fbx","PolygonApocalypse","No","No",0,"","No","ImportAnimation=False; AnimationType=None; AvatarSetup=NoAvatar; HasAvatar=False","Walk","No imported/embedded animation clips detected"
"SM_Prop_Sign_01","FBX / ModelImporter","Assets/PolygonApocalypse/Models/SM_Prop_Sign_01.fbx","PolygonApocalypse","No","No",0,"","No","ImportAnimation=False; AnimationType=None; AvatarSetup=NoAvatar; HasAvatar=False","Unknown","No imported/embedded animation clips detected"
"SM_Prop_Sign_Arcade_01","FBX / ModelImporter","Assets/PolygonApocalypse/Models/SM_Prop_Sign_Arcade_01.fbx","PolygonApocalypse","No","No",0,"","No","ImportAnimation=False; AnimationType=None; AvatarSetup=NoAvatar; HasAvatar=False","Unknown","No imported/embedded animation clips detected"
"SM_Prop_Sign_Caution_01","FBX / ModelImporter","Assets/PolygonApocalypse/Models/SM_Prop_Sign_Caution_01.fbx","PolygonApocalypse","No","No",0,"","No","ImportAnimation=False; AnimationType=None; AvatarSetup=NoAvatar; HasAvatar=False","Unknown","No imported/embedded animation clips detected"
"SM_Prop_Sign_Danger_01","FBX / ModelImporter","Assets/PolygonApocalypse/Models/SM_Prop_Sign_Danger_01.fbx","PolygonApocalypse","No","No",0,"","No","ImportAnimation=False; AnimationType=None; AvatarSetup=NoAvatar; HasAvatar=False","Unknown","No imported/embedded animation clips detected"
"SM_Prop_Sign_Diner_01","FBX / ModelImporter","Assets/PolygonApocalypse/Models/SM_Prop_Sign_Diner_01.fbx","PolygonApocalypse","No","No",0,"","No","ImportAnimation=False; AnimationType=None; AvatarSetup=NoAvatar; HasAvatar=False","Unknown","No imported/embedded animation clips detected"
"SM_Prop_Sign_Emergency_01","FBX / ModelImporter","Assets/PolygonApocalypse/Models/SM_Prop_Sign_Emergency_01.fbx","PolygonApocalypse","No","No",0,"","No","ImportAnimation=False; AnimationType=None; AvatarSetup=NoAvatar; HasAvatar=False","Unknown","No imported/embedded animation clips detected"
"SM_Prop_Sign_Food_01","FBX / ModelImporter","Assets/PolygonApocalypse/Models/SM_Prop_Sign_Food_01.fbx","PolygonApocalypse","No","No",0,"","No","ImportAnimation=False; AnimationType=None; AvatarSetup=NoAvatar; HasAvatar=False","Unknown","No imported/embedded animation clips detected"
"SM_Prop_Sign_Grocery_01","FBX / ModelImporter","Assets/PolygonApocalypse/Models/SM_Prop_Sign_Grocery_01.fbx","PolygonApocalypse","No","No",0,"","No","ImportAnimation=False; AnimationType=None; AvatarSetup=NoAvatar; HasAvatar=False","Unknown","No imported/embedded animation clips detected"
"SM_Prop_Sign_Hospital_01","FBX / ModelImporter","Assets/PolygonApocalypse/Models/SM_Prop_Sign_Hospital_01.fbx","PolygonApocalypse","No","No",0,"","No","ImportAnimation=False; AnimationType=None; AvatarSetup=NoAvatar; HasAvatar=False","Unknown","No imported/embedded animation clips detected"
"SM_Prop_Sign_Hotel_01","FBX / ModelImporter","Assets/PolygonApocalypse/Models/SM_Prop_Sign_Hotel_01.fbx","PolygonApocalypse","No","No",0,"","No","ImportAnimation=False; AnimationType=None; AvatarSetup=NoAvatar; HasAvatar=False","Unknown","No imported/embedded animation clips detected"
"SM_Prop_Sign_Hunting_01","FBX / ModelImporter","Assets/PolygonApocalypse/Models/SM_Prop_Sign_Hunting_01.fbx","PolygonApocalypse","No","No",0,"","No","ImportAnimation=False; AnimationType=None; AvatarSetup=NoAvatar; HasAvatar=False","Unknown","No imported/embedded animation clips detected"
"SM_Prop_Sign_KeepOut_01","FBX / ModelImporter","Assets/PolygonApocalypse/Models/SM_Prop_Sign_KeepOut_01.fbx","PolygonApocalypse","No","No",0,"","No","ImportAnimation=False; AnimationType=None; AvatarSetup=NoAvatar; HasAvatar=False","Unknown","No imported/embedded animation clips detected"
"SM_Prop_Sign_Market_01","FBX / ModelImporter","Assets/PolygonApocalypse/Models/SM_Prop_Sign_Market_01.fbx","PolygonApocalypse","No","No",0,"","No","ImportAnimation=False; AnimationType=None; AvatarSetup=NoAvatar; HasAvatar=False","Unknown","No imported/embedded animation clips detected"
"SM_Prop_Sign_Military_01","FBX / ModelImporter","Assets/PolygonApocalypse/Models/SM_Prop_Sign_Military_01.fbx","PolygonApocalypse","No","No",0,"","No","ImportAnimation=False; AnimationType=None; AvatarSetup=NoAvatar; HasAvatar=False","Unknown","No imported/embedded animation clips detected"
"SM_Prop_Sign_MissingPapers_01","FBX / ModelImporter","Assets/PolygonApocalypse/Models/SM_Prop_Sign_MissingPapers_01.fbx","PolygonApocalypse","No","No",0,"","No","ImportAnimation=False; AnimationType=None; AvatarSetup=NoAvatar; HasAvatar=False","Unknown","No imported/embedded animation clips detected"
"SM_Prop_Sign_MissingPapers_02","FBX / ModelImporter","Assets/PolygonApocalypse/Models/SM_Prop_Sign_MissingPapers_02.fbx","PolygonApocalypse","No","No",0,"","No","ImportAnimation=False; AnimationType=None; AvatarSetup=NoAvatar; HasAvatar=False","Unknown","No imported/embedded animation clips detected"
"SM_Prop_Sign_NotSafe_01","FBX / ModelImporter","Assets/PolygonApocalypse/Models/SM_Prop_Sign_NotSafe_01.fbx","PolygonApocalypse","No","No",0,"","No","ImportAnimation=False; AnimationType=None; AvatarSetup=NoAvatar; HasAvatar=False","Unknown","No imported/embedded animation clips detected"
"SM_Prop_Sign_Pets_01","FBX / ModelImporter","Assets/PolygonApocalypse/Models/SM_Prop_Sign_Pets_01.fbx","PolygonApocalypse","No","No",0,"","No","ImportAnimation=False; AnimationType=None; AvatarSetup=NoAvatar; HasAvatar=False","Unknown","No imported/embedded animation clips detected"
"SM_Prop_Sign_Quarantine_01","FBX / ModelImporter","Assets/PolygonApocalypse/Models/SM_Prop_Sign_Quarantine_01.fbx","PolygonApocalypse","No","No",0,"","No","ImportAnimation=False; AnimationType=None; AvatarSetup=NoAvatar; HasAvatar=False","Unknown","No imported/embedded animation clips detected"
"SM_Prop_Sign_Radioactive_01","FBX / ModelImporter","Assets/PolygonApocalypse/Models/SM_Prop_Sign_Radioactive_01.fbx","PolygonApocalypse","No","No",0,"","No","ImportAnimation=False; AnimationType=None; AvatarSetup=NoAvatar; HasAvatar=False","Unknown","No imported/embedded animation clips detected"
"SM_Prop_Sign_Repairs_01","FBX / ModelImporter","Assets/PolygonApocalypse/Models/SM_Prop_Sign_Repairs_01.fbx","PolygonApocalypse","No","No",0,"","No","ImportAnimation=False; AnimationType=None; AvatarSetup=NoAvatar; HasAvatar=False","Unknown","No imported/embedded animation clips detected"
"SM_Prop_Sign_Safe_01","FBX / ModelImporter","Assets/PolygonApocalypse/Models/SM_Prop_Sign_Safe_01.fbx","PolygonApocalypse","No","No",0,"","No","ImportAnimation=False; AnimationType=None; AvatarSetup=NoAvatar; HasAvatar=False","Unknown","No imported/embedded animation clips detected"
"SM_Prop_Sign_SafeHouse_01","FBX / ModelImporter","Assets/PolygonApocalypse/Models/SM_Prop_Sign_SafeHouse_01.fbx","PolygonApocalypse","No","No",0,"","No","ImportAnimation=False; AnimationType=None; AvatarSetup=NoAvatar; HasAvatar=False","Unknown","No imported/embedded animation clips detected"
"SM_Prop_Sign_Shop_01","FBX / ModelImporter","Assets/PolygonApocalypse/Models/SM_Prop_Sign_Shop_01.fbx","PolygonApocalypse","No","No",0,"","No","ImportAnimation=False; AnimationType=None; AvatarSetup=NoAvatar; HasAvatar=False","Unknown","No imported/embedded animation clips detected"
"SM_Prop_Sign_Stop_01","FBX / ModelImporter","Assets/PolygonApocalypse/Models/SM_Prop_Sign_Stop_01.fbx","PolygonApocalypse","No","No",0,"","No","ImportAnimation=False; AnimationType=None; AvatarSetup=NoAvatar; HasAvatar=False","Unknown","No imported/embedded animation clips detected"
"SM_Prop_Sign_Store_01","FBX / ModelImporter","Assets/PolygonApocalypse/Models/SM_Prop_Sign_Store_01.fbx","PolygonApocalypse","No","No",0,"","No","ImportAnimation=False; AnimationType=None; AvatarSetup=NoAvatar; HasAvatar=False","Unknown","No imported/embedded animation clips detected"
"SM_Prop_Sign_Tomato_01","FBX / ModelImporter","Assets/PolygonApocalypse/Models/SM_Prop_Sign_Tomato_01.fbx","PolygonApocalypse","No","No",0,"","No","ImportAnimation=False; AnimationType=None; AvatarSetup=NoAvatar; HasAvatar=False","Unknown","No imported/embedded animation clips detected"
"SM_Prop_Sign_Wheel_01","FBX / ModelImporter","Assets/PolygonApocalypse/Models/SM_Prop_Sign_Wheel_01.fbx","PolygonApocalypse","No","No",0,"","No","ImportAnimation=False; AnimationType=None; AvatarSetup=NoAvatar; HasAvatar=False","Unknown","No imported/embedded animation clips detected"
"SM_Prop_Sink_01","FBX / ModelImporter","Assets/PolygonApocalypse/Models/SM_Prop_Sink_01.fbx","PolygonApocalypse","No","No",0,"","No","ImportAnimation=False; AnimationType=None; AvatarSetup=NoAvatar; HasAvatar=False","Unknown","No imported/embedded animation clips detected"
"SM_Prop_Skip_Large_01","FBX / ModelImporter","Assets/PolygonApocalypse/Models/SM_Prop_Skip_Large_01.fbx","PolygonApocalypse","No","No",0,"","No","ImportAnimation=False; AnimationType=None; AvatarSetup=NoAvatar; HasAvatar=False","Unknown","No imported/embedded animation clips detected"
"SM_Prop_Skull_01","FBX / ModelImporter","Assets/PolygonApocalypse/Models/SM_Prop_Skull_01.fbx","PolygonApocalypse","No","No",0,"","No","ImportAnimation=False; AnimationType=None; AvatarSetup=NoAvatar; HasAvatar=False","Unknown","No imported/embedded animation clips detected"
"SM_Prop_Skull_02","FBX / ModelImporter","Assets/PolygonApocalypse/Models/SM_Prop_Skull_02.fbx","PolygonApocalypse","No","No",0,"","No","ImportAnimation=False; AnimationType=None; AvatarSetup=NoAvatar; HasAvatar=False","Unknown","No imported/embedded animation clips detected"
"SM_Prop_Skull_Colour_01","FBX / ModelImporter","Assets/PolygonApocalypse/Models/SM_Prop_Skull_Colour_01.fbx","PolygonApocalypse","No","No",0,"","No","ImportAnimation=False; AnimationType=None; AvatarSetup=NoAvatar; HasAvatar=False","Unknown","No imported/embedded animation clips detected"
"SM_Prop_Skull_Colour_02","FBX / ModelImporter","Assets/PolygonApocalypse/Models/SM_Prop_Skull_Colour_02.fbx","PolygonApocalypse","No","No",0,"","No","ImportAnimation=False; AnimationType=None; AvatarSetup=NoAvatar; HasAvatar=False","Unknown","No imported/embedded animation clips detected"
"SM_Prop_Skull_Silver_01","FBX / ModelImporter","Assets/PolygonApocalypse/Models/SM_Prop_Skull_Silver_01.fbx","PolygonApocalypse","No","No",0,"","No","ImportAnimation=False; AnimationType=None; AvatarSetup=NoAvatar; HasAvatar=False","Unknown","No imported/embedded animation clips detected"
"SM_Prop_Skull_Silver_02","FBX / ModelImporter","Assets/PolygonApocalypse/Models/SM_Prop_Skull_Silver_02.fbx","PolygonApocalypse","No","No",0,"","No","ImportAnimation=False; AnimationType=None; AvatarSetup=NoAvatar; HasAvatar=False","Unknown","No imported/embedded animation clips detected"
"SM_Prop_Slatbox_01","FBX / ModelImporter","Assets/PolygonApocalypse/Models/SM_Prop_Slatbox_01.fbx","PolygonApocalypse","No","No",0,"","No","ImportAnimation=False; AnimationType=None; AvatarSetup=NoAvatar; HasAvatar=False","Unknown","No imported/embedded animation clips detected"
"SM_Prop_Sleeping_Bag_01","FBX / ModelImporter","Assets/PolygonApocalypse/Models/SM_Prop_Sleeping_Bag_01.fbx","PolygonApocalypse","No","No",0,"","No","ImportAnimation=False; AnimationType=None; AvatarSetup=NoAvatar; HasAvatar=False","Unknown","No imported/embedded animation clips detected"
"SM_Prop_Sleeping_Bag_Rolled_01","FBX / ModelImporter","Assets/PolygonApocalypse/Models/SM_Prop_Sleeping_Bag_Rolled_01.fbx","PolygonApocalypse","No","No",0,"","No","ImportAnimation=False; AnimationType=None; AvatarSetup=NoAvatar; HasAvatar=False","Unknown","No imported/embedded animation clips detected"
"SM_Prop_Sleeping_Bag_Rolled_02","FBX / ModelImporter","Assets/PolygonApocalypse/Models/SM_Prop_Sleeping_Bag_Rolled_02.fbx","PolygonApocalypse","No","No",0,"","No","ImportAnimation=False; AnimationType=None; AvatarSetup=NoAvatar; HasAvatar=False","Unknown","No imported/embedded animation clips detected"
"SM_Prop_Solar_Panel_01","FBX / ModelImporter","Assets/PolygonApocalypse/Models/SM_Prop_Solar_Panel_01.fbx","PolygonApocalypse","No","No",0,"","No","ImportAnimation=False; AnimationType=None; AvatarSetup=NoAvatar; HasAvatar=False","Unknown","No imported/embedded animation clips detected"
"SM_Prop_Spike_01","FBX / ModelImporter","Assets/PolygonApocalypse/Models/SM_Prop_Spike_01.fbx","PolygonApocalypse","No","No",0,"","No","ImportAnimation=False; AnimationType=None; AvatarSetup=NoAvatar; HasAvatar=False","Unknown","No imported/embedded animation clips detected"
"SM_Prop_Spikes_01","FBX / ModelImporter","Assets/PolygonApocalypse/Models/SM_Prop_Spikes_01.fbx","PolygonApocalypse","No","No",0,"","No","ImportAnimation=False; AnimationType=None; AvatarSetup=NoAvatar; HasAvatar=False","Unknown","No imported/embedded animation clips detected"
"SM_Prop_SpikeWall_01","FBX / ModelImporter","Assets/PolygonApocalypse/Models/SM_Prop_SpikeWall_01.fbx","PolygonApocalypse","No","No",0,"","No","ImportAnimation=False; AnimationType=None; AvatarSetup=NoAvatar; HasAvatar=False","Unknown","No imported/embedded animation clips detected"
"SM_Prop_SpikeWall_02","FBX / ModelImporter","Assets/PolygonApocalypse/Models/SM_Prop_SpikeWall_02.fbx","PolygonApocalypse","No","No",0,"","No","ImportAnimation=False; AnimationType=None; AvatarSetup=NoAvatar; HasAvatar=False","Unknown","No imported/embedded animation clips detected"
"SM_Prop_SpikeWall_03","FBX / ModelImporter","Assets/PolygonApocalypse/Models/SM_Prop_SpikeWall_03.fbx","PolygonApocalypse","No","No",0,"","No","ImportAnimation=False; AnimationType=None; AvatarSetup=NoAvatar; HasAvatar=False","Unknown","No imported/embedded animation clips detected"
"SM_Prop_SpikeWall_04","FBX / ModelImporter","Assets/PolygonApocalypse/Models/SM_Prop_SpikeWall_04.fbx","PolygonApocalypse","No","No",0,"","No","ImportAnimation=False; AnimationType=None; AvatarSetup=NoAvatar; HasAvatar=False","Unknown","No imported/embedded animation clips detected"
"SM_Prop_Spool_01","FBX / ModelImporter","Assets/PolygonApocalypse/Models/SM_Prop_Spool_01.fbx","PolygonApocalypse","No","No",0,"","No","ImportAnimation=False; AnimationType=None; AvatarSetup=NoAvatar; HasAvatar=False","Unknown","No imported/embedded animation clips detected"
"SM_Prop_Statue_01","FBX / ModelImporter","Assets/PolygonApocalypse/Models/SM_Prop_Statue_01.fbx","PolygonApocalypse","No","No",0,"","No","ImportAnimation=False; AnimationType=None; AvatarSetup=NoAvatar; HasAvatar=False","Unknown","No imported/embedded animation clips detected"
"SM_Prop_Stereo_Speaker_Large_01","FBX / ModelImporter","Assets/PolygonApocalypse/Models/SM_Prop_Stereo_Speaker_Large_01.fbx","PolygonApocalypse","No","No",0,"","No","ImportAnimation=False; AnimationType=None; AvatarSetup=NoAvatar; HasAvatar=False","Unknown","No imported/embedded animation clips detected"
"SM_Prop_Stereo_Speaker_Tall_01","FBX / ModelImporter","Assets/PolygonApocalypse/Models/SM_Prop_Stereo_Speaker_Tall_01.fbx","PolygonApocalypse","No","No",0,"","No","ImportAnimation=False; AnimationType=None; AvatarSetup=NoAvatar; HasAvatar=False","Unknown","No imported/embedded animation clips detected"
"SM_Prop_Stereo_Unit_01","FBX / ModelImporter","Assets/PolygonApocalypse/Models/SM_Prop_Stereo_Unit_01.fbx","PolygonApocalypse","No","No",0,"","No","ImportAnimation=False; AnimationType=None; AvatarSetup=NoAvatar; HasAvatar=False","Unknown","No imported/embedded animation clips detected"
"SM_Prop_Study_Chair_01","FBX / ModelImporter","Assets/PolygonApocalypse/Models/SM_Prop_Study_Chair_01.fbx","PolygonApocalypse","No","No",0,"","No","ImportAnimation=False; AnimationType=None; AvatarSetup=NoAvatar; HasAvatar=False","Unknown","No imported/embedded animation clips detected"
"SM_Prop_Study_Desk_01","FBX / ModelImporter","Assets/PolygonApocalypse/Models/SM_Prop_Study_Desk_01.fbx","PolygonApocalypse","No","No",0,"","No","ImportAnimation=False; AnimationType=None; AvatarSetup=NoAvatar; HasAvatar=False","Unknown","No imported/embedded animation clips detected"
"SM_Prop_Study_Lamp_01","FBX / ModelImporter","Assets/PolygonApocalypse/Models/SM_Prop_Study_Lamp_01.fbx","PolygonApocalypse","No","No",0,"","No","ImportAnimation=False; AnimationType=None; AvatarSetup=NoAvatar; HasAvatar=False","Unknown","No imported/embedded animation clips detected"
"SM_Prop_SupplyPile_01","FBX / ModelImporter","Assets/PolygonApocalypse/Models/SM_Prop_SupplyPile_01.fbx","PolygonApocalypse","No","No",0,"","No","ImportAnimation=False; AnimationType=None; AvatarSetup=NoAvatar; HasAvatar=False","Unknown","No imported/embedded animation clips detected"
"SM_Prop_SupplyPile_02","FBX / ModelImporter","Assets/PolygonApocalypse/Models/SM_Prop_SupplyPile_02.fbx","PolygonApocalypse","No","No",0,"","No","ImportAnimation=False; AnimationType=None; AvatarSetup=NoAvatar; HasAvatar=False","Unknown","No imported/embedded animation clips detected"
"SM_Prop_SupplyPile_03","FBX / ModelImporter","Assets/PolygonApocalypse/Models/SM_Prop_SupplyPile_03.fbx","PolygonApocalypse","No","No",0,"","No","ImportAnimation=False; AnimationType=None; AvatarSetup=NoAvatar; HasAvatar=False","Unknown","No imported/embedded animation clips detected"
"SM_Prop_SupplyPile_04","FBX / ModelImporter","Assets/PolygonApocalypse/Models/SM_Prop_SupplyPile_04.fbx","PolygonApocalypse","No","No",0,"","No","ImportAnimation=False; AnimationType=None; AvatarSetup=NoAvatar; HasAvatar=False","Unknown","No imported/embedded animation clips detected"
"SM_Prop_SupplyPile_05","FBX / ModelImporter","Assets/PolygonApocalypse/Models/SM_Prop_SupplyPile_05.fbx","PolygonApocalypse","No","No",0,"","No","ImportAnimation=False; AnimationType=None; AvatarSetup=NoAvatar; HasAvatar=False","Unknown","No imported/embedded animation clips detected"
"SM_Prop_Table_01","FBX / ModelImporter","Assets/PolygonApocalypse/Models/SM_Prop_Table_01.fbx","PolygonApocalypse","No","No",0,"","No","ImportAnimation=False; AnimationType=None; AvatarSetup=NoAvatar; HasAvatar=False","Unknown","No imported/embedded animation clips detected"
"SM_Prop_Table_02","FBX / ModelImporter","Assets/PolygonApocalypse/Models/SM_Prop_Table_02.fbx","PolygonApocalypse","No","No",0,"","No","ImportAnimation=False; AnimationType=None; AvatarSetup=NoAvatar; HasAvatar=False","Unknown","No imported/embedded animation clips detected"
"SM_Prop_TankTrap_01","FBX / ModelImporter","Assets/PolygonApocalypse/Models/SM_Prop_TankTrap_01.fbx","PolygonApocalypse","No","No",0,"","No","ImportAnimation=False; AnimationType=None; AvatarSetup=NoAvatar; HasAvatar=False","Unknown","No imported/embedded animation clips detected"
"SM_Prop_Target_01","FBX / ModelImporter","Assets/PolygonApocalypse/Models/SM_Prop_Target_01.fbx","PolygonApocalypse","No","No",0,"","No","ImportAnimation=False; AnimationType=None; AvatarSetup=NoAvatar; HasAvatar=False","Unknown","No imported/embedded animation clips detected"
"SM_Prop_Target_02","FBX / ModelImporter","Assets/PolygonApocalypse/Models/SM_Prop_Target_02.fbx","PolygonApocalypse","No","No",0,"","No","ImportAnimation=False; AnimationType=None; AvatarSetup=NoAvatar; HasAvatar=False","Unknown","No imported/embedded animation clips detected"
"SM_Prop_Television_Broken_01","FBX / ModelImporter","Assets/PolygonApocalypse/Models/SM_Prop_Television_Broken_01.fbx","PolygonApocalypse","No","No",0,"","No","ImportAnimation=False; AnimationType=None; AvatarSetup=NoAvatar; HasAvatar=False","Unknown","No imported/embedded animation clips detected"
"SM_Prop_Television_Flat_01","FBX / ModelImporter","Assets/PolygonApocalypse/Models/SM_Prop_Television_Flat_01.fbx","PolygonApocalypse","No","No",0,"","No","ImportAnimation=False; AnimationType=None; AvatarSetup=NoAvatar; HasAvatar=False","Unknown","No imported/embedded animation clips detected"
"SM_Prop_Tent_Dome_01","FBX / ModelImporter","Assets/PolygonApocalypse/Models/SM_Prop_Tent_Dome_01.fbx","PolygonApocalypse","No","No",0,"","No","ImportAnimation=False; AnimationType=None; AvatarSetup=NoAvatar; HasAvatar=False","Unknown","No imported/embedded animation clips detected"
"SM_Prop_Tent_Dome_Damaged_01","FBX / ModelImporter","Assets/PolygonApocalypse/Models/SM_Prop_Tent_Dome_Damaged_01.fbx","PolygonApocalypse","No","No",0,"","No","ImportAnimation=False; AnimationType=None; AvatarSetup=NoAvatar; HasAvatar=False","Hit","No imported/embedded animation clips detected"
"SM_Prop_Tent_Long_01","FBX / ModelImporter","Assets/PolygonApocalypse/Models/SM_Prop_Tent_Long_01.fbx","PolygonApocalypse","No","No",0,"","No","ImportAnimation=False; AnimationType=None; AvatarSetup=NoAvatar; HasAvatar=False","Unknown","No imported/embedded animation clips detected"
"SM_Prop_Tent_Long_Damaged_01","FBX / ModelImporter","Assets/PolygonApocalypse/Models/SM_Prop_Tent_Long_Damaged_01.fbx","PolygonApocalypse","No","No",0,"","No","ImportAnimation=False; AnimationType=None; AvatarSetup=NoAvatar; HasAvatar=False","Hit","No imported/embedded animation clips detected"
"SM_Prop_Tire_01","FBX / ModelImporter","Assets/PolygonApocalypse/Models/SM_Prop_Tire_01.fbx","PolygonApocalypse","No","No",0,"","No","ImportAnimation=False; AnimationType=None; AvatarSetup=NoAvatar; HasAvatar=False","Unknown","No imported/embedded animation clips detected"
"SM_Prop_Tire_Pile_01","FBX / ModelImporter","Assets/PolygonApocalypse/Models/SM_Prop_Tire_Pile_01.fbx","PolygonApocalypse","No","No",0,"","No","ImportAnimation=False; AnimationType=None; AvatarSetup=NoAvatar; HasAvatar=False","Unknown","No imported/embedded animation clips detected"
"SM_Prop_Tire_Pile_02","FBX / ModelImporter","Assets/PolygonApocalypse/Models/SM_Prop_Tire_Pile_02.fbx","PolygonApocalypse","No","No",0,"","No","ImportAnimation=False; AnimationType=None; AvatarSetup=NoAvatar; HasAvatar=False","Unknown","No imported/embedded animation clips detected"
"SM_Prop_Tire_Pile_03","FBX / ModelImporter","Assets/PolygonApocalypse/Models/SM_Prop_Tire_Pile_03.fbx","PolygonApocalypse","No","No",0,"","No","ImportAnimation=False; AnimationType=None; AvatarSetup=NoAvatar; HasAvatar=False","Unknown","No imported/embedded animation clips detected"
"SM_Prop_Tire_Pile_04","FBX / ModelImporter","Assets/PolygonApocalypse/Models/SM_Prop_Tire_Pile_04.fbx","PolygonApocalypse","No","No",0,"","No","ImportAnimation=False; AnimationType=None; AvatarSetup=NoAvatar; HasAvatar=False","Unknown","No imported/embedded animation clips detected"
"SM_Prop_TireWall_01","FBX / ModelImporter","Assets/PolygonApocalypse/Models/SM_Prop_TireWall_01.fbx","PolygonApocalypse","No","No",0,"","No","ImportAnimation=False; AnimationType=None; AvatarSetup=NoAvatar; HasAvatar=False","Unknown","No imported/embedded animation clips detected"
"SM_Prop_Toaster_01","FBX / ModelImporter","Assets/PolygonApocalypse/Models/SM_Prop_Toaster_01.fbx","PolygonApocalypse","No","No",0,"","No","ImportAnimation=False; AnimationType=None; AvatarSetup=NoAvatar; HasAvatar=False","Unknown","No imported/embedded animation clips detected"
"SM_Prop_Toilet_01","FBX / ModelImporter","Assets/PolygonApocalypse/Models/SM_Prop_Toilet_01.fbx","PolygonApocalypse","No","No",0,"","No","ImportAnimation=False; AnimationType=None; AvatarSetup=NoAvatar; HasAvatar=False","Unknown","No imported/embedded animation clips detected"
"SM_Prop_Toilet_Broken_01","FBX / ModelImporter","Assets/PolygonApocalypse/Models/SM_Prop_Toilet_Broken_01.fbx","PolygonApocalypse","No","No",0,"","No","ImportAnimation=False; AnimationType=None; AvatarSetup=NoAvatar; HasAvatar=False","Unknown","No imported/embedded animation clips detected"
"SM_Prop_Toilet_Bucket_01","FBX / ModelImporter","Assets/PolygonApocalypse/Models/SM_Prop_Toilet_Bucket_01.fbx","PolygonApocalypse","No","No",0,"","No","ImportAnimation=False; AnimationType=None; AvatarSetup=NoAvatar; HasAvatar=False","Unknown","No imported/embedded animation clips detected"
"SM_Prop_Toilet_Junk_01","FBX / ModelImporter","Assets/PolygonApocalypse/Models/SM_Prop_Toilet_Junk_01.fbx","PolygonApocalypse","No","No",0,"","No","ImportAnimation=False; AnimationType=None; AvatarSetup=NoAvatar; HasAvatar=False","Unknown","No imported/embedded animation clips detected"
"SM_Prop_Toilet_Pneumatic_01","FBX / ModelImporter","Assets/PolygonApocalypse/Models/SM_Prop_Toilet_Pneumatic_01.fbx","PolygonApocalypse","No","No",0,"","No","ImportAnimation=False; AnimationType=None; AvatarSetup=NoAvatar; HasAvatar=False","Unknown","No imported/embedded animation clips detected"
"SM_Prop_Toilet_Portable_01","FBX / ModelImporter","Assets/PolygonApocalypse/Models/SM_Prop_Toilet_Portable_01.fbx","PolygonApocalypse","No","No",0,"","No","ImportAnimation=False; AnimationType=None; AvatarSetup=NoAvatar; HasAvatar=False","Unknown","No imported/embedded animation clips detected"
"SM_Prop_Tool_Bucket_01","FBX / ModelImporter","Assets/PolygonApocalypse/Models/SM_Prop_Tool_Bucket_01.fbx","PolygonApocalypse","No","No",0,"","No","ImportAnimation=False; AnimationType=None; AvatarSetup=NoAvatar; HasAvatar=False","Unknown","No imported/embedded animation clips detected"
"SM_Prop_Tool_Bucket_02","FBX / ModelImporter","Assets/PolygonApocalypse/Models/SM_Prop_Tool_Bucket_02.fbx","PolygonApocalypse","No","No",0,"","No","ImportAnimation=False; AnimationType=None; AvatarSetup=NoAvatar; HasAvatar=False","Unknown","No imported/embedded animation clips detected"
"SM_Prop_Tool_Bucket_03","FBX / ModelImporter","Assets/PolygonApocalypse/Models/SM_Prop_Tool_Bucket_03.fbx","PolygonApocalypse","No","No",0,"","No","ImportAnimation=False; AnimationType=None; AvatarSetup=NoAvatar; HasAvatar=False","Unknown","No imported/embedded animation clips detected"
"SM_Prop_ToolBox_01","FBX / ModelImporter","Assets/PolygonApocalypse/Models/SM_Prop_ToolBox_01.fbx","PolygonApocalypse","No","No",0,"","No","ImportAnimation=False; AnimationType=None; AvatarSetup=NoAvatar; HasAvatar=False","Unknown","No imported/embedded animation clips detected"
"SM_Prop_Toy_Bear_01","FBX / ModelImporter","Assets/PolygonApocalypse/Models/SM_Prop_Toy_Bear_01.fbx","PolygonApocalypse","No","No",0,"","No","ImportAnimation=False; AnimationType=None; AvatarSetup=NoAvatar; HasAvatar=False","Unknown","No imported/embedded animation clips detected"
"SM_Prop_Tractor_Tire_01","FBX / ModelImporter","Assets/PolygonApocalypse/Models/SM_Prop_Tractor_Tire_01.fbx","PolygonApocalypse","No","No",0,"","No","ImportAnimation=False; AnimationType=None; AvatarSetup=NoAvatar; HasAvatar=False","Unknown","No imported/embedded animation clips detected"
"SM_Prop_TrafficLight_01","FBX / ModelImporter","Assets/PolygonApocalypse/Models/SM_Prop_TrafficLight_01.fbx","PolygonApocalypse","No","No",0,"","No","ImportAnimation=False; AnimationType=None; AvatarSetup=NoAvatar; HasAvatar=False","Unknown","No imported/embedded animation clips detected"
"SM_Prop_TrafficLight_02","FBX / ModelImporter","Assets/PolygonApocalypse/Models/SM_Prop_TrafficLight_02.fbx","PolygonApocalypse","No","No",0,"","No","ImportAnimation=False; AnimationType=None; AvatarSetup=NoAvatar; HasAvatar=False","Unknown","No imported/embedded animation clips detected"
"SM_Prop_TrafficLight_03","FBX / ModelImporter","Assets/PolygonApocalypse/Models/SM_Prop_TrafficLight_03.fbx","PolygonApocalypse","No","No",0,"","No","ImportAnimation=False; AnimationType=None; AvatarSetup=NoAvatar; HasAvatar=False","Unknown","No imported/embedded animation clips detected"
"SM_Prop_TrafficLight_04","FBX / ModelImporter","Assets/PolygonApocalypse/Models/SM_Prop_TrafficLight_04.fbx","PolygonApocalypse","No","No",0,"","No","ImportAnimation=False; AnimationType=None; AvatarSetup=NoAvatar; HasAvatar=False","Unknown","No imported/embedded animation clips detected"
"SM_Prop_Trailer_Aerial_01","FBX / ModelImporter","Assets/PolygonApocalypse/Models/SM_Prop_Trailer_Aerial_01.fbx","PolygonApocalypse","No","Yes",0,"","No","ImportAnimation=True; AnimationType=None; AvatarSetup=NoAvatar; HasAvatar=False","Unknown","No imported/embedded animation clips detected"
"SM_Prop_Trailer_Aerial_02","FBX / ModelImporter","Assets/PolygonApocalypse/Models/SM_Prop_Trailer_Aerial_02.fbx","PolygonApocalypse","No","Yes",0,"","No","ImportAnimation=True; AnimationType=None; AvatarSetup=NoAvatar; HasAvatar=False","Unknown","No imported/embedded animation clips detected"
"SM_Prop_Trailer_Aerial_03","FBX / ModelImporter","Assets/PolygonApocalypse/Models/SM_Prop_Trailer_Aerial_03.fbx","PolygonApocalypse","No","Yes",0,"","No","ImportAnimation=True; AnimationType=None; AvatarSetup=NoAvatar; HasAvatar=False","Unknown","No imported/embedded animation clips detected"
"SM_Prop_Trailer_Deck_01","FBX / ModelImporter","Assets/PolygonApocalypse/Models/SM_Prop_Trailer_Deck_01.fbx","PolygonApocalypse","No","Yes",0,"","No","ImportAnimation=True; AnimationType=None; AvatarSetup=NoAvatar; HasAvatar=False","Unknown","No imported/embedded animation clips detected"
"SM_Prop_Trailer_Dish_01","FBX / ModelImporter","Assets/PolygonApocalypse/Models/SM_Prop_Trailer_Dish_01.fbx","PolygonApocalypse","No","Yes",0,"","No","ImportAnimation=True; AnimationType=None; AvatarSetup=NoAvatar; HasAvatar=False","Unknown","No imported/embedded animation clips detected"
"SM_Prop_Trailer_Steps_01","FBX / ModelImporter","Assets/PolygonApocalypse/Models/SM_Prop_Trailer_Steps_01.fbx","PolygonApocalypse","No","Yes",0,"","No","ImportAnimation=True; AnimationType=None; AvatarSetup=NoAvatar; HasAvatar=False","Unknown","No imported/embedded animation clips detected"
"SM_Prop_Transformer_01","FBX / ModelImporter","Assets/PolygonApocalypse/Models/SM_Prop_Transformer_01.fbx","PolygonApocalypse","No","No",0,"","No","ImportAnimation=False; AnimationType=None; AvatarSetup=NoAvatar; HasAvatar=False","Unknown","No imported/embedded animation clips detected"
"SM_Prop_Transformer_02","FBX / ModelImporter","Assets/PolygonApocalypse/Models/SM_Prop_Transformer_02.fbx","PolygonApocalypse","No","No",0,"","No","ImportAnimation=False; AnimationType=None; AvatarSetup=NoAvatar; HasAvatar=False","Unknown","No imported/embedded animation clips detected"
"SM_Prop_TrashBag_01","FBX / ModelImporter","Assets/PolygonApocalypse/Models/SM_Prop_TrashBag_01.fbx","PolygonApocalypse","No","No",0,"","No","ImportAnimation=False; AnimationType=None; AvatarSetup=NoAvatar; HasAvatar=False","Unknown","No imported/embedded animation clips detected"
"SM_Prop_TrashBag_02","FBX / ModelImporter","Assets/PolygonApocalypse/Models/SM_Prop_TrashBag_02.fbx","PolygonApocalypse","No","No",0,"","No","ImportAnimation=False; AnimationType=None; AvatarSetup=NoAvatar; HasAvatar=False","Unknown","No imported/embedded animation clips detected"
"SM_Prop_TrashBag_03","FBX / ModelImporter","Assets/PolygonApocalypse/Models/SM_Prop_TrashBag_03.fbx","PolygonApocalypse","No","No",0,"","No","ImportAnimation=False; AnimationType=None; AvatarSetup=NoAvatar; HasAvatar=False","Unknown","No imported/embedded animation clips detected"
"SM_Prop_TrashBag_04","FBX / ModelImporter","Assets/PolygonApocalypse/Models/SM_Prop_TrashBag_04.fbx","PolygonApocalypse","No","No",0,"","No","ImportAnimation=False; AnimationType=None; AvatarSetup=NoAvatar; HasAvatar=False","Unknown","No imported/embedded animation clips detected"
"SM_Prop_TrashBag_05","FBX / ModelImporter","Assets/PolygonApocalypse/Models/SM_Prop_TrashBag_05.fbx","PolygonApocalypse","No","No",0,"","No","ImportAnimation=False; AnimationType=None; AvatarSetup=NoAvatar; HasAvatar=False","Unknown","No imported/embedded animation clips detected"
"SM_Prop_TrashBag_06","FBX / ModelImporter","Assets/PolygonApocalypse/Models/SM_Prop_TrashBag_06.fbx","PolygonApocalypse","No","No",0,"","No","ImportAnimation=False; AnimationType=None; AvatarSetup=NoAvatar; HasAvatar=False","Unknown","No imported/embedded animation clips detected"
"SM_Prop_TrashBag_07","FBX / ModelImporter","Assets/PolygonApocalypse/Models/SM_Prop_TrashBag_07.fbx","PolygonApocalypse","No","No",0,"","No","ImportAnimation=False; AnimationType=None; AvatarSetup=NoAvatar; HasAvatar=False","Unknown","No imported/embedded animation clips detected"
"SM_Prop_TrashBag_08","FBX / ModelImporter","Assets/PolygonApocalypse/Models/SM_Prop_TrashBag_08.fbx","PolygonApocalypse","No","No",0,"","No","ImportAnimation=False; AnimationType=None; AvatarSetup=NoAvatar; HasAvatar=False","Unknown","No imported/embedded animation clips detected"
"SM_Prop_TrashBag_09","FBX / ModelImporter","Assets/PolygonApocalypse/Models/SM_Prop_TrashBag_09.fbx","PolygonApocalypse","No","No",0,"","No","ImportAnimation=False; AnimationType=None; AvatarSetup=NoAvatar; HasAvatar=False","Unknown","No imported/embedded animation clips detected"
"SM_Prop_TrashCan_01","FBX / ModelImporter","Assets/PolygonApocalypse/Models/SM_Prop_TrashCan_01.fbx","PolygonApocalypse","No","No",0,"","No","ImportAnimation=False; AnimationType=None; AvatarSetup=NoAvatar; HasAvatar=False","Unknown","No imported/embedded animation clips detected"
"SM_Prop_TrashPile_01","FBX / ModelImporter","Assets/PolygonApocalypse/Models/SM_Prop_TrashPile_01.fbx","PolygonApocalypse","No","Yes",0,"","No","ImportAnimation=True; AnimationType=None; AvatarSetup=NoAvatar; HasAvatar=False","Unknown","No imported/embedded animation clips detected"
"SM_Prop_TrashPile_02","FBX / ModelImporter","Assets/PolygonApocalypse/Models/SM_Prop_TrashPile_02.fbx","PolygonApocalypse","No","Yes",0,"","No","ImportAnimation=True; AnimationType=None; AvatarSetup=NoAvatar; HasAvatar=False","Unknown","No imported/embedded animation clips detected"
"SM_Prop_TrashPile_03","FBX / ModelImporter","Assets/PolygonApocalypse/Models/SM_Prop_TrashPile_03.fbx","PolygonApocalypse","No","Yes",0,"","No","ImportAnimation=True; AnimationType=None; AvatarSetup=NoAvatar; HasAvatar=False","Unknown","No imported/embedded animation clips detected"
"SM_Prop_TrashPile_04","FBX / ModelImporter","Assets/PolygonApocalypse/Models/SM_Prop_TrashPile_04.fbx","PolygonApocalypse","No","Yes",0,"","No","ImportAnimation=True; AnimationType=None; AvatarSetup=NoAvatar; HasAvatar=False","Unknown","No imported/embedded animation clips detected"
"SM_Prop_TrashPile_05","FBX / ModelImporter","Assets/PolygonApocalypse/Models/SM_Prop_TrashPile_05.fbx","PolygonApocalypse","No","Yes",0,"","No","ImportAnimation=True; AnimationType=None; AvatarSetup=NoAvatar; HasAvatar=False","Unknown","No imported/embedded animation clips detected"
"SM_Prop_TrashPile_06","FBX / ModelImporter","Assets/PolygonApocalypse/Models/SM_Prop_TrashPile_06.fbx","PolygonApocalypse","No","Yes",0,"","No","ImportAnimation=True; AnimationType=None; AvatarSetup=NoAvatar; HasAvatar=False","Unknown","No imported/embedded animation clips detected"
"SM_Prop_TrashPile_07","FBX / ModelImporter","Assets/PolygonApocalypse/Models/SM_Prop_TrashPile_07.fbx","PolygonApocalypse","No","Yes",0,"","No","ImportAnimation=True; AnimationType=None; AvatarSetup=NoAvatar; HasAvatar=False","Unknown","No imported/embedded animation clips detected"
"SM_Prop_TrashPile_08","FBX / ModelImporter","Assets/PolygonApocalypse/Models/SM_Prop_TrashPile_08.fbx","PolygonApocalypse","No","Yes",0,"","No","ImportAnimation=True; AnimationType=None; AvatarSetup=NoAvatar; HasAvatar=False","Unknown","No imported/embedded animation clips detected"
"SM_Prop_TrashPile_09","FBX / ModelImporter","Assets/PolygonApocalypse/Models/SM_Prop_TrashPile_09.fbx","PolygonApocalypse","No","Yes",0,"","No","ImportAnimation=True; AnimationType=None; AvatarSetup=NoAvatar; HasAvatar=False","Unknown","No imported/embedded animation clips detected"
"SM_Prop_TrashPile_10","FBX / ModelImporter","Assets/PolygonApocalypse/Models/SM_Prop_TrashPile_10.fbx","PolygonApocalypse","No","Yes",0,"","No","ImportAnimation=True; AnimationType=None; AvatarSetup=NoAvatar; HasAvatar=False","Unknown","No imported/embedded animation clips detected"
"SM_Prop_TrashPile_11","FBX / ModelImporter","Assets/PolygonApocalypse/Models/SM_Prop_TrashPile_11.fbx","PolygonApocalypse","No","No",0,"","No","ImportAnimation=False; AnimationType=None; AvatarSetup=NoAvatar; HasAvatar=False","Unknown","No imported/embedded animation clips detected"
"SM_Prop_TrashPile_12","FBX / ModelImporter","Assets/PolygonApocalypse/Models/SM_Prop_TrashPile_12.fbx","PolygonApocalypse","No","No",0,"","No","ImportAnimation=False; AnimationType=None; AvatarSetup=NoAvatar; HasAvatar=False","Unknown","No imported/embedded animation clips detected"
"SM_Prop_TrashPile_Wall_01","FBX / ModelImporter","Assets/PolygonApocalypse/Models/SM_Prop_TrashPile_Wall_01.fbx","PolygonApocalypse","No","No",0,"","No","ImportAnimation=False; AnimationType=None; AvatarSetup=NoAvatar; HasAvatar=False","Unknown","No imported/embedded animation clips detected"
"SM_Prop_TrashPile_Wall_02","FBX / ModelImporter","Assets/PolygonApocalypse/Models/SM_Prop_TrashPile_Wall_02.fbx","PolygonApocalypse","No","No",0,"","No","ImportAnimation=False; AnimationType=None; AvatarSetup=NoAvatar; HasAvatar=False","Unknown","No imported/embedded animation clips detected"
"SM_Prop_TrashSkip_01","FBX / ModelImporter","Assets/PolygonApocalypse/Models/SM_Prop_TrashSkip_01.fbx","PolygonApocalypse","No","No",0,"","No","ImportAnimation=False; AnimationType=None; AvatarSetup=NoAvatar; HasAvatar=False","Unknown","No imported/embedded animation clips detected"
"SM_Prop_Umbrella_01","FBX / ModelImporter","Assets/PolygonApocalypse/Models/SM_Prop_Umbrella_01.fbx","PolygonApocalypse","No","No",0,"","No","ImportAnimation=False; AnimationType=None; AvatarSetup=NoAvatar; HasAvatar=False","Unknown","No imported/embedded animation clips detected"
"SM_Prop_Umbrella_Closed_01","FBX / ModelImporter","Assets/PolygonApocalypse/Models/SM_Prop_Umbrella_Closed_01.fbx","PolygonApocalypse","No","No",0,"","No","ImportAnimation=False; AnimationType=None; AvatarSetup=NoAvatar; HasAvatar=False","Unknown","No imported/embedded animation clips detected"
"SM_Prop_VendingMachine_01","FBX / ModelImporter","Assets/PolygonApocalypse/Models/SM_Prop_VendingMachine_01.fbx","PolygonApocalypse","No","No",0,"","No","ImportAnimation=False; AnimationType=None; AvatarSetup=NoAvatar; HasAvatar=False","Unknown","No imported/embedded animation clips detected"
"SM_Prop_Vents_Corner_01","FBX / ModelImporter","Assets/PolygonApocalypse/Models/SM_Prop_Vents_Corner_01.fbx","PolygonApocalypse","No","No",0,"","No","ImportAnimation=False; AnimationType=None; AvatarSetup=NoAvatar; HasAvatar=False","Unknown","No imported/embedded animation clips detected"
"SM_Prop_Vents_End_01","FBX / ModelImporter","Assets/PolygonApocalypse/Models/SM_Prop_Vents_End_01.fbx","PolygonApocalypse","No","No",0,"","No","ImportAnimation=False; AnimationType=None; AvatarSetup=NoAvatar; HasAvatar=False","Unknown","No imported/embedded animation clips detected"
"SM_Prop_Vents_Exhaust_01","FBX / ModelImporter","Assets/PolygonApocalypse/Models/SM_Prop_Vents_Exhaust_01.fbx","PolygonApocalypse","No","No",0,"","No","ImportAnimation=False; AnimationType=None; AvatarSetup=NoAvatar; HasAvatar=False","Unknown","No imported/embedded animation clips detected"
"SM_Prop_Vents_Straight_01","FBX / ModelImporter","Assets/PolygonApocalypse/Models/SM_Prop_Vents_Straight_01.fbx","PolygonApocalypse","No","No",0,"","No","ImportAnimation=False; AnimationType=None; AvatarSetup=NoAvatar; HasAvatar=False","Unknown","No imported/embedded animation clips detected"
"SM_Prop_Vents_Straight_02","FBX / ModelImporter","Assets/PolygonApocalypse/Models/SM_Prop_Vents_Straight_02.fbx","PolygonApocalypse","No","No",0,"","No","ImportAnimation=False; AnimationType=None; AvatarSetup=NoAvatar; HasAvatar=False","Unknown","No imported/embedded animation clips detected"
"SM_Prop_Vice_01","FBX / ModelImporter","Assets/PolygonApocalypse/Models/SM_Prop_Vice_01.fbx","PolygonApocalypse","No","No",0,"","No","ImportAnimation=False; AnimationType=None; AvatarSetup=NoAvatar; HasAvatar=False","Unknown","No imported/embedded animation clips detected"
"SM_Prop_Wall_Brick_01","FBX / ModelImporter","Assets/PolygonApocalypse/Models/SM_Prop_Wall_Brick_01.fbx","PolygonApocalypse","No","No",0,"","No","ImportAnimation=False; AnimationType=None; AvatarSetup=NoAvatar; HasAvatar=False","Unknown","No imported/embedded animation clips detected"
"SM_Prop_Wall_Brick_Collasped_01","FBX / ModelImporter","Assets/PolygonApocalypse/Models/SM_Prop_Wall_Brick_Collasped_01.fbx","PolygonApocalypse","No","No",0,"","No","ImportAnimation=False; AnimationType=None; AvatarSetup=NoAvatar; HasAvatar=False","Unknown","No imported/embedded animation clips detected"
"SM_Prop_Wall_Brick_Pile_01","FBX / ModelImporter","Assets/PolygonApocalypse/Models/SM_Prop_Wall_Brick_Pile_01.fbx","PolygonApocalypse","No","No",0,"","No","ImportAnimation=False; AnimationType=None; AvatarSetup=NoAvatar; HasAvatar=False","Unknown","No imported/embedded animation clips detected"
"SM_Prop_Wall_Brick_Pillar_01","FBX / ModelImporter","Assets/PolygonApocalypse/Models/SM_Prop_Wall_Brick_Pillar_01.fbx","PolygonApocalypse","No","No",0,"","No","ImportAnimation=False; AnimationType=None; AvatarSetup=NoAvatar; HasAvatar=False","Unknown","No imported/embedded animation clips detected"
"SM_Prop_Wall_Junk_01","FBX / ModelImporter","Assets/PolygonApocalypse/Models/SM_Prop_Wall_Junk_01.fbx","PolygonApocalypse","No","No",0,"","No","ImportAnimation=False; AnimationType=None; AvatarSetup=NoAvatar; HasAvatar=False","Unknown","No imported/embedded animation clips detected"
"SM_Prop_Wall_Junk_02","FBX / ModelImporter","Assets/PolygonApocalypse/Models/SM_Prop_Wall_Junk_02.fbx","PolygonApocalypse","No","No",0,"","No","ImportAnimation=False; AnimationType=None; AvatarSetup=NoAvatar; HasAvatar=False","Unknown","No imported/embedded animation clips detected"
"SM_Prop_Wall_Junk_03","FBX / ModelImporter","Assets/PolygonApocalypse/Models/SM_Prop_Wall_Junk_03.fbx","PolygonApocalypse","No","No",0,"","No","ImportAnimation=False; AnimationType=None; AvatarSetup=NoAvatar; HasAvatar=False","Unknown","No imported/embedded animation clips detected"
"SM_Prop_Wall_Junk_03_Tarp","FBX / ModelImporter","Assets/PolygonApocalypse/Models/SM_Prop_Wall_Junk_03_Tarp.fbx","PolygonApocalypse","No","Yes",0,"","Yes","ImportAnimation=True; AnimationType=Generic; AvatarSetup=CreateFromThisModel; HasAvatar=True","Unknown","No imported/embedded animation clips detected"
"SM_Prop_Wall_Junk_04","FBX / ModelImporter","Assets/PolygonApocalypse/Models/SM_Prop_Wall_Junk_04.fbx","PolygonApocalypse","No","No",0,"","No","ImportAnimation=False; AnimationType=None; AvatarSetup=NoAvatar; HasAvatar=False","Unknown","No imported/embedded animation clips detected"
"SM_Prop_Wall_Junk_05","FBX / ModelImporter","Assets/PolygonApocalypse/Models/SM_Prop_Wall_Junk_05.fbx","PolygonApocalypse","No","No",0,"","No","ImportAnimation=False; AnimationType=None; AvatarSetup=NoAvatar; HasAvatar=False","Unknown","No imported/embedded animation clips detected"
"SM_Prop_Wall_Junk_06","FBX / ModelImporter","Assets/PolygonApocalypse/Models/SM_Prop_Wall_Junk_06.fbx","PolygonApocalypse","No","No",0,"","No","ImportAnimation=False; AnimationType=None; AvatarSetup=NoAvatar; HasAvatar=False","Unknown","No imported/embedded animation clips detected"
"SM_Prop_Wall_Junk_07","FBX / ModelImporter","Assets/PolygonApocalypse/Models/SM_Prop_Wall_Junk_07.fbx","PolygonApocalypse","No","No",0,"","No","ImportAnimation=False; AnimationType=None; AvatarSetup=NoAvatar; HasAvatar=False","Unknown","No imported/embedded animation clips detected"
"SM_Prop_Wall_Junk_08","FBX / ModelImporter","Assets/PolygonApocalypse/Models/SM_Prop_Wall_Junk_08.fbx","PolygonApocalypse","No","No",0,"","No","ImportAnimation=False; AnimationType=None; AvatarSetup=NoAvatar; HasAvatar=False","Unknown","No imported/embedded animation clips detected"
"SM_Prop_Wall_Junk_09","FBX / ModelImporter","Assets/PolygonApocalypse/Models/SM_Prop_Wall_Junk_09.fbx","PolygonApocalypse","No","No",0,"","No","ImportAnimation=False; AnimationType=None; AvatarSetup=NoAvatar; HasAvatar=False","Unknown","No imported/embedded animation clips detected"
"SM_Prop_Wall_Junk_Car_01","FBX / ModelImporter","Assets/PolygonApocalypse/Models/SM_Prop_Wall_Junk_Car_01.fbx","PolygonApocalypse","No","No",0,"","No","ImportAnimation=False; AnimationType=None; AvatarSetup=NoAvatar; HasAvatar=False","Unknown","No imported/embedded animation clips detected"
"SM_Prop_Wall_Junk_Container_01","FBX / ModelImporter","Assets/PolygonApocalypse/Models/SM_Prop_Wall_Junk_Container_01.fbx","PolygonApocalypse","No","No",0,"","No","ImportAnimation=False; AnimationType=None; AvatarSetup=NoAvatar; HasAvatar=False","Unknown","No imported/embedded animation clips detected"
"SM_Prop_Wall_Junk_Container_Entrance_01","FBX / ModelImporter","Assets/PolygonApocalypse/Models/SM_Prop_Wall_Junk_Container_Entrance_01.fbx","PolygonApocalypse","No","No",0,"","No","ImportAnimation=False; AnimationType=None; AvatarSetup=NoAvatar; HasAvatar=False","Unknown","No imported/embedded animation clips detected"
"SM_Prop_Wall_Quarantine_BarbedWire_01","FBX / ModelImporter","Assets/PolygonApocalypse/Models/SM_Prop_Wall_Quarantine_BarbedWire_01.fbx","PolygonApocalypse","No","No",0,"","No","ImportAnimation=False; AnimationType=None; AvatarSetup=NoAvatar; HasAvatar=False","Unknown","No imported/embedded animation clips detected"
"SM_Prop_Wall_Quarantine_BarbedWire_02","FBX / ModelImporter","Assets/PolygonApocalypse/Models/SM_Prop_Wall_Quarantine_BarbedWire_02.fbx","PolygonApocalypse","No","No",0,"","No","ImportAnimation=False; AnimationType=None; AvatarSetup=NoAvatar; HasAvatar=False","Unknown","No imported/embedded animation clips detected"
"SM_Prop_Wall_Quarantine_Base_01","FBX / ModelImporter","Assets/PolygonApocalypse/Models/SM_Prop_Wall_Quarantine_Base_01.fbx","PolygonApocalypse","No","No",0,"","No","ImportAnimation=False; AnimationType=None; AvatarSetup=NoAvatar; HasAvatar=False","Unknown","No imported/embedded animation clips detected"
"SM_Prop_Wall_Quarantine_Base_02","FBX / ModelImporter","Assets/PolygonApocalypse/Models/SM_Prop_Wall_Quarantine_Base_02.fbx","PolygonApocalypse","No","No",0,"","No","ImportAnimation=False; AnimationType=None; AvatarSetup=NoAvatar; HasAvatar=False","Unknown","No imported/embedded animation clips detected"
"SM_Prop_Wall_Quarantine_Bottom_01","FBX / ModelImporter","Assets/PolygonApocalypse/Models/SM_Prop_Wall_Quarantine_Bottom_01.fbx","PolygonApocalypse","No","No",0,"","No","ImportAnimation=False; AnimationType=None; AvatarSetup=NoAvatar; HasAvatar=False","Unknown","No imported/embedded animation clips detected"
"SM_Prop_Wall_Quarantine_Bottom_02","FBX / ModelImporter","Assets/PolygonApocalypse/Models/SM_Prop_Wall_Quarantine_Bottom_02.fbx","PolygonApocalypse","No","No",0,"","No","ImportAnimation=False; AnimationType=None; AvatarSetup=NoAvatar; HasAvatar=False","Unknown","No imported/embedded animation clips detected"
"SM_Prop_Wall_Quarantine_Column_Short_01","FBX / ModelImporter","Assets/PolygonApocalypse/Models/SM_Prop_Wall_Quarantine_Column_Short_01.fbx","PolygonApocalypse","No","No",0,"","No","ImportAnimation=False; AnimationType=None; AvatarSetup=NoAvatar; HasAvatar=False","Unknown","No imported/embedded animation clips detected"
"SM_Prop_Wall_Quarantine_Column_Short_02","FBX / ModelImporter","Assets/PolygonApocalypse/Models/SM_Prop_Wall_Quarantine_Column_Short_02.fbx","PolygonApocalypse","No","No",0,"","No","ImportAnimation=False; AnimationType=None; AvatarSetup=NoAvatar; HasAvatar=False","Unknown","No imported/embedded animation clips detected"
"SM_Prop_Wall_Quarantine_Column_Short_03","FBX / ModelImporter","Assets/PolygonApocalypse/Models/SM_Prop_Wall_Quarantine_Column_Short_03.fbx","PolygonApocalypse","No","No",0,"","No","ImportAnimation=False; AnimationType=None; AvatarSetup=NoAvatar; HasAvatar=False","Unknown","No imported/embedded animation clips detected"
"SM_Prop_Wall_Quarantine_Column_Tall_01","FBX / ModelImporter","Assets/PolygonApocalypse/Models/SM_Prop_Wall_Quarantine_Column_Tall_01.fbx","PolygonApocalypse","No","No",0,"","No","ImportAnimation=False; AnimationType=None; AvatarSetup=NoAvatar; HasAvatar=False","Unknown","No imported/embedded animation clips detected"
"SM_Prop_Wall_Quarantine_Column_Tall_02","FBX / ModelImporter","Assets/PolygonApocalypse/Models/SM_Prop_Wall_Quarantine_Column_Tall_02.fbx","PolygonApocalypse","No","No",0,"","No","ImportAnimation=False; AnimationType=None; AvatarSetup=NoAvatar; HasAvatar=False","Unknown","No imported/embedded animation clips detected"
"SM_Prop_Wall_Quarantine_Destroyed_Base_01","FBX / ModelImporter","Assets/PolygonApocalypse/Models/SM_Prop_Wall_Quarantine_Destroyed_Base_01.fbx","PolygonApocalypse","No","No",0,"","No","ImportAnimation=False; AnimationType=None; AvatarSetup=NoAvatar; HasAvatar=False","Unknown","No imported/embedded animation clips detected"
"SM_Prop_Wall_Quarantine_Destroyed_Bottom_01","FBX / ModelImporter","Assets/PolygonApocalypse/Models/SM_Prop_Wall_Quarantine_Destroyed_Bottom_01.fbx","PolygonApocalypse","No","No",0,"","No","ImportAnimation=False; AnimationType=None; AvatarSetup=NoAvatar; HasAvatar=False","Unknown","No imported/embedded animation clips detected"
"SM_Prop_Wall_Quarantine_Destroyed_Bottom_02","FBX / ModelImporter","Assets/PolygonApocalypse/Models/SM_Prop_Wall_Quarantine_Destroyed_Bottom_02.fbx","PolygonApocalypse","No","No",0,"","No","ImportAnimation=False; AnimationType=None; AvatarSetup=NoAvatar; HasAvatar=False","Unknown","No imported/embedded animation clips detected"
"SM_Prop_Wall_Quarantine_Destroyed_Top_01","FBX / ModelImporter","Assets/PolygonApocalypse/Models/SM_Prop_Wall_Quarantine_Destroyed_Top_01.fbx","PolygonApocalypse","No","No",0,"","No","ImportAnimation=False; AnimationType=None; AvatarSetup=NoAvatar; HasAvatar=False","Unknown","No imported/embedded animation clips detected"
"SM_Prop_Wall_Quarantine_Destroyed_Top_02","FBX / ModelImporter","Assets/PolygonApocalypse/Models/SM_Prop_Wall_Quarantine_Destroyed_Top_02.fbx","PolygonApocalypse","No","No",0,"","No","ImportAnimation=False; AnimationType=None; AvatarSetup=NoAvatar; HasAvatar=False","Unknown","No imported/embedded animation clips detected"
"SM_Prop_Wall_Quarantine_Door_01","FBX / ModelImporter","Assets/PolygonApocalypse/Models/SM_Prop_Wall_Quarantine_Door_01.fbx","PolygonApocalypse","No","No",0,"","No","ImportAnimation=False; AnimationType=None; AvatarSetup=NoAvatar; HasAvatar=False","Unknown","No imported/embedded animation clips detected"
"SM_Prop_Wall_Quarantine_Gate_01","FBX / ModelImporter","Assets/PolygonApocalypse/Models/SM_Prop_Wall_Quarantine_Gate_01.fbx","PolygonApocalypse","No","No",0,"","No","ImportAnimation=False; AnimationType=None; AvatarSetup=NoAvatar; HasAvatar=False","Unknown","No imported/embedded animation clips detected"
"SM_Prop_Wall_Quarantine_Top_01","FBX / ModelImporter","Assets/PolygonApocalypse/Models/SM_Prop_Wall_Quarantine_Top_01.fbx","PolygonApocalypse","No","No",0,"","No","ImportAnimation=False; AnimationType=None; AvatarSetup=NoAvatar; HasAvatar=False","Unknown","No imported/embedded animation clips detected"
"SM_Prop_Wall_Quarantine_Top_02","FBX / ModelImporter","Assets/PolygonApocalypse/Models/SM_Prop_Wall_Quarantine_Top_02.fbx","PolygonApocalypse","No","No",0,"","No","ImportAnimation=False; AnimationType=None; AvatarSetup=NoAvatar; HasAvatar=False","Unknown","No imported/embedded animation clips detected"
"SM_Prop_Wall_Wire_01","FBX / ModelImporter","Assets/PolygonApocalypse/Models/SM_Prop_Wall_Wire_01.fbx","PolygonApocalypse","No","No",0,"","No","ImportAnimation=False; AnimationType=None; AvatarSetup=NoAvatar; HasAvatar=False","Unknown","No imported/embedded animation clips detected"
"SM_Prop_Wall_Wire_Damaged_01","FBX / ModelImporter","Assets/PolygonApocalypse/Models/SM_Prop_Wall_Wire_Damaged_01.fbx","PolygonApocalypse","No","No",0,"","No","ImportAnimation=False; AnimationType=None; AvatarSetup=NoAvatar; HasAvatar=False","Hit","No imported/embedded animation clips detected"
"SM_Prop_Wall_Wire_Damaged_02","FBX / ModelImporter","Assets/PolygonApocalypse/Models/SM_Prop_Wall_Wire_Damaged_02.fbx","PolygonApocalypse","No","No",0,"","No","ImportAnimation=False; AnimationType=None; AvatarSetup=NoAvatar; HasAvatar=False","Hit","No imported/embedded animation clips detected"
"SM_Prop_Wall_Wire_Damaged_03","FBX / ModelImporter","Assets/PolygonApocalypse/Models/SM_Prop_Wall_Wire_Damaged_03.fbx","PolygonApocalypse","No","No",0,"","No","ImportAnimation=False; AnimationType=None; AvatarSetup=NoAvatar; HasAvatar=False","Hit","No imported/embedded animation clips detected"
"SM_Prop_Wall_Wire_Pillar_01","FBX / ModelImporter","Assets/PolygonApocalypse/Models/SM_Prop_Wall_Wire_Pillar_01.fbx","PolygonApocalypse","No","No",0,"","No","ImportAnimation=False; AnimationType=None; AvatarSetup=NoAvatar; HasAvatar=False","Unknown","No imported/embedded animation clips detected"
"SM_Prop_Wall_Wire_Preset_01","FBX / ModelImporter","Assets/PolygonApocalypse/Models/SM_Prop_Wall_Wire_Preset_01.fbx","PolygonApocalypse","No","No",0,"","No","ImportAnimation=False; AnimationType=None; AvatarSetup=NoAvatar; HasAvatar=False","Unknown","No imported/embedded animation clips detected"
"SM_Prop_Wall_Wire_Preset_02","FBX / ModelImporter","Assets/PolygonApocalypse/Models/SM_Prop_Wall_Wire_Preset_02.fbx","PolygonApocalypse","No","No",0,"","No","ImportAnimation=False; AnimationType=None; AvatarSetup=NoAvatar; HasAvatar=False","Unknown","No imported/embedded animation clips detected"
"SM_Prop_WashingLine_01","FBX / ModelImporter","Assets/PolygonApocalypse/Models/SM_Prop_WashingLine_01.fbx","PolygonApocalypse","No","No",0,"","No","ImportAnimation=False; AnimationType=None; AvatarSetup=NoAvatar; HasAvatar=False","Unknown","No imported/embedded animation clips detected"
"SM_Prop_WashingLine_02","FBX / ModelImporter","Assets/PolygonApocalypse/Models/SM_Prop_WashingLine_02.fbx","PolygonApocalypse","No","No",0,"","No","ImportAnimation=False; AnimationType=None; AvatarSetup=NoAvatar; HasAvatar=False","Unknown","No imported/embedded animation clips detected"
"SM_Prop_WashingLine_03","FBX / ModelImporter","Assets/PolygonApocalypse/Models/SM_Prop_WashingLine_03.fbx","PolygonApocalypse","No","No",0,"","No","ImportAnimation=False; AnimationType=None; AvatarSetup=NoAvatar; HasAvatar=False","Unknown","No imported/embedded animation clips detected"
"SM_Prop_WashingMachine_01","FBX / ModelImporter","Assets/PolygonApocalypse/Models/SM_Prop_WashingMachine_01.fbx","PolygonApocalypse","No","No",0,"","No","ImportAnimation=False; AnimationType=None; AvatarSetup=NoAvatar; HasAvatar=False","Unknown","No imported/embedded animation clips detected"
"SM_Prop_WaterCooler_01","FBX / ModelImporter","Assets/PolygonApocalypse/Models/SM_Prop_WaterCooler_01.fbx","PolygonApocalypse","No","No",0,"","No","ImportAnimation=False; AnimationType=None; AvatarSetup=NoAvatar; HasAvatar=False","Unknown","No imported/embedded animation clips detected"
"SM_Prop_Wheelbarrow_01","FBX / ModelImporter","Assets/PolygonApocalypse/Models/SM_Prop_Wheelbarrow_01.fbx","PolygonApocalypse","No","No",0,"","No","ImportAnimation=False; AnimationType=None; AvatarSetup=NoAvatar; HasAvatar=False","Unknown","No imported/embedded animation clips detected"
"SM_Prop_Wheelbarrow_Damaged_01","FBX / ModelImporter","Assets/PolygonApocalypse/Models/SM_Prop_Wheelbarrow_Damaged_01.fbx","PolygonApocalypse","No","No",0,"","No","ImportAnimation=False; AnimationType=None; AvatarSetup=NoAvatar; HasAvatar=False","Hit","No imported/embedded animation clips detected"
"SM_Prop_WheelChair_01","FBX / ModelImporter","Assets/PolygonApocalypse/Models/SM_Prop_WheelChair_01.fbx","PolygonApocalypse","No","No",0,"","No","ImportAnimation=False; AnimationType=None; AvatarSetup=NoAvatar; HasAvatar=False","Unknown","No imported/embedded animation clips detected"
"SM_Prop_Window_Blinds_01","FBX / ModelImporter","Assets/PolygonApocalypse/Models/SM_Prop_Window_Blinds_01.fbx","PolygonApocalypse","No","No",0,"","No","ImportAnimation=False; AnimationType=None; AvatarSetup=NoAvatar; HasAvatar=False","Unknown","No imported/embedded animation clips detected"
"SM_Prop_Window_Curtain_01","FBX / ModelImporter","Assets/PolygonApocalypse/Models/SM_Prop_Window_Curtain_01.fbx","PolygonApocalypse","No","No",0,"","No","ImportAnimation=False; AnimationType=None; AvatarSetup=NoAvatar; HasAvatar=False","Unknown","No imported/embedded animation clips detected"
"SM_Prop_Window_Curtain_02","FBX / ModelImporter","Assets/PolygonApocalypse/Models/SM_Prop_Window_Curtain_02.fbx","PolygonApocalypse","No","No",0,"","No","ImportAnimation=False; AnimationType=None; AvatarSetup=NoAvatar; HasAvatar=False","Unknown","No imported/embedded animation clips detected"
"SM_Prop_Wire_01","FBX / ModelImporter","Assets/PolygonApocalypse/Models/SM_Prop_Wire_01.fbx","PolygonApocalypse","No","No",0,"","No","ImportAnimation=False; AnimationType=None; AvatarSetup=NoAvatar; HasAvatar=False","Unknown","No imported/embedded animation clips detected"
"SM_Prop_Wire_02","FBX / ModelImporter","Assets/PolygonApocalypse/Models/SM_Prop_Wire_02.fbx","PolygonApocalypse","No","No",0,"","No","ImportAnimation=False; AnimationType=None; AvatarSetup=NoAvatar; HasAvatar=False","Unknown","No imported/embedded animation clips detected"
"SM_Prop_Wire_03","FBX / ModelImporter","Assets/PolygonApocalypse/Models/SM_Prop_Wire_03.fbx","PolygonApocalypse","No","No",0,"","No","ImportAnimation=False; AnimationType=None; AvatarSetup=NoAvatar; HasAvatar=False","Unknown","No imported/embedded animation clips detected"
"SM_Prop_Wire_04","FBX / ModelImporter","Assets/PolygonApocalypse/Models/SM_Prop_Wire_04.fbx","PolygonApocalypse","No","No",0,"","No","ImportAnimation=False; AnimationType=None; AvatarSetup=NoAvatar; HasAvatar=False","Unknown","No imported/embedded animation clips detected"
"SM_Prop_Wood_Pole_01","FBX / ModelImporter","Assets/PolygonApocalypse/Models/SM_Prop_Wood_Pole_01.fbx","PolygonApocalypse","No","No",0,"","No","ImportAnimation=False; AnimationType=None; AvatarSetup=NoAvatar; HasAvatar=False","Unknown","No imported/embedded animation clips detected"
"SM_Prop_Wood_Pole_02","FBX / ModelImporter","Assets/PolygonApocalypse/Models/SM_Prop_Wood_Pole_02.fbx","PolygonApocalypse","No","No",0,"","No","ImportAnimation=False; AnimationType=None; AvatarSetup=NoAvatar; HasAvatar=False","Unknown","No imported/embedded animation clips detected"
"SM_Prop_WoodSheet_01","FBX / ModelImporter","Assets/PolygonApocalypse/Models/SM_Prop_WoodSheet_01.fbx","PolygonApocalypse","No","No",0,"","No","ImportAnimation=False; AnimationType=None; AvatarSetup=NoAvatar; HasAvatar=False","Unknown","No imported/embedded animation clips detected"
"SM_Prop_Workbench_01","FBX / ModelImporter","Assets/PolygonApocalypse/Models/SM_Prop_Workbench_01.fbx","PolygonApocalypse","No","No",0,"","No","ImportAnimation=False; AnimationType=None; AvatarSetup=NoAvatar; HasAvatar=False","Unknown","No imported/embedded animation clips detected"
"SM_Prop_WorkShelf_01","FBX / ModelImporter","Assets/PolygonApocalypse/Models/SM_Prop_WorkShelf_01.fbx","PolygonApocalypse","No","No",0,"","No","ImportAnimation=False; AnimationType=None; AvatarSetup=NoAvatar; HasAvatar=False","Unknown","No imported/embedded animation clips detected"
"SM_Veh_Ambulance_01","FBX / ModelImporter","Assets/PolygonApocalypse/Models/SM_Veh_Ambulance_01.fbx","PolygonApocalypse","No","Yes",0,"","No","ImportAnimation=True; AnimationType=None; AvatarSetup=NoAvatar; HasAvatar=False","Unknown","No imported/embedded animation clips detected"
"SM_Veh_Army_Truck_01","FBX / ModelImporter","Assets/PolygonApocalypse/Models/SM_Veh_Army_Truck_01.fbx","PolygonApocalypse","No","Yes",0,"","No","ImportAnimation=True; AnimationType=None; AvatarSetup=NoAvatar; HasAvatar=False","Unknown","No imported/embedded animation clips detected"
"SM_Veh_Attach_Aerial_01","FBX / ModelImporter","Assets/PolygonApocalypse/Models/SM_Veh_Attach_Aerial_01.fbx","PolygonApocalypse","No","No",0,"","No","ImportAnimation=False; AnimationType=None; AvatarSetup=NoAvatar; HasAvatar=False","Unknown","No imported/embedded animation clips detected"
"SM_Veh_Attach_Aerial_02","FBX / ModelImporter","Assets/PolygonApocalypse/Models/SM_Veh_Attach_Aerial_02.fbx","PolygonApocalypse","No","No",0,"","No","ImportAnimation=False; AnimationType=None; AvatarSetup=NoAvatar; HasAvatar=False","Unknown","No imported/embedded animation clips detected"
"SM_Veh_Attach_Bumper_01","FBX / ModelImporter","Assets/PolygonApocalypse/Models/SM_Veh_Attach_Bumper_01.fbx","PolygonApocalypse","No","No",0,"","No","ImportAnimation=False; AnimationType=None; AvatarSetup=NoAvatar; HasAvatar=False","Unknown","No imported/embedded animation clips detected"
"SM_Veh_Attach_Bumper_02","FBX / ModelImporter","Assets/PolygonApocalypse/Models/SM_Veh_Attach_Bumper_02.fbx","PolygonApocalypse","No","No",0,"","No","ImportAnimation=False; AnimationType=None; AvatarSetup=NoAvatar; HasAvatar=False","Unknown","No imported/embedded animation clips detected"
"SM_Veh_Attach_Bumper_03","FBX / ModelImporter","Assets/PolygonApocalypse/Models/SM_Veh_Attach_Bumper_03.fbx","PolygonApocalypse","No","No",0,"","No","ImportAnimation=False; AnimationType=None; AvatarSetup=NoAvatar; HasAvatar=False","Unknown","No imported/embedded animation clips detected"
"SM_Veh_Attach_Bumper_04","FBX / ModelImporter","Assets/PolygonApocalypse/Models/SM_Veh_Attach_Bumper_04.fbx","PolygonApocalypse","No","No",0,"","No","ImportAnimation=False; AnimationType=None; AvatarSetup=NoAvatar; HasAvatar=False","Unknown","No imported/embedded animation clips detected"
"SM_Veh_Attach_Bumper_05","FBX / ModelImporter","Assets/PolygonApocalypse/Models/SM_Veh_Attach_Bumper_05.fbx","PolygonApocalypse","No","No",0,"","No","ImportAnimation=False; AnimationType=None; AvatarSetup=NoAvatar; HasAvatar=False","Unknown","No imported/embedded animation clips detected"
"SM_Veh_Attach_Bumper_06","FBX / ModelImporter","Assets/PolygonApocalypse/Models/SM_Veh_Attach_Bumper_06.fbx","PolygonApocalypse","No","No",0,"","No","ImportAnimation=False; AnimationType=None; AvatarSetup=NoAvatar; HasAvatar=False","Unknown","No imported/embedded animation clips detected"
"SM_Veh_Attach_Bumper_07","FBX / ModelImporter","Assets/PolygonApocalypse/Models/SM_Veh_Attach_Bumper_07.fbx","PolygonApocalypse","No","No",0,"","No","ImportAnimation=False; AnimationType=None; AvatarSetup=NoAvatar; HasAvatar=False","Unknown","No imported/embedded animation clips detected"
"SM_Veh_Attach_Bumper_08","FBX / ModelImporter","Assets/PolygonApocalypse/Models/SM_Veh_Attach_Bumper_08.fbx","PolygonApocalypse","No","No",0,"","No","ImportAnimation=False; AnimationType=None; AvatarSetup=NoAvatar; HasAvatar=False","Unknown","No imported/embedded animation clips detected"
"SM_Veh_Attach_Bumper_09","FBX / ModelImporter","Assets/PolygonApocalypse/Models/SM_Veh_Attach_Bumper_09.fbx","PolygonApocalypse","No","No",0,"","No","ImportAnimation=False; AnimationType=None; AvatarSetup=NoAvatar; HasAvatar=False","Unknown","No imported/embedded animation clips detected"
"SM_Veh_Attach_Bumper_10","FBX / ModelImporter","Assets/PolygonApocalypse/Models/SM_Veh_Attach_Bumper_10.fbx","PolygonApocalypse","No","No",0,"","No","ImportAnimation=False; AnimationType=None; AvatarSetup=NoAvatar; HasAvatar=False","Unknown","No imported/embedded animation clips detected"
"SM_Veh_Attach_Bumper_11","FBX / ModelImporter","Assets/PolygonApocalypse/Models/SM_Veh_Attach_Bumper_11.fbx","PolygonApocalypse","No","No",0,"","No","ImportAnimation=False; AnimationType=None; AvatarSetup=NoAvatar; HasAvatar=False","Unknown","No imported/embedded animation clips detected"
"SM_Veh_Attach_Bumper_12","FBX / ModelImporter","Assets/PolygonApocalypse/Models/SM_Veh_Attach_Bumper_12.fbx","PolygonApocalypse","No","No",0,"","No","ImportAnimation=False; AnimationType=None; AvatarSetup=NoAvatar; HasAvatar=False","Unknown","No imported/embedded animation clips detected"
"SM_Veh_Attach_Bumper_13","FBX / ModelImporter","Assets/PolygonApocalypse/Models/SM_Veh_Attach_Bumper_13.fbx","PolygonApocalypse","No","No",0,"","No","ImportAnimation=False; AnimationType=None; AvatarSetup=NoAvatar; HasAvatar=False","Unknown","No imported/embedded animation clips detected"
"SM_Veh_Attach_Frameing_01","FBX / ModelImporter","Assets/PolygonApocalypse/Models/SM_Veh_Attach_Frameing_01.fbx","PolygonApocalypse","No","No",0,"","No","ImportAnimation=False; AnimationType=None; AvatarSetup=NoAvatar; HasAvatar=False","Unknown","No imported/embedded animation clips detected"
"SM_Veh_Attach_Frameing_02","FBX / ModelImporter","Assets/PolygonApocalypse/Models/SM_Veh_Attach_Frameing_02.fbx","PolygonApocalypse","No","No",0,"","No","ImportAnimation=False; AnimationType=None; AvatarSetup=NoAvatar; HasAvatar=False","Unknown","No imported/embedded animation clips detected"
"SM_Veh_Attach_Frameing_03","FBX / ModelImporter","Assets/PolygonApocalypse/Models/SM_Veh_Attach_Frameing_03.fbx","PolygonApocalypse","No","No",0,"","No","ImportAnimation=False; AnimationType=None; AvatarSetup=NoAvatar; HasAvatar=False","Unknown","No imported/embedded animation clips detected"
"SM_Veh_Attach_Frameing_04","FBX / ModelImporter","Assets/PolygonApocalypse/Models/SM_Veh_Attach_Frameing_04.fbx","PolygonApocalypse","No","No",0,"","No","ImportAnimation=False; AnimationType=None; AvatarSetup=NoAvatar; HasAvatar=False","Unknown","No imported/embedded animation clips detected"
"SM_Veh_Attach_Frameing_05","FBX / ModelImporter","Assets/PolygonApocalypse/Models/SM_Veh_Attach_Frameing_05.fbx","PolygonApocalypse","No","No",0,"","No","ImportAnimation=False; AnimationType=None; AvatarSetup=NoAvatar; HasAvatar=False","Unknown","No imported/embedded animation clips detected"
"SM_Veh_Attach_Frameing_06","FBX / ModelImporter","Assets/PolygonApocalypse/Models/SM_Veh_Attach_Frameing_06.fbx","PolygonApocalypse","No","No",0,"","No","ImportAnimation=False; AnimationType=None; AvatarSetup=NoAvatar; HasAvatar=False","Unknown","No imported/embedded animation clips detected"
"SM_Veh_Attach_Frameing_07","FBX / ModelImporter","Assets/PolygonApocalypse/Models/SM_Veh_Attach_Frameing_07.fbx","PolygonApocalypse","No","No",0,"","No","ImportAnimation=False; AnimationType=None; AvatarSetup=NoAvatar; HasAvatar=False","Unknown","No imported/embedded animation clips detected"
"SM_Veh_Attach_Frameing_08","FBX / ModelImporter","Assets/PolygonApocalypse/Models/SM_Veh_Attach_Frameing_08.fbx","PolygonApocalypse","No","No",0,"","No","ImportAnimation=False; AnimationType=None; AvatarSetup=NoAvatar; HasAvatar=False","Unknown","No imported/embedded animation clips detected"
"SM_Veh_Attach_Frameing_09","FBX / ModelImporter","Assets/PolygonApocalypse/Models/SM_Veh_Attach_Frameing_09.fbx","PolygonApocalypse","No","No",0,"","No","ImportAnimation=False; AnimationType=None; AvatarSetup=NoAvatar; HasAvatar=False","Unknown","No imported/embedded animation clips detected"
"SM_Veh_Attach_Frameing_10","FBX / ModelImporter","Assets/PolygonApocalypse/Models/SM_Veh_Attach_Frameing_10.fbx","PolygonApocalypse","No","No",0,"","No","ImportAnimation=False; AnimationType=None; AvatarSetup=NoAvatar; HasAvatar=False","Unknown","No imported/embedded animation clips detected"
"SM_Veh_Attach_Frameing_11","FBX / ModelImporter","Assets/PolygonApocalypse/Models/SM_Veh_Attach_Frameing_11.fbx","PolygonApocalypse","No","No",0,"","No","ImportAnimation=False; AnimationType=None; AvatarSetup=NoAvatar; HasAvatar=False","Unknown","No imported/embedded animation clips detected"
"SM_Veh_Attach_Frameing_12","FBX / ModelImporter","Assets/PolygonApocalypse/Models/SM_Veh_Attach_Frameing_12.fbx","PolygonApocalypse","No","No",0,"","No","ImportAnimation=False; AnimationType=None; AvatarSetup=NoAvatar; HasAvatar=False","Unknown","No imported/embedded animation clips detected"
"SM_Veh_Attach_Frameing_13","FBX / ModelImporter","Assets/PolygonApocalypse/Models/SM_Veh_Attach_Frameing_13.fbx","PolygonApocalypse","No","No",0,"","No","ImportAnimation=False; AnimationType=None; AvatarSetup=NoAvatar; HasAvatar=False","Unknown","No imported/embedded animation clips detected"
"SM_Veh_Attach_Frameing_14","FBX / ModelImporter","Assets/PolygonApocalypse/Models/SM_Veh_Attach_Frameing_14.fbx","PolygonApocalypse","No","No",0,"","No","ImportAnimation=False; AnimationType=None; AvatarSetup=NoAvatar; HasAvatar=False","Unknown","No imported/embedded animation clips detected"
"SM_Veh_Attach_Frameing_15","FBX / ModelImporter","Assets/PolygonApocalypse/Models/SM_Veh_Attach_Frameing_15.fbx","PolygonApocalypse","No","No",0,"","No","ImportAnimation=False; AnimationType=None; AvatarSetup=NoAvatar; HasAvatar=False","Unknown","No imported/embedded animation clips detected"
"SM_Veh_Attach_Frameing_16","FBX / ModelImporter","Assets/PolygonApocalypse/Models/SM_Veh_Attach_Frameing_16.fbx","PolygonApocalypse","No","No",0,"","No","ImportAnimation=False; AnimationType=None; AvatarSetup=NoAvatar; HasAvatar=False","Unknown","No imported/embedded animation clips detected"
"SM_Veh_Attach_Gas_01","FBX / ModelImporter","Assets/PolygonApocalypse/Models/SM_Veh_Attach_Gas_01.fbx","PolygonApocalypse","No","No",0,"","No","ImportAnimation=False; AnimationType=None; AvatarSetup=NoAvatar; HasAvatar=False","Unknown","No imported/embedded animation clips detected"
"SM_Veh_Attach_Intake_01","FBX / ModelImporter","Assets/PolygonApocalypse/Models/SM_Veh_Attach_Intake_01.fbx","PolygonApocalypse","No","No",0,"","No","ImportAnimation=False; AnimationType=None; AvatarSetup=NoAvatar; HasAvatar=False","Unknown","No imported/embedded animation clips detected"
"SM_Veh_Attach_Intake_02","FBX / ModelImporter","Assets/PolygonApocalypse/Models/SM_Veh_Attach_Intake_02.fbx","PolygonApocalypse","No","No",0,"","No","ImportAnimation=False; AnimationType=None; AvatarSetup=NoAvatar; HasAvatar=False","Unknown","No imported/embedded animation clips detected"
"SM_Veh_Attach_Intake_03","FBX / ModelImporter","Assets/PolygonApocalypse/Models/SM_Veh_Attach_Intake_03.fbx","PolygonApocalypse","No","No",0,"","No","ImportAnimation=False; AnimationType=None; AvatarSetup=NoAvatar; HasAvatar=False","Unknown","No imported/embedded animation clips detected"
"SM_Veh_Attach_Lights_01","FBX / ModelImporter","Assets/PolygonApocalypse/Models/SM_Veh_Attach_Lights_01.fbx","PolygonApocalypse","No","No",0,"","No","ImportAnimation=False; AnimationType=None; AvatarSetup=NoAvatar; HasAvatar=False","Unknown","No imported/embedded animation clips detected"
"SM_Veh_Attach_Lights_02","FBX / ModelImporter","Assets/PolygonApocalypse/Models/SM_Veh_Attach_Lights_02.fbx","PolygonApocalypse","No","No",0,"","No","ImportAnimation=False; AnimationType=None; AvatarSetup=NoAvatar; HasAvatar=False","Unknown","No imported/embedded animation clips detected"
"SM_Veh_Attach_Lights_03","FBX / ModelImporter","Assets/PolygonApocalypse/Models/SM_Veh_Attach_Lights_03.fbx","PolygonApocalypse","No","No",0,"","No","ImportAnimation=False; AnimationType=None; AvatarSetup=NoAvatar; HasAvatar=False","Unknown","No imported/embedded animation clips detected"
"SM_Veh_Attach_Lights_04","FBX / ModelImporter","Assets/PolygonApocalypse/Models/SM_Veh_Attach_Lights_04.fbx","PolygonApocalypse","No","No",0,"","No","ImportAnimation=False; AnimationType=None; AvatarSetup=NoAvatar; HasAvatar=False","Unknown","No imported/embedded animation clips detected"
"SM_Veh_Attach_Lights_05","FBX / ModelImporter","Assets/PolygonApocalypse/Models/SM_Veh_Attach_Lights_05.fbx","PolygonApocalypse","No","No",0,"","No","ImportAnimation=False; AnimationType=None; AvatarSetup=NoAvatar; HasAvatar=False","Unknown","No imported/embedded animation clips detected"
"SM_Veh_Attach_Lights_06","FBX / ModelImporter","Assets/PolygonApocalypse/Models/SM_Veh_Attach_Lights_06.fbx","PolygonApocalypse","No","No",0,"","No","ImportAnimation=False; AnimationType=None; AvatarSetup=NoAvatar; HasAvatar=False","Unknown","No imported/embedded animation clips detected"
"SM_Veh_Attach_Mirror_01","FBX / ModelImporter","Assets/PolygonApocalypse/Models/SM_Veh_Attach_Mirror_01.fbx","PolygonApocalypse","No","No",0,"","No","ImportAnimation=False; AnimationType=None; AvatarSetup=NoAvatar; HasAvatar=False","Unknown","No imported/embedded animation clips detected"
"SM_Veh_Attach_Pipe_01","FBX / ModelImporter","Assets/PolygonApocalypse/Models/SM_Veh_Attach_Pipe_01.fbx","PolygonApocalypse","No","No",0,"","No","ImportAnimation=False; AnimationType=None; AvatarSetup=NoAvatar; HasAvatar=False","Unknown","No imported/embedded animation clips detected"
"SM_Veh_Attach_Pipe_02","FBX / ModelImporter","Assets/PolygonApocalypse/Models/SM_Veh_Attach_Pipe_02.fbx","PolygonApocalypse","No","No",0,"","No","ImportAnimation=False; AnimationType=None; AvatarSetup=NoAvatar; HasAvatar=False","Unknown","No imported/embedded animation clips detected"
"SM_Veh_Attach_Plating_01","FBX / ModelImporter","Assets/PolygonApocalypse/Models/SM_Veh_Attach_Plating_01.fbx","PolygonApocalypse","No","No",0,"","No","ImportAnimation=False; AnimationType=None; AvatarSetup=NoAvatar; HasAvatar=False","Unknown","No imported/embedded animation clips detected"
"SM_Veh_Attach_Plating_02","FBX / ModelImporter","Assets/PolygonApocalypse/Models/SM_Veh_Attach_Plating_02.fbx","PolygonApocalypse","No","No",0,"","No","ImportAnimation=False; AnimationType=None; AvatarSetup=NoAvatar; HasAvatar=False","Unknown","No imported/embedded animation clips detected"
"SM_Veh_Attach_Plating_03","FBX / ModelImporter","Assets/PolygonApocalypse/Models/SM_Veh_Attach_Plating_03.fbx","PolygonApocalypse","No","No",0,"","No","ImportAnimation=False; AnimationType=None; AvatarSetup=NoAvatar; HasAvatar=False","Unknown","No imported/embedded animation clips detected"
"SM_Veh_Attach_Plating_04","FBX / ModelImporter","Assets/PolygonApocalypse/Models/SM_Veh_Attach_Plating_04.fbx","PolygonApocalypse","No","No",0,"","No","ImportAnimation=False; AnimationType=None; AvatarSetup=NoAvatar; HasAvatar=False","Unknown","No imported/embedded animation clips detected"
"SM_Veh_Attach_Plating_05","FBX / ModelImporter","Assets/PolygonApocalypse/Models/SM_Veh_Attach_Plating_05.fbx","PolygonApocalypse","No","No",0,"","No","ImportAnimation=False; AnimationType=None; AvatarSetup=NoAvatar; HasAvatar=False","Unknown","No imported/embedded animation clips detected"
"SM_Veh_Attach_Plating_06","FBX / ModelImporter","Assets/PolygonApocalypse/Models/SM_Veh_Attach_Plating_06.fbx","PolygonApocalypse","No","No",0,"","No","ImportAnimation=False; AnimationType=None; AvatarSetup=NoAvatar; HasAvatar=False","Unknown","No imported/embedded animation clips detected"
"SM_Veh_Attach_Plating_07","FBX / ModelImporter","Assets/PolygonApocalypse/Models/SM_Veh_Attach_Plating_07.fbx","PolygonApocalypse","No","No",0,"","No","ImportAnimation=False; AnimationType=None; AvatarSetup=NoAvatar; HasAvatar=False","Unknown","No imported/embedded animation clips detected"
"SM_Veh_Attach_Plating_08","FBX / ModelImporter","Assets/PolygonApocalypse/Models/SM_Veh_Attach_Plating_08.fbx","PolygonApocalypse","No","No",0,"","No","ImportAnimation=False; AnimationType=None; AvatarSetup=NoAvatar; HasAvatar=False","Unknown","No imported/embedded animation clips detected"
"SM_Veh_Attach_Plating_09","FBX / ModelImporter","Assets/PolygonApocalypse/Models/SM_Veh_Attach_Plating_09.fbx","PolygonApocalypse","No","No",0,"","No","ImportAnimation=False; AnimationType=None; AvatarSetup=NoAvatar; HasAvatar=False","Unknown","No imported/embedded animation clips detected"
"SM_Veh_Attach_Plating_10","FBX / ModelImporter","Assets/PolygonApocalypse/Models/SM_Veh_Attach_Plating_10.fbx","PolygonApocalypse","No","No",0,"","No","ImportAnimation=False; AnimationType=None; AvatarSetup=NoAvatar; HasAvatar=False","Unknown","No imported/embedded animation clips detected"
"SM_Veh_Attach_Plating_11","FBX / ModelImporter","Assets/PolygonApocalypse/Models/SM_Veh_Attach_Plating_11.fbx","PolygonApocalypse","No","No",0,"","No","ImportAnimation=False; AnimationType=None; AvatarSetup=NoAvatar; HasAvatar=False","Unknown","No imported/embedded animation clips detected"
"SM_Veh_Attach_Plating_12","FBX / ModelImporter","Assets/PolygonApocalypse/Models/SM_Veh_Attach_Plating_12.fbx","PolygonApocalypse","No","No",0,"","No","ImportAnimation=False; AnimationType=None; AvatarSetup=NoAvatar; HasAvatar=False","Unknown","No imported/embedded animation clips detected"
"SM_Veh_Attach_Plating_13","FBX / ModelImporter","Assets/PolygonApocalypse/Models/SM_Veh_Attach_Plating_13.fbx","PolygonApocalypse","No","No",0,"","No","ImportAnimation=False; AnimationType=None; AvatarSetup=NoAvatar; HasAvatar=False","Unknown","No imported/embedded animation clips detected"
"SM_Veh_Attach_Plating_14","FBX / ModelImporter","Assets/PolygonApocalypse/Models/SM_Veh_Attach_Plating_14.fbx","PolygonApocalypse","No","No",0,"","No","ImportAnimation=False; AnimationType=None; AvatarSetup=NoAvatar; HasAvatar=False","Unknown","No imported/embedded animation clips detected"
"SM_Veh_Attach_Plating_15","FBX / ModelImporter","Assets/PolygonApocalypse/Models/SM_Veh_Attach_Plating_15.fbx","PolygonApocalypse","No","No",0,"","No","ImportAnimation=False; AnimationType=None; AvatarSetup=NoAvatar; HasAvatar=False","Unknown","No imported/embedded animation clips detected"
"SM_Veh_Attach_Plating_16","FBX / ModelImporter","Assets/PolygonApocalypse/Models/SM_Veh_Attach_Plating_16.fbx","PolygonApocalypse","No","No",0,"","No","ImportAnimation=False; AnimationType=None; AvatarSetup=NoAvatar; HasAvatar=False","Unknown","No imported/embedded animation clips detected"
"SM_Veh_Attach_Plating_17","FBX / ModelImporter","Assets/PolygonApocalypse/Models/SM_Veh_Attach_Plating_17.fbx","PolygonApocalypse","No","No",0,"","No","ImportAnimation=False; AnimationType=None; AvatarSetup=NoAvatar; HasAvatar=False","Unknown","No imported/embedded animation clips detected"
"SM_Veh_Attach_Plating_18","FBX / ModelImporter","Assets/PolygonApocalypse/Models/SM_Veh_Attach_Plating_18.fbx","PolygonApocalypse","No","No",0,"","No","ImportAnimation=False; AnimationType=None; AvatarSetup=NoAvatar; HasAvatar=False","Unknown","No imported/embedded animation clips detected"
"SM_Veh_Attach_Plating_19","FBX / ModelImporter","Assets/PolygonApocalypse/Models/SM_Veh_Attach_Plating_19.fbx","PolygonApocalypse","No","No",0,"","No","ImportAnimation=False; AnimationType=None; AvatarSetup=NoAvatar; HasAvatar=False","Unknown","No imported/embedded animation clips detected"
"SM_Veh_Attach_Plating_20","FBX / ModelImporter","Assets/PolygonApocalypse/Models/SM_Veh_Attach_Plating_20.fbx","PolygonApocalypse","No","No",0,"","No","ImportAnimation=False; AnimationType=None; AvatarSetup=NoAvatar; HasAvatar=False","Unknown","No imported/embedded animation clips detected"
"SM_Veh_Attach_Plating_21","FBX / ModelImporter","Assets/PolygonApocalypse/Models/SM_Veh_Attach_Plating_21.fbx","PolygonApocalypse","No","No",0,"","No","ImportAnimation=False; AnimationType=None; AvatarSetup=NoAvatar; HasAvatar=False","Unknown","No imported/embedded animation clips detected"
"SM_Veh_Attach_Plating_22","FBX / ModelImporter","Assets/PolygonApocalypse/Models/SM_Veh_Attach_Plating_22.fbx","PolygonApocalypse","No","No",0,"","No","ImportAnimation=False; AnimationType=None; AvatarSetup=NoAvatar; HasAvatar=False","Unknown","No imported/embedded animation clips detected"
"SM_Veh_Attach_Plating_23","FBX / ModelImporter","Assets/PolygonApocalypse/Models/SM_Veh_Attach_Plating_23.fbx","PolygonApocalypse","No","No",0,"","No","ImportAnimation=False; AnimationType=None; AvatarSetup=NoAvatar; HasAvatar=False","Unknown","No imported/embedded animation clips detected"
"SM_Veh_Attach_Plating_24","FBX / ModelImporter","Assets/PolygonApocalypse/Models/SM_Veh_Attach_Plating_24.fbx","PolygonApocalypse","No","No",0,"","No","ImportAnimation=False; AnimationType=None; AvatarSetup=NoAvatar; HasAvatar=False","Unknown","No imported/embedded animation clips detected"
"SM_Veh_Attach_Plating_25","FBX / ModelImporter","Assets/PolygonApocalypse/Models/SM_Veh_Attach_Plating_25.fbx","PolygonApocalypse","No","No",0,"","No","ImportAnimation=False; AnimationType=None; AvatarSetup=NoAvatar; HasAvatar=False","Unknown","No imported/embedded animation clips detected"
"SM_Veh_Attach_Plating_26","FBX / ModelImporter","Assets/PolygonApocalypse/Models/SM_Veh_Attach_Plating_26.fbx","PolygonApocalypse","No","No",0,"","No","ImportAnimation=False; AnimationType=None; AvatarSetup=NoAvatar; HasAvatar=False","Unknown","No imported/embedded animation clips detected"
"SM_Veh_Attach_Plating_27","FBX / ModelImporter","Assets/PolygonApocalypse/Models/SM_Veh_Attach_Plating_27.fbx","PolygonApocalypse","No","No",0,"","No","ImportAnimation=False; AnimationType=None; AvatarSetup=NoAvatar; HasAvatar=False","Unknown","No imported/embedded animation clips detected"
"SM_Veh_Attach_Plating_28","FBX / ModelImporter","Assets/PolygonApocalypse/Models/SM_Veh_Attach_Plating_28.fbx","PolygonApocalypse","No","No",0,"","No","ImportAnimation=False; AnimationType=None; AvatarSetup=NoAvatar; HasAvatar=False","Unknown","No imported/embedded animation clips detected"
"SM_Veh_Attach_Plating_29","FBX / ModelImporter","Assets/PolygonApocalypse/Models/SM_Veh_Attach_Plating_29.fbx","PolygonApocalypse","No","Yes",0,"","Yes","ImportAnimation=True; AnimationType=Generic; AvatarSetup=CreateFromThisModel; HasAvatar=True","Unknown","No imported/embedded animation clips detected"
"SM_Veh_Attach_Plating_30","FBX / ModelImporter","Assets/PolygonApocalypse/Models/SM_Veh_Attach_Plating_30.fbx","PolygonApocalypse","No","Yes",0,"","Yes","ImportAnimation=True; AnimationType=Generic; AvatarSetup=CreateFromThisModel; HasAvatar=True","Unknown","No imported/embedded animation clips detected"
"SM_Veh_Attach_Plating_31","FBX / ModelImporter","Assets/PolygonApocalypse/Models/SM_Veh_Attach_Plating_31.fbx","PolygonApocalypse","No","Yes",0,"","Yes","ImportAnimation=True; AnimationType=Generic; AvatarSetup=CreateFromThisModel; HasAvatar=True","Unknown","No imported/embedded animation clips detected"
"SM_Veh_Attach_Plating_32","FBX / ModelImporter","Assets/PolygonApocalypse/Models/SM_Veh_Attach_Plating_32.fbx","PolygonApocalypse","No","Yes",0,"","Yes","ImportAnimation=True; AnimationType=Generic; AvatarSetup=CreateFromThisModel; HasAvatar=True","Unknown","No imported/embedded animation clips detected"
"SM_Veh_Attach_Plating_33","FBX / ModelImporter","Assets/PolygonApocalypse/Models/SM_Veh_Attach_Plating_33.fbx","PolygonApocalypse","No","Yes",0,"","Yes","ImportAnimation=True; AnimationType=Generic; AvatarSetup=CreateFromThisModel; HasAvatar=True","Unknown","No imported/embedded animation clips detected"
"SM_Veh_Attach_Plating_34","FBX / ModelImporter","Assets/PolygonApocalypse/Models/SM_Veh_Attach_Plating_34.fbx","PolygonApocalypse","No","Yes",0,"","Yes","ImportAnimation=True; AnimationType=Generic; AvatarSetup=CreateFromThisModel; HasAvatar=True","Unknown","No imported/embedded animation clips detected"
"SM_Veh_Attach_Plating_35","FBX / ModelImporter","Assets/PolygonApocalypse/Models/SM_Veh_Attach_Plating_35.fbx","PolygonApocalypse","No","Yes",0,"","Yes","ImportAnimation=True; AnimationType=Generic; AvatarSetup=CreateFromThisModel; HasAvatar=True","Unknown","No imported/embedded animation clips detected"
"SM_Veh_Attach_Plating_36","FBX / ModelImporter","Assets/PolygonApocalypse/Models/SM_Veh_Attach_Plating_36.fbx","PolygonApocalypse","No","Yes",0,"","Yes","ImportAnimation=True; AnimationType=Generic; AvatarSetup=CreateFromThisModel; HasAvatar=True","Unknown","No imported/embedded animation clips detected"
"SM_Veh_Attach_Plating_37","FBX / ModelImporter","Assets/PolygonApocalypse/Models/SM_Veh_Attach_Plating_37.fbx","PolygonApocalypse","No","Yes",0,"","Yes","ImportAnimation=True; AnimationType=Generic; AvatarSetup=CreateFromThisModel; HasAvatar=True","Unknown","No imported/embedded animation clips detected"
"SM_Veh_Attach_Plating_38","FBX / ModelImporter","Assets/PolygonApocalypse/Models/SM_Veh_Attach_Plating_38.fbx","PolygonApocalypse","No","Yes",0,"","Yes","ImportAnimation=True; AnimationType=Generic; AvatarSetup=CreateFromThisModel; HasAvatar=True","Unknown","No imported/embedded animation clips detected"
"SM_Veh_Attach_Plating_39","FBX / ModelImporter","Assets/PolygonApocalypse/Models/SM_Veh_Attach_Plating_39.fbx","PolygonApocalypse","No","Yes",0,"","Yes","ImportAnimation=True; AnimationType=Generic; AvatarSetup=CreateFromThisModel; HasAvatar=True","Unknown","No imported/embedded animation clips detected"
"SM_Veh_Attach_Plating_40","FBX / ModelImporter","Assets/PolygonApocalypse/Models/SM_Veh_Attach_Plating_40.fbx","PolygonApocalypse","No","Yes",0,"","Yes","ImportAnimation=True; AnimationType=Generic; AvatarSetup=CreateFromThisModel; HasAvatar=True","Unknown","No imported/embedded animation clips detected"
"SM_Veh_Attach_Plating_41","FBX / ModelImporter","Assets/PolygonApocalypse/Models/SM_Veh_Attach_Plating_41.fbx","PolygonApocalypse","No","Yes",0,"","Yes","ImportAnimation=True; AnimationType=Generic; AvatarSetup=CreateFromThisModel; HasAvatar=True","Unknown","No imported/embedded animation clips detected"
"SM_Veh_Attach_Plating_42","FBX / ModelImporter","Assets/PolygonApocalypse/Models/SM_Veh_Attach_Plating_42.fbx","PolygonApocalypse","No","Yes",0,"","Yes","ImportAnimation=True; AnimationType=Generic; AvatarSetup=CreateFromThisModel; HasAvatar=True","Unknown","No imported/embedded animation clips detected"
"SM_Veh_Attach_Plating_43","FBX / ModelImporter","Assets/PolygonApocalypse/Models/SM_Veh_Attach_Plating_43.fbx","PolygonApocalypse","No","Yes",0,"","Yes","ImportAnimation=True; AnimationType=Generic; AvatarSetup=CreateFromThisModel; HasAvatar=True","Unknown","No imported/embedded animation clips detected"
"SM_Veh_Attach_Plating_44","FBX / ModelImporter","Assets/PolygonApocalypse/Models/SM_Veh_Attach_Plating_44.fbx","PolygonApocalypse","No","Yes",0,"","Yes","ImportAnimation=True; AnimationType=Generic; AvatarSetup=CreateFromThisModel; HasAvatar=True","Unknown","No imported/embedded animation clips detected"
"SM_Veh_Attach_Pully_01","FBX / ModelImporter","Assets/PolygonApocalypse/Models/SM_Veh_Attach_Pully_01.fbx","PolygonApocalypse","No","No",0,"","No","ImportAnimation=False; AnimationType=None; AvatarSetup=NoAvatar; HasAvatar=False","Unknown","No imported/embedded animation clips detected"
"SM_Veh_Attach_Roof_Props_01","FBX / ModelImporter","Assets/PolygonApocalypse/Models/SM_Veh_Attach_Roof_Props_01.fbx","PolygonApocalypse","No","No",0,"","No","ImportAnimation=False; AnimationType=None; AvatarSetup=NoAvatar; HasAvatar=False","Unknown","No imported/embedded animation clips detected"
"SM_Veh_Attach_Roof_Props_02","FBX / ModelImporter","Assets/PolygonApocalypse/Models/SM_Veh_Attach_Roof_Props_02.fbx","PolygonApocalypse","No","No",0,"","No","ImportAnimation=False; AnimationType=None; AvatarSetup=NoAvatar; HasAvatar=False","Unknown","No imported/embedded animation clips detected"
"SM_Veh_Attach_Scoop_01","FBX / ModelImporter","Assets/PolygonApocalypse/Models/SM_Veh_Attach_Scoop_01.fbx","PolygonApocalypse","No","No",0,"","No","ImportAnimation=False; AnimationType=None; AvatarSetup=NoAvatar; HasAvatar=False","Unknown","No imported/embedded animation clips detected"
"SM_Veh_Attach_Scoop_02","FBX / ModelImporter","Assets/PolygonApocalypse/Models/SM_Veh_Attach_Scoop_02.fbx","PolygonApocalypse","No","No",0,"","No","ImportAnimation=False; AnimationType=None; AvatarSetup=NoAvatar; HasAvatar=False","Unknown","No imported/embedded animation clips detected"
"SM_Veh_Attach_Scoop_03","FBX / ModelImporter","Assets/PolygonApocalypse/Models/SM_Veh_Attach_Scoop_03.fbx","PolygonApocalypse","No","No",0,"","No","ImportAnimation=False; AnimationType=None; AvatarSetup=NoAvatar; HasAvatar=False","Unknown","No imported/embedded animation clips detected"
"SM_Veh_Attach_Spikes_01","FBX / ModelImporter","Assets/PolygonApocalypse/Models/SM_Veh_Attach_Spikes_01.fbx","PolygonApocalypse","No","No",0,"","No","ImportAnimation=False; AnimationType=None; AvatarSetup=NoAvatar; HasAvatar=False","Unknown","No imported/embedded animation clips detected"
"SM_Veh_Attach_Spikes_02","FBX / ModelImporter","Assets/PolygonApocalypse/Models/SM_Veh_Attach_Spikes_02.fbx","PolygonApocalypse","No","No",0,"","No","ImportAnimation=False; AnimationType=None; AvatarSetup=NoAvatar; HasAvatar=False","Unknown","No imported/embedded animation clips detected"
"SM_Veh_Attach_Spikes_03","FBX / ModelImporter","Assets/PolygonApocalypse/Models/SM_Veh_Attach_Spikes_03.fbx","PolygonApocalypse","No","No",0,"","No","ImportAnimation=False; AnimationType=None; AvatarSetup=NoAvatar; HasAvatar=False","Unknown","No imported/embedded animation clips detected"
"SM_Veh_Attach_Spoiler_01","FBX / ModelImporter","Assets/PolygonApocalypse/Models/SM_Veh_Attach_Spoiler_01.fbx","PolygonApocalypse","No","No",0,"","No","ImportAnimation=False; AnimationType=None; AvatarSetup=NoAvatar; HasAvatar=False","Unknown","No imported/embedded animation clips detected"
"SM_Veh_Attach_Spoiler_02","FBX / ModelImporter","Assets/PolygonApocalypse/Models/SM_Veh_Attach_Spoiler_02.fbx","PolygonApocalypse","No","No",0,"","No","ImportAnimation=False; AnimationType=None; AvatarSetup=NoAvatar; HasAvatar=False","Unknown","No imported/embedded animation clips detected"
"SM_Veh_Attach_SteeringW_01","FBX / ModelImporter","Assets/PolygonApocalypse/Models/SM_Veh_Attach_SteeringW_01.fbx","PolygonApocalypse","No","No",0,"","No","ImportAnimation=False; AnimationType=None; AvatarSetup=NoAvatar; HasAvatar=False","Unknown","No imported/embedded animation clips detected"
"SM_Veh_Attach_Step_01","FBX / ModelImporter","Assets/PolygonApocalypse/Models/SM_Veh_Attach_Step_01.fbx","PolygonApocalypse","No","No",0,"","No","ImportAnimation=False; AnimationType=None; AvatarSetup=NoAvatar; HasAvatar=False","Unknown","No imported/embedded animation clips detected"
"SM_Veh_Attach_TowHook_01","FBX / ModelImporter","Assets/PolygonApocalypse/Models/SM_Veh_Attach_TowHook_01.fbx","PolygonApocalypse","No","No",0,"","No","ImportAnimation=False; AnimationType=None; AvatarSetup=NoAvatar; HasAvatar=False","Unknown","No imported/embedded animation clips detected"
"SM_Veh_Attach_Wheel_01","FBX / ModelImporter","Assets/PolygonApocalypse/Models/SM_Veh_Attach_Wheel_01.fbx","PolygonApocalypse","No","No",0,"","No","ImportAnimation=False; AnimationType=None; AvatarSetup=NoAvatar; HasAvatar=False","Unknown","No imported/embedded animation clips detected"
"SM_Veh_Attach_WheelSpikes_01","FBX / ModelImporter","Assets/PolygonApocalypse/Models/SM_Veh_Attach_WheelSpikes_01.fbx","PolygonApocalypse","No","No",0,"","No","ImportAnimation=False; AnimationType=None; AvatarSetup=NoAvatar; HasAvatar=False","Unknown","No imported/embedded animation clips detected"
"SM_Veh_BigRig_01","FBX / ModelImporter","Assets/PolygonApocalypse/Models/SM_Veh_BigRig_01.fbx","PolygonApocalypse","No","No",0,"","No","ImportAnimation=False; AnimationType=None; AvatarSetup=NoAvatar; HasAvatar=False","Unknown","No imported/embedded animation clips detected"
"SM_Veh_BigRig_DumpTray_01","FBX / ModelImporter","Assets/PolygonApocalypse/Models/SM_Veh_BigRig_DumpTray_01.fbx","PolygonApocalypse","No","No",0,"","No","ImportAnimation=False; AnimationType=None; AvatarSetup=NoAvatar; HasAvatar=False","Unknown","No imported/embedded animation clips detected"
"SM_Veh_BigRig_Trailer_01","FBX / ModelImporter","Assets/PolygonApocalypse/Models/SM_Veh_BigRig_Trailer_01.fbx","PolygonApocalypse","No","No",0,"","No","ImportAnimation=False; AnimationType=None; AvatarSetup=NoAvatar; HasAvatar=False","Unknown","No imported/embedded animation clips detected"
"SM_Veh_BigRig_Trailer_Logs_01","FBX / ModelImporter","Assets/PolygonApocalypse/Models/SM_Veh_BigRig_Trailer_Logs_01.fbx","PolygonApocalypse","No","No",0,"","No","ImportAnimation=False; AnimationType=None; AvatarSetup=NoAvatar; HasAvatar=False","Unknown","No imported/embedded animation clips detected"
"SM_Veh_BigRig_Trailer_Logs_Frame_01","FBX / ModelImporter","Assets/PolygonApocalypse/Models/SM_Veh_BigRig_Trailer_Logs_Frame_01.fbx","PolygonApocalypse","No","No",0,"","No","ImportAnimation=False; AnimationType=None; AvatarSetup=NoAvatar; HasAvatar=False","Unknown","No imported/embedded animation clips detected"
"SM_Veh_BigRig_Trailer_Tanker_01","FBX / ModelImporter","Assets/PolygonApocalypse/Models/SM_Veh_BigRig_Trailer_Tanker_01.fbx","PolygonApocalypse","No","No",0,"","No","ImportAnimation=False; AnimationType=None; AvatarSetup=NoAvatar; HasAvatar=False","Unknown","No imported/embedded animation clips detected"
"SM_Veh_BigRig_Trailer_Tanker_Damaged_01","FBX / ModelImporter","Assets/PolygonApocalypse/Models/SM_Veh_BigRig_Trailer_Tanker_Damaged_01.fbx","PolygonApocalypse","No","No",0,"","No","ImportAnimation=False; AnimationType=None; AvatarSetup=NoAvatar; HasAvatar=False","Hit","No imported/embedded animation clips detected"
"SM_Veh_Buggy_01","FBX / ModelImporter","Assets/PolygonApocalypse/Models/SM_Veh_Buggy_01.fbx","PolygonApocalypse","No","No",0,"","No","ImportAnimation=False; AnimationType=None; AvatarSetup=NoAvatar; HasAvatar=False","Unknown","No imported/embedded animation clips detected"
"SM_Veh_Camper_01","FBX / ModelImporter","Assets/PolygonApocalypse/Models/SM_Veh_Camper_01.fbx","PolygonApocalypse","No","No",0,"","No","ImportAnimation=False; AnimationType=None; AvatarSetup=NoAvatar; HasAvatar=False","Unknown","No imported/embedded animation clips detected"
"SM_Veh_Car_Medium_01","FBX / ModelImporter","Assets/PolygonApocalypse/Models/SM_Veh_Car_Medium_01.fbx","PolygonApocalypse","No","No",0,"","No","ImportAnimation=False; AnimationType=None; AvatarSetup=NoAvatar; HasAvatar=False","Unknown","No imported/embedded animation clips detected"
"SM_Veh_Caravan_01","FBX / ModelImporter","Assets/PolygonApocalypse/Models/SM_Veh_Caravan_01.fbx","PolygonApocalypse","No","No",0,"","No","ImportAnimation=False; AnimationType=None; AvatarSetup=NoAvatar; HasAvatar=False","Unknown","No imported/embedded animation clips detected"
"SM_Veh_GolfCart_01","FBX / ModelImporter","Assets/PolygonApocalypse/Models/SM_Veh_GolfCart_01.fbx","PolygonApocalypse","No","No",0,"","No","ImportAnimation=False; AnimationType=None; AvatarSetup=NoAvatar; HasAvatar=False","Unknown","No imported/embedded animation clips detected"
"SM_Veh_HotRod_01","FBX / ModelImporter","Assets/PolygonApocalypse/Models/SM_Veh_HotRod_01.fbx","PolygonApocalypse","No","No",0,"","No","ImportAnimation=False; AnimationType=None; AvatarSetup=NoAvatar; HasAvatar=False","Unknown","No imported/embedded animation clips detected"
"SM_Veh_IceCream_01","FBX / ModelImporter","Assets/PolygonApocalypse/Models/SM_Veh_IceCream_01.fbx","PolygonApocalypse","No","No",0,"","No","ImportAnimation=False; AnimationType=None; AvatarSetup=NoAvatar; HasAvatar=False","Unknown","No imported/embedded animation clips detected"
"SM_Veh_Moped_01","FBX / ModelImporter","Assets/PolygonApocalypse/Models/SM_Veh_Moped_01.fbx","PolygonApocalypse","No","No",0,"","No","ImportAnimation=False; AnimationType=None; AvatarSetup=NoAvatar; HasAvatar=False","Unknown","No imported/embedded animation clips detected"
"SM_Veh_Motorbike_01","FBX / ModelImporter","Assets/PolygonApocalypse/Models/SM_Veh_Motorbike_01.fbx","PolygonApocalypse","No","No",0,"","No","ImportAnimation=False; AnimationType=None; AvatarSetup=NoAvatar; HasAvatar=False","Unknown","No imported/embedded animation clips detected"
"SM_Veh_Motorbike_Apoco_01","FBX / ModelImporter","Assets/PolygonApocalypse/Models/SM_Veh_Motorbike_Apoco_01.fbx","PolygonApocalypse","No","No",0,"","No","ImportAnimation=False; AnimationType=None; AvatarSetup=NoAvatar; HasAvatar=False","Unknown","No imported/embedded animation clips detected"
"SM_Veh_Muscle_01","FBX / ModelImporter","Assets/PolygonApocalypse/Models/SM_Veh_Muscle_01.fbx","PolygonApocalypse","No","No",0,"","No","ImportAnimation=False; AnimationType=None; AvatarSetup=NoAvatar; HasAvatar=False","Unknown","No imported/embedded animation clips detected"
"SM_Veh_NewsVan_01","FBX / ModelImporter","Assets/PolygonApocalypse/Models/SM_Veh_NewsVan_01.fbx","PolygonApocalypse","No","No",0,"","No","ImportAnimation=False; AnimationType=None; AvatarSetup=NoAvatar; HasAvatar=False","Unknown","No imported/embedded animation clips detected"
"SM_Veh_Prison_Bus_01","FBX / ModelImporter","Assets/PolygonApocalypse/Models/SM_Veh_Prison_Bus_01.fbx","PolygonApocalypse","No","No",0,"","No","ImportAnimation=False; AnimationType=None; AvatarSetup=NoAvatar; HasAvatar=False","Unknown","No imported/embedded animation clips detected"
"SM_Veh_Ute_01","FBX / ModelImporter","Assets/PolygonApocalypse/Models/SM_Veh_Ute_01.fbx","PolygonApocalypse","No","No",0,"","No","ImportAnimation=False; AnimationType=None; AvatarSetup=NoAvatar; HasAvatar=False","Unknown","No imported/embedded animation clips detected"
"SM_Wep_AAGun_01","FBX / ModelImporter","Assets/PolygonApocalypse/Models/SM_Wep_AAGun_01.fbx","PolygonApocalypse","No","No",0,"","No","ImportAnimation=False; AnimationType=None; AvatarSetup=NoAvatar; HasAvatar=False","Unknown","No imported/embedded animation clips detected"
"SM_Wep_AssaultRifle_01","FBX / ModelImporter","Assets/PolygonApocalypse/Models/SM_Wep_AssaultRifle_01.fbx","PolygonApocalypse","No","No",0,"","No","ImportAnimation=False; AnimationType=None; AvatarSetup=NoAvatar; HasAvatar=False","Unknown","No imported/embedded animation clips detected"
"SM_Wep_AssaultRifle_02","FBX / ModelImporter","Assets/PolygonApocalypse/Models/SM_Wep_AssaultRifle_02.fbx","PolygonApocalypse","No","No",0,"","No","ImportAnimation=False; AnimationType=None; AvatarSetup=NoAvatar; HasAvatar=False","Unknown","No imported/embedded animation clips detected"
"SM_Wep_AssaultRifle_03","FBX / ModelImporter","Assets/PolygonApocalypse/Models/SM_Wep_AssaultRifle_03.fbx","PolygonApocalypse","No","No",0,"","No","ImportAnimation=False; AnimationType=None; AvatarSetup=NoAvatar; HasAvatar=False","Unknown","No imported/embedded animation clips detected"
"SM_Wep_Bat_Metal_01","FBX / ModelImporter","Assets/PolygonApocalypse/Models/SM_Wep_Bat_Metal_01.fbx","PolygonApocalypse","No","No",0,"","No","ImportAnimation=False; AnimationType=None; AvatarSetup=NoAvatar; HasAvatar=False","Unknown","No imported/embedded animation clips detected"
"SM_Wep_Bat_Wood_01","FBX / ModelImporter","Assets/PolygonApocalypse/Models/SM_Wep_Bat_Wood_01.fbx","PolygonApocalypse","No","No",0,"","No","ImportAnimation=False; AnimationType=None; AvatarSetup=NoAvatar; HasAvatar=False","Unknown","No imported/embedded animation clips detected"
"SM_Wep_Bat_Wood_02","FBX / ModelImporter","Assets/PolygonApocalypse/Models/SM_Wep_Bat_Wood_02.fbx","PolygonApocalypse","No","No",0,"","No","ImportAnimation=False; AnimationType=None; AvatarSetup=NoAvatar; HasAvatar=False","Unknown","No imported/embedded animation clips detected"
"SM_Wep_Baton_01","FBX / ModelImporter","Assets/PolygonApocalypse/Models/SM_Wep_Baton_01.fbx","PolygonApocalypse","No","No",0,"","No","ImportAnimation=False; AnimationType=None; AvatarSetup=NoAvatar; HasAvatar=False","Unknown","No imported/embedded animation clips detected"
"SM_Wep_Baton_02","FBX / ModelImporter","Assets/PolygonApocalypse/Models/SM_Wep_Baton_02.fbx","PolygonApocalypse","No","No",0,"","No","ImportAnimation=False; AnimationType=None; AvatarSetup=NoAvatar; HasAvatar=False","Unknown","No imported/embedded animation clips detected"
"SM_Wep_Bomb_GasCan_01","FBX / ModelImporter","Assets/PolygonApocalypse/Models/SM_Wep_Bomb_GasCan_01.fbx","PolygonApocalypse","No","No",0,"","No","ImportAnimation=False; AnimationType=None; AvatarSetup=NoAvatar; HasAvatar=False","Unknown","No imported/embedded animation clips detected"
"SM_Wep_Bomb_Propane_01","FBX / ModelImporter","Assets/PolygonApocalypse/Models/SM_Wep_Bomb_Propane_01.fbx","PolygonApocalypse","No","No",0,"","No","ImportAnimation=False; AnimationType=None; AvatarSetup=NoAvatar; HasAvatar=False","Unknown","No imported/embedded animation clips detected"
"SM_Wep_Butcher_01","FBX / ModelImporter","Assets/PolygonApocalypse/Models/SM_Wep_Butcher_01.fbx","PolygonApocalypse","No","No",0,"","No","ImportAnimation=False; AnimationType=None; AvatarSetup=NoAvatar; HasAvatar=False","Unknown","No imported/embedded animation clips detected"
"SM_Wep_ChainSaw_01","FBX / ModelImporter","Assets/PolygonApocalypse/Models/SM_Wep_ChainSaw_01.fbx","PolygonApocalypse","No","No",0,"","No","ImportAnimation=False; AnimationType=None; AvatarSetup=NoAvatar; HasAvatar=False","Unknown","No imported/embedded animation clips detected"
"SM_Wep_Cross_01","FBX / ModelImporter","Assets/PolygonApocalypse/Models/SM_Wep_Cross_01.fbx","PolygonApocalypse","No","No",0,"","No","ImportAnimation=False; AnimationType=None; AvatarSetup=NoAvatar; HasAvatar=False","Unknown","No imported/embedded animation clips detected"
"SM_Wep_CrossBow_01","FBX / ModelImporter","Assets/PolygonApocalypse/Models/SM_Wep_CrossBow_01.fbx","PolygonApocalypse","No","No",0,"","No","ImportAnimation=False; AnimationType=None; AvatarSetup=NoAvatar; HasAvatar=False","Unknown","No imported/embedded animation clips detected"
"SM_Wep_CrossBow_Clean_01","FBX / ModelImporter","Assets/PolygonApocalypse/Models/SM_Wep_CrossBow_Clean_01.fbx","PolygonApocalypse","No","No",0,"","No","ImportAnimation=False; AnimationType=None; AvatarSetup=NoAvatar; HasAvatar=False","Unknown","No imported/embedded animation clips detected"
"SM_Wep_Crowbar_01","FBX / ModelImporter","Assets/PolygonApocalypse/Models/SM_Wep_Crowbar_01.fbx","PolygonApocalypse","No","No",0,"","No","ImportAnimation=False; AnimationType=None; AvatarSetup=NoAvatar; HasAvatar=False","Unknown","No imported/embedded animation clips detected"
"SM_Wep_Crutch_01","FBX / ModelImporter","Assets/PolygonApocalypse/Models/SM_Wep_Crutch_01.fbx","PolygonApocalypse","No","No",0,"","No","ImportAnimation=False; AnimationType=None; AvatarSetup=NoAvatar; HasAvatar=False","Unknown","No imported/embedded animation clips detected"
"SM_Wep_FireAxe_01","FBX / ModelImporter","Assets/PolygonApocalypse/Models/SM_Wep_FireAxe_01.fbx","PolygonApocalypse","No","No",0,"","No","ImportAnimation=False; AnimationType=None; AvatarSetup=NoAvatar; HasAvatar=False","Unknown","No imported/embedded animation clips detected"
"SM_Wep_FlameThrower_01","FBX / ModelImporter","Assets/PolygonApocalypse/Models/SM_Wep_FlameThrower_01.fbx","PolygonApocalypse","No","No",0,"","No","ImportAnimation=False; AnimationType=None; AvatarSetup=NoAvatar; HasAvatar=False","Unknown","No imported/embedded animation clips detected"
"SM_Wep_FlareGun_01","FBX / ModelImporter","Assets/PolygonApocalypse/Models/SM_Wep_FlareGun_01.fbx","PolygonApocalypse","No","No",0,"","No","ImportAnimation=False; AnimationType=None; AvatarSetup=NoAvatar; HasAvatar=False","Unknown","No imported/embedded animation clips detected"
"SM_Wep_Flashbang_01","FBX / ModelImporter","Assets/PolygonApocalypse/Models/SM_Wep_Flashbang_01.fbx","PolygonApocalypse","No","No",0,"","No","ImportAnimation=False; AnimationType=None; AvatarSetup=NoAvatar; HasAvatar=False","Unknown","No imported/embedded animation clips detected"
"SM_Wep_Grenade_01","FBX / ModelImporter","Assets/PolygonApocalypse/Models/SM_Wep_Grenade_01.fbx","PolygonApocalypse","No","No",0,"","No","ImportAnimation=False; AnimationType=None; AvatarSetup=NoAvatar; HasAvatar=False","Unknown","No imported/embedded animation clips detected"
"SM_Wep_Hammer_01","FBX / ModelImporter","Assets/PolygonApocalypse/Models/SM_Wep_Hammer_01.fbx","PolygonApocalypse","No","No",0,"","No","ImportAnimation=False; AnimationType=None; AvatarSetup=NoAvatar; HasAvatar=False","Unknown","No imported/embedded animation clips detected"
"SM_Wep_HuntingRifle_01","FBX / ModelImporter","Assets/PolygonApocalypse/Models/SM_Wep_HuntingRifle_01.fbx","PolygonApocalypse","No","No",0,"","No","ImportAnimation=False; AnimationType=None; AvatarSetup=NoAvatar; HasAvatar=False","Unknown","No imported/embedded animation clips detected"
"SM_Wep_HuntingRifle_Clean_01","FBX / ModelImporter","Assets/PolygonApocalypse/Models/SM_Wep_HuntingRifle_Clean_01.fbx","PolygonApocalypse","No","No",0,"","No","ImportAnimation=False; AnimationType=None; AvatarSetup=NoAvatar; HasAvatar=False","Unknown","No imported/embedded animation clips detected"
"SM_Wep_Hybrid_01","FBX / ModelImporter","Assets/PolygonApocalypse/Models/SM_Wep_Hybrid_01.fbx","PolygonApocalypse","No","No",0,"","No","ImportAnimation=False; AnimationType=None; AvatarSetup=NoAvatar; HasAvatar=False","Unknown","No imported/embedded animation clips detected"
"SM_Wep_Hybrid_02","FBX / ModelImporter","Assets/PolygonApocalypse/Models/SM_Wep_Hybrid_02.fbx","PolygonApocalypse","No","No",0,"","No","ImportAnimation=False; AnimationType=None; AvatarSetup=NoAvatar; HasAvatar=False","Unknown","No imported/embedded animation clips detected"
"SM_Wep_Hybrid_03","FBX / ModelImporter","Assets/PolygonApocalypse/Models/SM_Wep_Hybrid_03.fbx","PolygonApocalypse","No","No",0,"","No","ImportAnimation=False; AnimationType=None; AvatarSetup=NoAvatar; HasAvatar=False","Unknown","No imported/embedded animation clips detected"
"SM_Wep_Katana_01","FBX / ModelImporter","Assets/PolygonApocalypse/Models/SM_Wep_Katana_01.fbx","PolygonApocalypse","No","No",0,"","No","ImportAnimation=False; AnimationType=None; AvatarSetup=NoAvatar; HasAvatar=False","Unknown","No imported/embedded animation clips detected"
"SM_Wep_MachineGun_01","FBX / ModelImporter","Assets/PolygonApocalypse/Models/SM_Wep_MachineGun_01.fbx","PolygonApocalypse","No","No",0,"","No","ImportAnimation=False; AnimationType=None; AvatarSetup=NoAvatar; HasAvatar=False","Unknown","No imported/embedded animation clips detected"
"SM_Wep_MachineGun_02","FBX / ModelImporter","Assets/PolygonApocalypse/Models/SM_Wep_MachineGun_02.fbx","PolygonApocalypse","No","No",0,"","No","ImportAnimation=False; AnimationType=None; AvatarSetup=NoAvatar; HasAvatar=False","Unknown","No imported/embedded animation clips detected"
"SM_Wep_Melee_GolfClub_01","FBX / ModelImporter","Assets/PolygonApocalypse/Models/SM_Wep_Melee_GolfClub_01.fbx","PolygonApocalypse","No","No",0,"","No","ImportAnimation=False; AnimationType=None; AvatarSetup=NoAvatar; HasAvatar=False","Unknown","No imported/embedded animation clips detected"
"SM_Wep_Melee_HuntingKnife_01","FBX / ModelImporter","Assets/PolygonApocalypse/Models/SM_Wep_Melee_HuntingKnife_01.fbx","PolygonApocalypse","No","No",0,"","No","ImportAnimation=False; AnimationType=None; AvatarSetup=NoAvatar; HasAvatar=False","Unknown","No imported/embedded animation clips detected"
"SM_Wep_Melee_Machete_01","FBX / ModelImporter","Assets/PolygonApocalypse/Models/SM_Wep_Melee_Machete_01.fbx","PolygonApocalypse","No","No",0,"","No","ImportAnimation=False; AnimationType=None; AvatarSetup=NoAvatar; HasAvatar=False","Unknown","No imported/embedded animation clips detected"
"SM_Wep_Melee_Spear_Wood_01","FBX / ModelImporter","Assets/PolygonApocalypse/Models/SM_Wep_Melee_Spear_Wood_01.fbx","PolygonApocalypse","No","No",0,"","No","ImportAnimation=False; AnimationType=None; AvatarSetup=NoAvatar; HasAvatar=False","Unknown","No imported/embedded animation clips detected"
"SM_Wep_Minigun_01","FBX / ModelImporter","Assets/PolygonApocalypse/Models/SM_Wep_Minigun_01.fbx","PolygonApocalypse","No","No",0,"","No","ImportAnimation=False; AnimationType=None; AvatarSetup=NoAvatar; HasAvatar=False","Unknown","No imported/embedded animation clips detected"
"SM_Wep_Minigun_Clean_01","FBX / ModelImporter","Assets/PolygonApocalypse/Models/SM_Wep_Minigun_Clean_01.fbx","PolygonApocalypse","No","No",0,"","No","ImportAnimation=False; AnimationType=None; AvatarSetup=NoAvatar; HasAvatar=False","Unknown","No imported/embedded animation clips detected"
"SM_Wep_Mod_Attach_Ammo_01","FBX / ModelImporter","Assets/PolygonApocalypse/Models/SM_Wep_Mod_Attach_Ammo_01.fbx","PolygonApocalypse","No","No",0,"","No","ImportAnimation=False; AnimationType=None; AvatarSetup=NoAvatar; HasAvatar=False","Unknown","No imported/embedded animation clips detected"
"SM_Wep_Mod_Attach_Ammo_02","FBX / ModelImporter","Assets/PolygonApocalypse/Models/SM_Wep_Mod_Attach_Ammo_02.fbx","PolygonApocalypse","No","No",0,"","No","ImportAnimation=False; AnimationType=None; AvatarSetup=NoAvatar; HasAvatar=False","Unknown","No imported/embedded animation clips detected"
"SM_Wep_Mod_Attach_Bayonet_01","FBX / ModelImporter","Assets/PolygonApocalypse/Models/SM_Wep_Mod_Attach_Bayonet_01.fbx","PolygonApocalypse","No","No",0,"","No","ImportAnimation=False; AnimationType=None; AvatarSetup=NoAvatar; HasAvatar=False","Unknown","No imported/embedded animation clips detected"
"SM_Wep_Mod_Attach_Bayonet_02","FBX / ModelImporter","Assets/PolygonApocalypse/Models/SM_Wep_Mod_Attach_Bayonet_02.fbx","PolygonApocalypse","No","No",0,"","No","ImportAnimation=False; AnimationType=None; AvatarSetup=NoAvatar; HasAvatar=False","Unknown","No imported/embedded animation clips detected"
"SM_Wep_Mod_Attach_Bayonet_03","FBX / ModelImporter","Assets/PolygonApocalypse/Models/SM_Wep_Mod_Attach_Bayonet_03.fbx","PolygonApocalypse","No","No",0,"","No","ImportAnimation=False; AnimationType=None; AvatarSetup=NoAvatar; HasAvatar=False","Unknown","No imported/embedded animation clips detected"
"SM_Wep_Mod_Attach_Bayonet_04","FBX / ModelImporter","Assets/PolygonApocalypse/Models/SM_Wep_Mod_Attach_Bayonet_04.fbx","PolygonApocalypse","No","No",0,"","No","ImportAnimation=False; AnimationType=None; AvatarSetup=NoAvatar; HasAvatar=False","Unknown","No imported/embedded animation clips detected"
"SM_Wep_Mod_Attach_Bayonet_05","FBX / ModelImporter","Assets/PolygonApocalypse/Models/SM_Wep_Mod_Attach_Bayonet_05.fbx","PolygonApocalypse","No","No",0,"","No","ImportAnimation=False; AnimationType=None; AvatarSetup=NoAvatar; HasAvatar=False","Unknown","No imported/embedded animation clips detected"
"SM_Wep_Mod_Attach_Bayonet_06","FBX / ModelImporter","Assets/PolygonApocalypse/Models/SM_Wep_Mod_Attach_Bayonet_06.fbx","PolygonApocalypse","No","No",0,"","No","ImportAnimation=False; AnimationType=None; AvatarSetup=NoAvatar; HasAvatar=False","Unknown","No imported/embedded animation clips detected"
"SM_Wep_Mod_Attach_Handle_01","FBX / ModelImporter","Assets/PolygonApocalypse/Models/SM_Wep_Mod_Attach_Handle_01.fbx","PolygonApocalypse","No","No",0,"","No","ImportAnimation=False; AnimationType=None; AvatarSetup=NoAvatar; HasAvatar=False","Unknown","No imported/embedded animation clips detected"
"SM_Wep_Mod_Attach_Handle_02","FBX / ModelImporter","Assets/PolygonApocalypse/Models/SM_Wep_Mod_Attach_Handle_02.fbx","PolygonApocalypse","No","No",0,"","No","ImportAnimation=False; AnimationType=None; AvatarSetup=NoAvatar; HasAvatar=False","Unknown","No imported/embedded animation clips detected"
"SM_Wep_Mod_Attach_Handle_03","FBX / ModelImporter","Assets/PolygonApocalypse/Models/SM_Wep_Mod_Attach_Handle_03.fbx","PolygonApocalypse","No","No",0,"","No","ImportAnimation=False; AnimationType=None; AvatarSetup=NoAvatar; HasAvatar=False","Unknown","No imported/embedded animation clips detected"
"SM_Wep_Mod_Attach_Handle_04","FBX / ModelImporter","Assets/PolygonApocalypse/Models/SM_Wep_Mod_Attach_Handle_04.fbx","PolygonApocalypse","No","No",0,"","No","ImportAnimation=False; AnimationType=None; AvatarSetup=NoAvatar; HasAvatar=False","Unknown","No imported/embedded animation clips detected"
"SM_Wep_Mod_Attach_Handle_05","FBX / ModelImporter","Assets/PolygonApocalypse/Models/SM_Wep_Mod_Attach_Handle_05.fbx","PolygonApocalypse","No","No",0,"","No","ImportAnimation=False; AnimationType=None; AvatarSetup=NoAvatar; HasAvatar=False","Unknown","No imported/embedded animation clips detected"
"SM_Wep_Mod_Attach_Handle_06","FBX / ModelImporter","Assets/PolygonApocalypse/Models/SM_Wep_Mod_Attach_Handle_06.fbx","PolygonApocalypse","No","No",0,"","No","ImportAnimation=False; AnimationType=None; AvatarSetup=NoAvatar; HasAvatar=False","Unknown","No imported/embedded animation clips detected"
"SM_Wep_Mod_Attach_Handle_07","FBX / ModelImporter","Assets/PolygonApocalypse/Models/SM_Wep_Mod_Attach_Handle_07.fbx","PolygonApocalypse","No","No",0,"","No","ImportAnimation=False; AnimationType=None; AvatarSetup=NoAvatar; HasAvatar=False","Unknown","No imported/embedded animation clips detected"
"SM_Wep_Mod_Attach_Handle_08","FBX / ModelImporter","Assets/PolygonApocalypse/Models/SM_Wep_Mod_Attach_Handle_08.fbx","PolygonApocalypse","No","No",0,"","No","ImportAnimation=False; AnimationType=None; AvatarSetup=NoAvatar; HasAvatar=False","Unknown","No imported/embedded animation clips detected"
"SM_Wep_Mod_Attach_Handle_09","FBX / ModelImporter","Assets/PolygonApocalypse/Models/SM_Wep_Mod_Attach_Handle_09.fbx","PolygonApocalypse","No","No",0,"","No","ImportAnimation=False; AnimationType=None; AvatarSetup=NoAvatar; HasAvatar=False","Unknown","No imported/embedded animation clips detected"
"SM_Wep_Mod_Attach_Handle_10","FBX / ModelImporter","Assets/PolygonApocalypse/Models/SM_Wep_Mod_Attach_Handle_10.fbx","PolygonApocalypse","No","No",0,"","No","ImportAnimation=False; AnimationType=None; AvatarSetup=NoAvatar; HasAvatar=False","Unknown","No imported/embedded animation clips detected"
"SM_Wep_Mod_Attach_IronSight_01","FBX / ModelImporter","Assets/PolygonApocalypse/Models/SM_Wep_Mod_Attach_IronSight_01.fbx","PolygonApocalypse","No","No",0,"","No","ImportAnimation=False; AnimationType=None; AvatarSetup=NoAvatar; HasAvatar=False","Unknown","No imported/embedded animation clips detected"
"SM_Wep_Mod_Attach_IronSight_02","FBX / ModelImporter","Assets/PolygonApocalypse/Models/SM_Wep_Mod_Attach_IronSight_02.fbx","PolygonApocalypse","No","No",0,"","No","ImportAnimation=False; AnimationType=None; AvatarSetup=NoAvatar; HasAvatar=False","Unknown","No imported/embedded animation clips detected"
"SM_Wep_Mod_Attach_IronSight_03","FBX / ModelImporter","Assets/PolygonApocalypse/Models/SM_Wep_Mod_Attach_IronSight_03.fbx","PolygonApocalypse","No","No",0,"","No","ImportAnimation=False; AnimationType=None; AvatarSetup=NoAvatar; HasAvatar=False","Unknown","No imported/embedded animation clips detected"
"SM_Wep_Mod_Attach_IronSight_04","FBX / ModelImporter","Assets/PolygonApocalypse/Models/SM_Wep_Mod_Attach_IronSight_04.fbx","PolygonApocalypse","No","No",0,"","No","ImportAnimation=False; AnimationType=None; AvatarSetup=NoAvatar; HasAvatar=False","Unknown","No imported/embedded animation clips detected"
"SM_Wep_Mod_Attach_IronSight_05","FBX / ModelImporter","Assets/PolygonApocalypse/Models/SM_Wep_Mod_Attach_IronSight_05.fbx","PolygonApocalypse","No","No",0,"","No","ImportAnimation=False; AnimationType=None; AvatarSetup=NoAvatar; HasAvatar=False","Unknown","No imported/embedded animation clips detected"
"SM_Wep_Mod_Attach_IronSight_06","FBX / ModelImporter","Assets/PolygonApocalypse/Models/SM_Wep_Mod_Attach_IronSight_06.fbx","PolygonApocalypse","No","No",0,"","No","ImportAnimation=False; AnimationType=None; AvatarSetup=NoAvatar; HasAvatar=False","Unknown","No imported/embedded animation clips detected"
"SM_Wep_Mod_Attach_IronSight_07","FBX / ModelImporter","Assets/PolygonApocalypse/Models/SM_Wep_Mod_Attach_IronSight_07.fbx","PolygonApocalypse","No","No",0,"","No","ImportAnimation=False; AnimationType=None; AvatarSetup=NoAvatar; HasAvatar=False","Unknown","No imported/embedded animation clips detected"
"SM_Wep_Mod_Attach_IronSight_08","FBX / ModelImporter","Assets/PolygonApocalypse/Models/SM_Wep_Mod_Attach_IronSight_08.fbx","PolygonApocalypse","No","No",0,"","No","ImportAnimation=False; AnimationType=None; AvatarSetup=NoAvatar; HasAvatar=False","Unknown","No imported/embedded animation clips detected"
"SM_Wep_Mod_Attach_IronSight_09","FBX / ModelImporter","Assets/PolygonApocalypse/Models/SM_Wep_Mod_Attach_IronSight_09.fbx","PolygonApocalypse","No","No",0,"","No","ImportAnimation=False; AnimationType=None; AvatarSetup=NoAvatar; HasAvatar=False","Unknown","No imported/embedded animation clips detected"
"SM_Wep_Mod_Attach_IronSight_10","FBX / ModelImporter","Assets/PolygonApocalypse/Models/SM_Wep_Mod_Attach_IronSight_10.fbx","PolygonApocalypse","No","No",0,"","No","ImportAnimation=False; AnimationType=None; AvatarSetup=NoAvatar; HasAvatar=False","Unknown","No imported/embedded animation clips detected"
"SM_Wep_Mod_Attach_Misc_01","FBX / ModelImporter","Assets/PolygonApocalypse/Models/SM_Wep_Mod_Attach_Misc_01.fbx","PolygonApocalypse","No","No",0,"","No","ImportAnimation=False; AnimationType=None; AvatarSetup=NoAvatar; HasAvatar=False","Unknown","No imported/embedded animation clips detected"
"SM_Wep_Mod_Attach_Misc_02","FBX / ModelImporter","Assets/PolygonApocalypse/Models/SM_Wep_Mod_Attach_Misc_02.fbx","PolygonApocalypse","No","No",0,"","No","ImportAnimation=False; AnimationType=None; AvatarSetup=NoAvatar; HasAvatar=False","Unknown","No imported/embedded animation clips detected"
"SM_Wep_Mod_Attach_Misc_03","FBX / ModelImporter","Assets/PolygonApocalypse/Models/SM_Wep_Mod_Attach_Misc_03.fbx","PolygonApocalypse","No","No",0,"","No","ImportAnimation=False; AnimationType=None; AvatarSetup=NoAvatar; HasAvatar=False","Unknown","No imported/embedded animation clips detected"
"SM_Wep_Mod_Attach_Misc_04","FBX / ModelImporter","Assets/PolygonApocalypse/Models/SM_Wep_Mod_Attach_Misc_04.fbx","PolygonApocalypse","No","No",0,"","No","ImportAnimation=False; AnimationType=None; AvatarSetup=NoAvatar; HasAvatar=False","Unknown","No imported/embedded animation clips detected"
"SM_Wep_Mod_Attach_Scope_01","FBX / ModelImporter","Assets/PolygonApocalypse/Models/SM_Wep_Mod_Attach_Scope_01.fbx","PolygonApocalypse","No","No",0,"","No","ImportAnimation=False; AnimationType=None; AvatarSetup=NoAvatar; HasAvatar=False","Unknown","No imported/embedded animation clips detected"
"SM_Wep_Mod_Attach_Scope_02","FBX / ModelImporter","Assets/PolygonApocalypse/Models/SM_Wep_Mod_Attach_Scope_02.fbx","PolygonApocalypse","No","No",0,"","No","ImportAnimation=False; AnimationType=None; AvatarSetup=NoAvatar; HasAvatar=False","Unknown","No imported/embedded animation clips detected"
"SM_Wep_Mod_Attach_Scope_03","FBX / ModelImporter","Assets/PolygonApocalypse/Models/SM_Wep_Mod_Attach_Scope_03.fbx","PolygonApocalypse","No","No",0,"","No","ImportAnimation=False; AnimationType=None; AvatarSetup=NoAvatar; HasAvatar=False","Unknown","No imported/embedded animation clips detected"
"SM_Wep_Mod_Attach_Scope_04","FBX / ModelImporter","Assets/PolygonApocalypse/Models/SM_Wep_Mod_Attach_Scope_04.fbx","PolygonApocalypse","No","No",0,"","No","ImportAnimation=False; AnimationType=None; AvatarSetup=NoAvatar; HasAvatar=False","Unknown","No imported/embedded animation clips detected"
"SM_Wep_Mod_Attach_Scope_05","FBX / ModelImporter","Assets/PolygonApocalypse/Models/SM_Wep_Mod_Attach_Scope_05.fbx","PolygonApocalypse","No","No",0,"","No","ImportAnimation=False; AnimationType=None; AvatarSetup=NoAvatar; HasAvatar=False","Unknown","No imported/embedded animation clips detected"
"SM_Wep_Mod_Attach_Scope_06","FBX / ModelImporter","Assets/PolygonApocalypse/Models/SM_Wep_Mod_Attach_Scope_06.fbx","PolygonApocalypse","No","No",0,"","No","ImportAnimation=False; AnimationType=None; AvatarSetup=NoAvatar; HasAvatar=False","Unknown","No imported/embedded animation clips detected"
"SM_Wep_Mod_Attach_Scope_07","FBX / ModelImporter","Assets/PolygonApocalypse/Models/SM_Wep_Mod_Attach_Scope_07.fbx","PolygonApocalypse","No","No",0,"","No","ImportAnimation=False; AnimationType=None; AvatarSetup=NoAvatar; HasAvatar=False","Unknown","No imported/embedded animation clips detected"
"SM_Wep_Mod_Attach_Scope_08","FBX / ModelImporter","Assets/PolygonApocalypse/Models/SM_Wep_Mod_Attach_Scope_08.fbx","PolygonApocalypse","No","No",0,"","No","ImportAnimation=False; AnimationType=None; AvatarSetup=NoAvatar; HasAvatar=False","Unknown","No imported/embedded animation clips detected"
"SM_Wep_Mod_Attach_Scope_09","FBX / ModelImporter","Assets/PolygonApocalypse/Models/SM_Wep_Mod_Attach_Scope_09.fbx","PolygonApocalypse","No","No",0,"","No","ImportAnimation=False; AnimationType=None; AvatarSetup=NoAvatar; HasAvatar=False","Unknown","No imported/embedded animation clips detected"
"SM_Wep_Mod_Attach_Scope_10","FBX / ModelImporter","Assets/PolygonApocalypse/Models/SM_Wep_Mod_Attach_Scope_10.fbx","PolygonApocalypse","No","No",0,"","No","ImportAnimation=False; AnimationType=None; AvatarSetup=NoAvatar; HasAvatar=False","Unknown","No imported/embedded animation clips detected"
"SM_Wep_Mod_Attach_Silencer_01","FBX / ModelImporter","Assets/PolygonApocalypse/Models/SM_Wep_Mod_Attach_Silencer_01.fbx","PolygonApocalypse","No","No",0,"","No","ImportAnimation=False; AnimationType=None; AvatarSetup=NoAvatar; HasAvatar=False","Unknown","No imported/embedded animation clips detected"
"SM_Wep_Mod_Attach_Silencer_02","FBX / ModelImporter","Assets/PolygonApocalypse/Models/SM_Wep_Mod_Attach_Silencer_02.fbx","PolygonApocalypse","No","No",0,"","No","ImportAnimation=False; AnimationType=None; AvatarSetup=NoAvatar; HasAvatar=False","Unknown","No imported/embedded animation clips detected"
"SM_Wep_Mod_Attach_Silencer_03","FBX / ModelImporter","Assets/PolygonApocalypse/Models/SM_Wep_Mod_Attach_Silencer_03.fbx","PolygonApocalypse","No","No",0,"","No","ImportAnimation=False; AnimationType=None; AvatarSetup=NoAvatar; HasAvatar=False","Unknown","No imported/embedded animation clips detected"
"SM_Wep_Mod_Attach_Silencer_04","FBX / ModelImporter","Assets/PolygonApocalypse/Models/SM_Wep_Mod_Attach_Silencer_04.fbx","PolygonApocalypse","No","No",0,"","No","ImportAnimation=False; AnimationType=None; AvatarSetup=NoAvatar; HasAvatar=False","Unknown","No imported/embedded animation clips detected"
"SM_Wep_Mod_Attach_Trigger_01","FBX / ModelImporter","Assets/PolygonApocalypse/Models/SM_Wep_Mod_Attach_Trigger_01.fbx","PolygonApocalypse","No","No",0,"","No","ImportAnimation=False; AnimationType=None; AvatarSetup=NoAvatar; HasAvatar=False","Unknown","No imported/embedded animation clips detected"
"SM_Wep_Mod_Attach_Trigger_02","FBX / ModelImporter","Assets/PolygonApocalypse/Models/SM_Wep_Mod_Attach_Trigger_02.fbx","PolygonApocalypse","No","No",0,"","No","ImportAnimation=False; AnimationType=None; AvatarSetup=NoAvatar; HasAvatar=False","Unknown","No imported/embedded animation clips detected"
"SM_Wep_Mod_Attach_Trigger_03","FBX / ModelImporter","Assets/PolygonApocalypse/Models/SM_Wep_Mod_Attach_Trigger_03.fbx","PolygonApocalypse","No","No",0,"","No","ImportAnimation=False; AnimationType=None; AvatarSetup=NoAvatar; HasAvatar=False","Unknown","No imported/embedded animation clips detected"
"SM_Wep_Mod_Attach_Trigger_04","FBX / ModelImporter","Assets/PolygonApocalypse/Models/SM_Wep_Mod_Attach_Trigger_04.fbx","PolygonApocalypse","No","No",0,"","No","ImportAnimation=False; AnimationType=None; AvatarSetup=NoAvatar; HasAvatar=False","Unknown","No imported/embedded animation clips detected"
"SM_Wep_Mod_Barrel_01","FBX / ModelImporter","Assets/PolygonApocalypse/Models/SM_Wep_Mod_Barrel_01.fbx","PolygonApocalypse","No","No",0,"","No","ImportAnimation=False; AnimationType=None; AvatarSetup=NoAvatar; HasAvatar=False","Unknown","No imported/embedded animation clips detected"
"SM_Wep_Mod_Barrel_02","FBX / ModelImporter","Assets/PolygonApocalypse/Models/SM_Wep_Mod_Barrel_02.fbx","PolygonApocalypse","No","No",0,"","No","ImportAnimation=False; AnimationType=None; AvatarSetup=NoAvatar; HasAvatar=False","Unknown","No imported/embedded animation clips detected"
"SM_Wep_Mod_Barrel_03","FBX / ModelImporter","Assets/PolygonApocalypse/Models/SM_Wep_Mod_Barrel_03.fbx","PolygonApocalypse","No","No",0,"","No","ImportAnimation=False; AnimationType=None; AvatarSetup=NoAvatar; HasAvatar=False","Unknown","No imported/embedded animation clips detected"
"SM_Wep_Mod_Barrel_04","FBX / ModelImporter","Assets/PolygonApocalypse/Models/SM_Wep_Mod_Barrel_04.fbx","PolygonApocalypse","No","No",0,"","No","ImportAnimation=False; AnimationType=None; AvatarSetup=NoAvatar; HasAvatar=False","Unknown","No imported/embedded animation clips detected"
"SM_Wep_Mod_Barrel_05","FBX / ModelImporter","Assets/PolygonApocalypse/Models/SM_Wep_Mod_Barrel_05.fbx","PolygonApocalypse","No","No",0,"","No","ImportAnimation=False; AnimationType=None; AvatarSetup=NoAvatar; HasAvatar=False","Unknown","No imported/embedded animation clips detected"
"SM_Wep_Mod_Barrel_06","FBX / ModelImporter","Assets/PolygonApocalypse/Models/SM_Wep_Mod_Barrel_06.fbx","PolygonApocalypse","No","No",0,"","No","ImportAnimation=False; AnimationType=None; AvatarSetup=NoAvatar; HasAvatar=False","Unknown","No imported/embedded animation clips detected"
"SM_Wep_Mod_Barrel_07","FBX / ModelImporter","Assets/PolygonApocalypse/Models/SM_Wep_Mod_Barrel_07.fbx","PolygonApocalypse","No","No",0,"","No","ImportAnimation=False; AnimationType=None; AvatarSetup=NoAvatar; HasAvatar=False","Unknown","No imported/embedded animation clips detected"
"SM_Wep_Mod_Barrel_08","FBX / ModelImporter","Assets/PolygonApocalypse/Models/SM_Wep_Mod_Barrel_08.fbx","PolygonApocalypse","No","No",0,"","No","ImportAnimation=False; AnimationType=None; AvatarSetup=NoAvatar; HasAvatar=False","Unknown","No imported/embedded animation clips detected"
"SM_Wep_Mod_Barrel_09","FBX / ModelImporter","Assets/PolygonApocalypse/Models/SM_Wep_Mod_Barrel_09.fbx","PolygonApocalypse","No","No",0,"","No","ImportAnimation=False; AnimationType=None; AvatarSetup=NoAvatar; HasAvatar=False","Unknown","No imported/embedded animation clips detected"
"SM_Wep_Mod_Barrel_10","FBX / ModelImporter","Assets/PolygonApocalypse/Models/SM_Wep_Mod_Barrel_10.fbx","PolygonApocalypse","No","No",0,"","No","ImportAnimation=False; AnimationType=None; AvatarSetup=NoAvatar; HasAvatar=False","Unknown","No imported/embedded animation clips detected"
"SM_Wep_Mod_Barrel_11","FBX / ModelImporter","Assets/PolygonApocalypse/Models/SM_Wep_Mod_Barrel_11.fbx","PolygonApocalypse","No","No",0,"","No","ImportAnimation=False; AnimationType=None; AvatarSetup=NoAvatar; HasAvatar=False","Unknown","No imported/embedded animation clips detected"
"SM_Wep_Mod_Barrel_12","FBX / ModelImporter","Assets/PolygonApocalypse/Models/SM_Wep_Mod_Barrel_12.fbx","PolygonApocalypse","No","No",0,"","No","ImportAnimation=False; AnimationType=None; AvatarSetup=NoAvatar; HasAvatar=False","Unknown","No imported/embedded animation clips detected"
"SM_Wep_Mod_Barrel_13","FBX / ModelImporter","Assets/PolygonApocalypse/Models/SM_Wep_Mod_Barrel_13.fbx","PolygonApocalypse","No","No",0,"","No","ImportAnimation=False; AnimationType=None; AvatarSetup=NoAvatar; HasAvatar=False","Unknown","No imported/embedded animation clips detected"
"SM_Wep_Mod_Barrel_14","FBX / ModelImporter","Assets/PolygonApocalypse/Models/SM_Wep_Mod_Barrel_14.fbx","PolygonApocalypse","No","No",0,"","No","ImportAnimation=False; AnimationType=None; AvatarSetup=NoAvatar; HasAvatar=False","Unknown","No imported/embedded animation clips detected"
"SM_Wep_Mod_Barrel_15","FBX / ModelImporter","Assets/PolygonApocalypse/Models/SM_Wep_Mod_Barrel_15.fbx","PolygonApocalypse","No","No",0,"","No","ImportAnimation=False; AnimationType=None; AvatarSetup=NoAvatar; HasAvatar=False","Unknown","No imported/embedded animation clips detected"
"SM_Wep_Mod_Barrel_16","FBX / ModelImporter","Assets/PolygonApocalypse/Models/SM_Wep_Mod_Barrel_16.fbx","PolygonApocalypse","No","No",0,"","No","ImportAnimation=False; AnimationType=None; AvatarSetup=NoAvatar; HasAvatar=False","Unknown","No imported/embedded animation clips detected"
"SM_Wep_Mod_Barrel_17","FBX / ModelImporter","Assets/PolygonApocalypse/Models/SM_Wep_Mod_Barrel_17.fbx","PolygonApocalypse","No","No",0,"","No","ImportAnimation=False; AnimationType=None; AvatarSetup=NoAvatar; HasAvatar=False","Unknown","No imported/embedded animation clips detected"
"SM_Wep_Mod_Barrel_18","FBX / ModelImporter","Assets/PolygonApocalypse/Models/SM_Wep_Mod_Barrel_18.fbx","PolygonApocalypse","No","No",0,"","No","ImportAnimation=False; AnimationType=None; AvatarSetup=NoAvatar; HasAvatar=False","Unknown","No imported/embedded animation clips detected"
"SM_Wep_Mod_Barrel_19","FBX / ModelImporter","Assets/PolygonApocalypse/Models/SM_Wep_Mod_Barrel_19.fbx","PolygonApocalypse","No","No",0,"","No","ImportAnimation=False; AnimationType=None; AvatarSetup=NoAvatar; HasAvatar=False","Unknown","No imported/embedded animation clips detected"
"SM_Wep_Mod_Barrel_20","FBX / ModelImporter","Assets/PolygonApocalypse/Models/SM_Wep_Mod_Barrel_20.fbx","PolygonApocalypse","No","No",0,"","No","ImportAnimation=False; AnimationType=None; AvatarSetup=NoAvatar; HasAvatar=False","Unknown","No imported/embedded animation clips detected"
"SM_Wep_Mod_Barrel_21","FBX / ModelImporter","Assets/PolygonApocalypse/Models/SM_Wep_Mod_Barrel_21.fbx","PolygonApocalypse","No","No",0,"","No","ImportAnimation=False; AnimationType=None; AvatarSetup=NoAvatar; HasAvatar=False","Unknown","No imported/embedded animation clips detected"
"SM_Wep_Mod_Barrel_22","FBX / ModelImporter","Assets/PolygonApocalypse/Models/SM_Wep_Mod_Barrel_22.fbx","PolygonApocalypse","No","No",0,"","No","ImportAnimation=False; AnimationType=None; AvatarSetup=NoAvatar; HasAvatar=False","Unknown","No imported/embedded animation clips detected"
"SM_Wep_Mod_Barrel_23","FBX / ModelImporter","Assets/PolygonApocalypse/Models/SM_Wep_Mod_Barrel_23.fbx","PolygonApocalypse","No","No",0,"","No","ImportAnimation=False; AnimationType=None; AvatarSetup=NoAvatar; HasAvatar=False","Unknown","No imported/embedded animation clips detected"
"SM_Wep_Mod_Barrel_24","FBX / ModelImporter","Assets/PolygonApocalypse/Models/SM_Wep_Mod_Barrel_24.fbx","PolygonApocalypse","No","No",0,"","No","ImportAnimation=False; AnimationType=None; AvatarSetup=NoAvatar; HasAvatar=False","Unknown","No imported/embedded animation clips detected"
"SM_Wep_Mod_Barrel_25","FBX / ModelImporter","Assets/PolygonApocalypse/Models/SM_Wep_Mod_Barrel_25.fbx","PolygonApocalypse","No","No",0,"","No","ImportAnimation=False; AnimationType=None; AvatarSetup=NoAvatar; HasAvatar=False","Unknown","No imported/embedded animation clips detected"
"SM_Wep_Mod_Barrel_26","FBX / ModelImporter","Assets/PolygonApocalypse/Models/SM_Wep_Mod_Barrel_26.fbx","PolygonApocalypse","No","No",0,"","No","ImportAnimation=False; AnimationType=None; AvatarSetup=NoAvatar; HasAvatar=False","Unknown","No imported/embedded animation clips detected"
"SM_Wep_Mod_Barrel_27","FBX / ModelImporter","Assets/PolygonApocalypse/Models/SM_Wep_Mod_Barrel_27.fbx","PolygonApocalypse","No","No",0,"","No","ImportAnimation=False; AnimationType=None; AvatarSetup=NoAvatar; HasAvatar=False","Unknown","No imported/embedded animation clips detected"
"SM_Wep_Mod_Barrel_28","FBX / ModelImporter","Assets/PolygonApocalypse/Models/SM_Wep_Mod_Barrel_28.fbx","PolygonApocalypse","No","No",0,"","No","ImportAnimation=False; AnimationType=None; AvatarSetup=NoAvatar; HasAvatar=False","Unknown","No imported/embedded animation clips detected"
"SM_Wep_Mod_Barrel_29","FBX / ModelImporter","Assets/PolygonApocalypse/Models/SM_Wep_Mod_Barrel_29.fbx","PolygonApocalypse","No","No",0,"","No","ImportAnimation=False; AnimationType=None; AvatarSetup=NoAvatar; HasAvatar=False","Unknown","No imported/embedded animation clips detected"
"SM_Wep_Mod_Barrel_30","FBX / ModelImporter","Assets/PolygonApocalypse/Models/SM_Wep_Mod_Barrel_30.fbx","PolygonApocalypse","No","No",0,"","No","ImportAnimation=False; AnimationType=None; AvatarSetup=NoAvatar; HasAvatar=False","Unknown","No imported/embedded animation clips detected"
"SM_Wep_Mod_Barrel_31","FBX / ModelImporter","Assets/PolygonApocalypse/Models/SM_Wep_Mod_Barrel_31.fbx","PolygonApocalypse","No","No",0,"","No","ImportAnimation=False; AnimationType=None; AvatarSetup=NoAvatar; HasAvatar=False","Unknown","No imported/embedded animation clips detected"
"SM_Wep_Mod_Barrel_32","FBX / ModelImporter","Assets/PolygonApocalypse/Models/SM_Wep_Mod_Barrel_32.fbx","PolygonApocalypse","No","No",0,"","No","ImportAnimation=False; AnimationType=None; AvatarSetup=NoAvatar; HasAvatar=False","Unknown","No imported/embedded animation clips detected"
"SM_Wep_Mod_Barrel_33","FBX / ModelImporter","Assets/PolygonApocalypse/Models/SM_Wep_Mod_Barrel_33.fbx","PolygonApocalypse","No","No",0,"","No","ImportAnimation=False; AnimationType=None; AvatarSetup=NoAvatar; HasAvatar=False","Unknown","No imported/embedded animation clips detected"
"SM_Wep_Mod_Body_01","FBX / ModelImporter","Assets/PolygonApocalypse/Models/SM_Wep_Mod_Body_01.fbx","PolygonApocalypse","No","No",0,"","No","ImportAnimation=False; AnimationType=None; AvatarSetup=NoAvatar; HasAvatar=False","Unknown","No imported/embedded animation clips detected"
"SM_Wep_Mod_Body_02","FBX / ModelImporter","Assets/PolygonApocalypse/Models/SM_Wep_Mod_Body_02.fbx","PolygonApocalypse","No","No",0,"","No","ImportAnimation=False; AnimationType=None; AvatarSetup=NoAvatar; HasAvatar=False","Unknown","No imported/embedded animation clips detected"
"SM_Wep_Mod_Body_03","FBX / ModelImporter","Assets/PolygonApocalypse/Models/SM_Wep_Mod_Body_03.fbx","PolygonApocalypse","No","No",0,"","No","ImportAnimation=False; AnimationType=None; AvatarSetup=NoAvatar; HasAvatar=False","Unknown","No imported/embedded animation clips detected"
"SM_Wep_Mod_Body_04","FBX / ModelImporter","Assets/PolygonApocalypse/Models/SM_Wep_Mod_Body_04.fbx","PolygonApocalypse","No","No",0,"","No","ImportAnimation=False; AnimationType=None; AvatarSetup=NoAvatar; HasAvatar=False","Unknown","No imported/embedded animation clips detected"
"SM_Wep_Mod_Body_05","FBX / ModelImporter","Assets/PolygonApocalypse/Models/SM_Wep_Mod_Body_05.fbx","PolygonApocalypse","No","No",0,"","No","ImportAnimation=False; AnimationType=None; AvatarSetup=NoAvatar; HasAvatar=False","Unknown","No imported/embedded animation clips detected"
"SM_Wep_Mod_Body_06","FBX / ModelImporter","Assets/PolygonApocalypse/Models/SM_Wep_Mod_Body_06.fbx","PolygonApocalypse","No","No",0,"","No","ImportAnimation=False; AnimationType=None; AvatarSetup=NoAvatar; HasAvatar=False","Unknown","No imported/embedded animation clips detected"
"SM_Wep_Mod_Body_07","FBX / ModelImporter","Assets/PolygonApocalypse/Models/SM_Wep_Mod_Body_07.fbx","PolygonApocalypse","No","No",0,"","No","ImportAnimation=False; AnimationType=None; AvatarSetup=NoAvatar; HasAvatar=False","Unknown","No imported/embedded animation clips detected"
"SM_Wep_Mod_Body_08","FBX / ModelImporter","Assets/PolygonApocalypse/Models/SM_Wep_Mod_Body_08.fbx","PolygonApocalypse","No","No",0,"","No","ImportAnimation=False; AnimationType=None; AvatarSetup=NoAvatar; HasAvatar=False","Unknown","No imported/embedded animation clips detected"
"SM_Wep_Mod_Body_09","FBX / ModelImporter","Assets/PolygonApocalypse/Models/SM_Wep_Mod_Body_09.fbx","PolygonApocalypse","No","No",0,"","No","ImportAnimation=False; AnimationType=None; AvatarSetup=NoAvatar; HasAvatar=False","Unknown","No imported/embedded animation clips detected"
"SM_Wep_Mod_Body_10","FBX / ModelImporter","Assets/PolygonApocalypse/Models/SM_Wep_Mod_Body_10.fbx","PolygonApocalypse","No","No",0,"","No","ImportAnimation=False; AnimationType=None; AvatarSetup=NoAvatar; HasAvatar=False","Unknown","No imported/embedded animation clips detected"
"SM_Wep_Mod_Body_11","FBX / ModelImporter","Assets/PolygonApocalypse/Models/SM_Wep_Mod_Body_11.fbx","PolygonApocalypse","No","No",0,"","No","ImportAnimation=False; AnimationType=None; AvatarSetup=NoAvatar; HasAvatar=False","Unknown","No imported/embedded animation clips detected"
"SM_Wep_Mod_Body_12","FBX / ModelImporter","Assets/PolygonApocalypse/Models/SM_Wep_Mod_Body_12.fbx","PolygonApocalypse","No","No",0,"","No","ImportAnimation=False; AnimationType=None; AvatarSetup=NoAvatar; HasAvatar=False","Unknown","No imported/embedded animation clips detected"
"SM_Wep_Mod_Body_13","FBX / ModelImporter","Assets/PolygonApocalypse/Models/SM_Wep_Mod_Body_13.fbx","PolygonApocalypse","No","No",0,"","No","ImportAnimation=False; AnimationType=None; AvatarSetup=NoAvatar; HasAvatar=False","Unknown","No imported/embedded animation clips detected"
"SM_Wep_Mod_Body_14","FBX / ModelImporter","Assets/PolygonApocalypse/Models/SM_Wep_Mod_Body_14.fbx","PolygonApocalypse","No","No",0,"","No","ImportAnimation=False; AnimationType=None; AvatarSetup=NoAvatar; HasAvatar=False","Unknown","No imported/embedded animation clips detected"
"SM_Wep_Mod_Body_15","FBX / ModelImporter","Assets/PolygonApocalypse/Models/SM_Wep_Mod_Body_15.fbx","PolygonApocalypse","No","No",0,"","No","ImportAnimation=False; AnimationType=None; AvatarSetup=NoAvatar; HasAvatar=False","Unknown","No imported/embedded animation clips detected"
"SM_Wep_Mod_Body_16","FBX / ModelImporter","Assets/PolygonApocalypse/Models/SM_Wep_Mod_Body_16.fbx","PolygonApocalypse","No","No",0,"","No","ImportAnimation=False; AnimationType=None; AvatarSetup=NoAvatar; HasAvatar=False","Unknown","No imported/embedded animation clips detected"
"SM_Wep_Mod_Body_17","FBX / ModelImporter","Assets/PolygonApocalypse/Models/SM_Wep_Mod_Body_17.fbx","PolygonApocalypse","No","No",0,"","No","ImportAnimation=False; AnimationType=None; AvatarSetup=NoAvatar; HasAvatar=False","Unknown","No imported/embedded animation clips detected"
"SM_Wep_Mod_Body_18","FBX / ModelImporter","Assets/PolygonApocalypse/Models/SM_Wep_Mod_Body_18.fbx","PolygonApocalypse","No","No",0,"","No","ImportAnimation=False; AnimationType=None; AvatarSetup=NoAvatar; HasAvatar=False","Unknown","No imported/embedded animation clips detected"
"SM_Wep_Mod_Body_19","FBX / ModelImporter","Assets/PolygonApocalypse/Models/SM_Wep_Mod_Body_19.fbx","PolygonApocalypse","No","No",0,"","No","ImportAnimation=False; AnimationType=None; AvatarSetup=NoAvatar; HasAvatar=False","Unknown","No imported/embedded animation clips detected"
"SM_Wep_Mod_Body_20","FBX / ModelImporter","Assets/PolygonApocalypse/Models/SM_Wep_Mod_Body_20.fbx","PolygonApocalypse","No","No",0,"","No","ImportAnimation=False; AnimationType=None; AvatarSetup=NoAvatar; HasAvatar=False","Unknown","No imported/embedded animation clips detected"
"SM_Wep_Mod_Body_21","FBX / ModelImporter","Assets/PolygonApocalypse/Models/SM_Wep_Mod_Body_21.fbx","PolygonApocalypse","No","No",0,"","No","ImportAnimation=False; AnimationType=None; AvatarSetup=NoAvatar; HasAvatar=False","Unknown","No imported/embedded animation clips detected"
"SM_Wep_Mod_Body_22","FBX / ModelImporter","Assets/PolygonApocalypse/Models/SM_Wep_Mod_Body_22.fbx","PolygonApocalypse","No","No",0,"","No","ImportAnimation=False; AnimationType=None; AvatarSetup=NoAvatar; HasAvatar=False","Unknown","No imported/embedded animation clips detected"
"SM_Wep_Mod_Body_23","FBX / ModelImporter","Assets/PolygonApocalypse/Models/SM_Wep_Mod_Body_23.fbx","PolygonApocalypse","No","No",0,"","No","ImportAnimation=False; AnimationType=None; AvatarSetup=NoAvatar; HasAvatar=False","Unknown","No imported/embedded animation clips detected"
"SM_Wep_Mod_Body_24","FBX / ModelImporter","Assets/PolygonApocalypse/Models/SM_Wep_Mod_Body_24.fbx","PolygonApocalypse","No","No",0,"","No","ImportAnimation=False; AnimationType=None; AvatarSetup=NoAvatar; HasAvatar=False","Unknown","No imported/embedded animation clips detected"
"SM_Wep_Mod_Body_25","FBX / ModelImporter","Assets/PolygonApocalypse/Models/SM_Wep_Mod_Body_25.fbx","PolygonApocalypse","No","No",0,"","No","ImportAnimation=False; AnimationType=None; AvatarSetup=NoAvatar; HasAvatar=False","Unknown","No imported/embedded animation clips detected"
"SM_Wep_Mod_Body_26","FBX / ModelImporter","Assets/PolygonApocalypse/Models/SM_Wep_Mod_Body_26.fbx","PolygonApocalypse","No","No",0,"","No","ImportAnimation=False; AnimationType=None; AvatarSetup=NoAvatar; HasAvatar=False","Unknown","No imported/embedded animation clips detected"
"SM_Wep_Mod_Body_27","FBX / ModelImporter","Assets/PolygonApocalypse/Models/SM_Wep_Mod_Body_27.fbx","PolygonApocalypse","No","No",0,"","No","ImportAnimation=False; AnimationType=None; AvatarSetup=NoAvatar; HasAvatar=False","Unknown","No imported/embedded animation clips detected"
"SM_Wep_Mod_Body_28","FBX / ModelImporter","Assets/PolygonApocalypse/Models/SM_Wep_Mod_Body_28.fbx","PolygonApocalypse","No","No",0,"","No","ImportAnimation=False; AnimationType=None; AvatarSetup=NoAvatar; HasAvatar=False","Unknown","No imported/embedded animation clips detected"
"SM_Wep_Mod_Body_29","FBX / ModelImporter","Assets/PolygonApocalypse/Models/SM_Wep_Mod_Body_29.fbx","PolygonApocalypse","No","No",0,"","No","ImportAnimation=False; AnimationType=None; AvatarSetup=NoAvatar; HasAvatar=False","Unknown","No imported/embedded animation clips detected"
"SM_Wep_Mod_Body_30","FBX / ModelImporter","Assets/PolygonApocalypse/Models/SM_Wep_Mod_Body_30.fbx","PolygonApocalypse","No","No",0,"","No","ImportAnimation=False; AnimationType=None; AvatarSetup=NoAvatar; HasAvatar=False","Unknown","No imported/embedded animation clips detected"
"SM_Wep_Mod_Body_31","FBX / ModelImporter","Assets/PolygonApocalypse/Models/SM_Wep_Mod_Body_31.fbx","PolygonApocalypse","No","No",0,"","No","ImportAnimation=False; AnimationType=None; AvatarSetup=NoAvatar; HasAvatar=False","Unknown","No imported/embedded animation clips detected"
"SM_Wep_Mod_Body_32","FBX / ModelImporter","Assets/PolygonApocalypse/Models/SM_Wep_Mod_Body_32.fbx","PolygonApocalypse","No","No",0,"","No","ImportAnimation=False; AnimationType=None; AvatarSetup=NoAvatar; HasAvatar=False","Unknown","No imported/embedded animation clips detected"
"SM_Wep_Mod_Body_33","FBX / ModelImporter","Assets/PolygonApocalypse/Models/SM_Wep_Mod_Body_33.fbx","PolygonApocalypse","No","No",0,"","No","ImportAnimation=False; AnimationType=None; AvatarSetup=NoAvatar; HasAvatar=False","Unknown","No imported/embedded animation clips detected"
"SM_Wep_Mod_Body_34","FBX / ModelImporter","Assets/PolygonApocalypse/Models/SM_Wep_Mod_Body_34.fbx","PolygonApocalypse","No","No",0,"","No","ImportAnimation=False; AnimationType=None; AvatarSetup=NoAvatar; HasAvatar=False","Unknown","No imported/embedded animation clips detected"
"SM_Wep_Mod_Body_35","FBX / ModelImporter","Assets/PolygonApocalypse/Models/SM_Wep_Mod_Body_35.fbx","PolygonApocalypse","No","No",0,"","No","ImportAnimation=False; AnimationType=None; AvatarSetup=NoAvatar; HasAvatar=False","Unknown","No imported/embedded animation clips detected"
"SM_Wep_Mod_Body_36","FBX / ModelImporter","Assets/PolygonApocalypse/Models/SM_Wep_Mod_Body_36.fbx","PolygonApocalypse","No","No",0,"","No","ImportAnimation=False; AnimationType=None; AvatarSetup=NoAvatar; HasAvatar=False","Unknown","No imported/embedded animation clips detected"
"SM_Wep_Mod_Body_37","FBX / ModelImporter","Assets/PolygonApocalypse/Models/SM_Wep_Mod_Body_37.fbx","PolygonApocalypse","No","No",0,"","No","ImportAnimation=False; AnimationType=None; AvatarSetup=NoAvatar; HasAvatar=False","Unknown","No imported/embedded animation clips detected"
"SM_Wep_Mod_Handle_01","FBX / ModelImporter","Assets/PolygonApocalypse/Models/SM_Wep_Mod_Handle_01.fbx","PolygonApocalypse","No","No",0,"","No","ImportAnimation=False; AnimationType=None; AvatarSetup=NoAvatar; HasAvatar=False","Unknown","No imported/embedded animation clips detected"
"SM_Wep_Mod_Handle_02","FBX / ModelImporter","Assets/PolygonApocalypse/Models/SM_Wep_Mod_Handle_02.fbx","PolygonApocalypse","No","No",0,"","No","ImportAnimation=False; AnimationType=None; AvatarSetup=NoAvatar; HasAvatar=False","Unknown","No imported/embedded animation clips detected"
"SM_Wep_Mod_Handle_03","FBX / ModelImporter","Assets/PolygonApocalypse/Models/SM_Wep_Mod_Handle_03.fbx","PolygonApocalypse","No","No",0,"","No","ImportAnimation=False; AnimationType=None; AvatarSetup=NoAvatar; HasAvatar=False","Unknown","No imported/embedded animation clips detected"
"SM_Wep_Mod_Handle_04","FBX / ModelImporter","Assets/PolygonApocalypse/Models/SM_Wep_Mod_Handle_04.fbx","PolygonApocalypse","No","No",0,"","No","ImportAnimation=False; AnimationType=None; AvatarSetup=NoAvatar; HasAvatar=False","Unknown","No imported/embedded animation clips detected"
"SM_Wep_Mod_Handle_05","FBX / ModelImporter","Assets/PolygonApocalypse/Models/SM_Wep_Mod_Handle_05.fbx","PolygonApocalypse","No","No",0,"","No","ImportAnimation=False; AnimationType=None; AvatarSetup=NoAvatar; HasAvatar=False","Unknown","No imported/embedded animation clips detected"
"SM_Wep_Mod_Handle_06","FBX / ModelImporter","Assets/PolygonApocalypse/Models/SM_Wep_Mod_Handle_06.fbx","PolygonApocalypse","No","No",0,"","No","ImportAnimation=False; AnimationType=None; AvatarSetup=NoAvatar; HasAvatar=False","Unknown","No imported/embedded animation clips detected"
"SM_Wep_Mod_Handle_07","FBX / ModelImporter","Assets/PolygonApocalypse/Models/SM_Wep_Mod_Handle_07.fbx","PolygonApocalypse","No","No",0,"","No","ImportAnimation=False; AnimationType=None; AvatarSetup=NoAvatar; HasAvatar=False","Unknown","No imported/embedded animation clips detected"
"SM_Wep_Mod_Handle_08","FBX / ModelImporter","Assets/PolygonApocalypse/Models/SM_Wep_Mod_Handle_08.fbx","PolygonApocalypse","No","No",0,"","No","ImportAnimation=False; AnimationType=None; AvatarSetup=NoAvatar; HasAvatar=False","Unknown","No imported/embedded animation clips detected"
"SM_Wep_Mod_Handle_09","FBX / ModelImporter","Assets/PolygonApocalypse/Models/SM_Wep_Mod_Handle_09.fbx","PolygonApocalypse","No","No",0,"","No","ImportAnimation=False; AnimationType=None; AvatarSetup=NoAvatar; HasAvatar=False","Unknown","No imported/embedded animation clips detected"
"SM_Wep_Mod_Handle_10","FBX / ModelImporter","Assets/PolygonApocalypse/Models/SM_Wep_Mod_Handle_10.fbx","PolygonApocalypse","No","No",0,"","No","ImportAnimation=False; AnimationType=None; AvatarSetup=NoAvatar; HasAvatar=False","Unknown","No imported/embedded animation clips detected"
"SM_Wep_Mod_Handle_11","FBX / ModelImporter","Assets/PolygonApocalypse/Models/SM_Wep_Mod_Handle_11.fbx","PolygonApocalypse","No","No",0,"","No","ImportAnimation=False; AnimationType=None; AvatarSetup=NoAvatar; HasAvatar=False","Unknown","No imported/embedded animation clips detected"
"SM_Wep_Mod_Handle_12","FBX / ModelImporter","Assets/PolygonApocalypse/Models/SM_Wep_Mod_Handle_12.fbx","PolygonApocalypse","No","No",0,"","No","ImportAnimation=False; AnimationType=None; AvatarSetup=NoAvatar; HasAvatar=False","Unknown","No imported/embedded animation clips detected"
"SM_Wep_Mod_Handle_13","FBX / ModelImporter","Assets/PolygonApocalypse/Models/SM_Wep_Mod_Handle_13.fbx","PolygonApocalypse","No","No",0,"","No","ImportAnimation=False; AnimationType=None; AvatarSetup=NoAvatar; HasAvatar=False","Unknown","No imported/embedded animation clips detected"
"SM_Wep_Mod_Handle_14","FBX / ModelImporter","Assets/PolygonApocalypse/Models/SM_Wep_Mod_Handle_14.fbx","PolygonApocalypse","No","No",0,"","No","ImportAnimation=False; AnimationType=None; AvatarSetup=NoAvatar; HasAvatar=False","Unknown","No imported/embedded animation clips detected"
"SM_Wep_Mod_Handle_15","FBX / ModelImporter","Assets/PolygonApocalypse/Models/SM_Wep_Mod_Handle_15.fbx","PolygonApocalypse","No","No",0,"","No","ImportAnimation=False; AnimationType=None; AvatarSetup=NoAvatar; HasAvatar=False","Unknown","No imported/embedded animation clips detected"
"SM_Wep_Mod_Handle_16","FBX / ModelImporter","Assets/PolygonApocalypse/Models/SM_Wep_Mod_Handle_16.fbx","PolygonApocalypse","No","No",0,"","No","ImportAnimation=False; AnimationType=None; AvatarSetup=NoAvatar; HasAvatar=False","Unknown","No imported/embedded animation clips detected"
"SM_Wep_Mod_Handle_17","FBX / ModelImporter","Assets/PolygonApocalypse/Models/SM_Wep_Mod_Handle_17.fbx","PolygonApocalypse","No","No",0,"","No","ImportAnimation=False; AnimationType=None; AvatarSetup=NoAvatar; HasAvatar=False","Unknown","No imported/embedded animation clips detected"
"SM_Wep_Mod_Handle_18","FBX / ModelImporter","Assets/PolygonApocalypse/Models/SM_Wep_Mod_Handle_18.fbx","PolygonApocalypse","No","No",0,"","No","ImportAnimation=False; AnimationType=None; AvatarSetup=NoAvatar; HasAvatar=False","Unknown","No imported/embedded animation clips detected"
"SM_Wep_Mod_Handle_19","FBX / ModelImporter","Assets/PolygonApocalypse/Models/SM_Wep_Mod_Handle_19.fbx","PolygonApocalypse","No","No",0,"","No","ImportAnimation=False; AnimationType=None; AvatarSetup=NoAvatar; HasAvatar=False","Unknown","No imported/embedded animation clips detected"
"SM_Wep_Mod_Handle_20","FBX / ModelImporter","Assets/PolygonApocalypse/Models/SM_Wep_Mod_Handle_20.fbx","PolygonApocalypse","No","No",0,"","No","ImportAnimation=False; AnimationType=None; AvatarSetup=NoAvatar; HasAvatar=False","Unknown","No imported/embedded animation clips detected"
"SM_Wep_Mod_Handle_21","FBX / ModelImporter","Assets/PolygonApocalypse/Models/SM_Wep_Mod_Handle_21.fbx","PolygonApocalypse","No","No",0,"","No","ImportAnimation=False; AnimationType=None; AvatarSetup=NoAvatar; HasAvatar=False","Unknown","No imported/embedded animation clips detected"
"SM_Wep_Mod_Handle_22","FBX / ModelImporter","Assets/PolygonApocalypse/Models/SM_Wep_Mod_Handle_22.fbx","PolygonApocalypse","No","No",0,"","No","ImportAnimation=False; AnimationType=None; AvatarSetup=NoAvatar; HasAvatar=False","Unknown","No imported/embedded animation clips detected"
"SM_Wep_Mod_Handle_23","FBX / ModelImporter","Assets/PolygonApocalypse/Models/SM_Wep_Mod_Handle_23.fbx","PolygonApocalypse","No","No",0,"","No","ImportAnimation=False; AnimationType=None; AvatarSetup=NoAvatar; HasAvatar=False","Unknown","No imported/embedded animation clips detected"
"SM_Wep_Mod_Loader_01","FBX / ModelImporter","Assets/PolygonApocalypse/Models/SM_Wep_Mod_Loader_01.fbx","PolygonApocalypse","No","No",0,"","No","ImportAnimation=False; AnimationType=None; AvatarSetup=NoAvatar; HasAvatar=False","Unknown","No imported/embedded animation clips detected"
"SM_Wep_Mod_Loader_02","FBX / ModelImporter","Assets/PolygonApocalypse/Models/SM_Wep_Mod_Loader_02.fbx","PolygonApocalypse","No","No",0,"","No","ImportAnimation=False; AnimationType=None; AvatarSetup=NoAvatar; HasAvatar=False","Unknown","No imported/embedded animation clips detected"
"SM_Wep_Mod_Loader_03","FBX / ModelImporter","Assets/PolygonApocalypse/Models/SM_Wep_Mod_Loader_03.fbx","PolygonApocalypse","No","No",0,"","No","ImportAnimation=False; AnimationType=None; AvatarSetup=NoAvatar; HasAvatar=False","Unknown","No imported/embedded animation clips detected"
"SM_Wep_Mod_Loader_04","FBX / ModelImporter","Assets/PolygonApocalypse/Models/SM_Wep_Mod_Loader_04.fbx","PolygonApocalypse","No","No",0,"","No","ImportAnimation=False; AnimationType=None; AvatarSetup=NoAvatar; HasAvatar=False","Unknown","No imported/embedded animation clips detected"
"SM_Wep_Mod_Loader_05","FBX / ModelImporter","Assets/PolygonApocalypse/Models/SM_Wep_Mod_Loader_05.fbx","PolygonApocalypse","No","No",0,"","No","ImportAnimation=False; AnimationType=None; AvatarSetup=NoAvatar; HasAvatar=False","Unknown","No imported/embedded animation clips detected"
"SM_Wep_Mod_Loader_06","FBX / ModelImporter","Assets/PolygonApocalypse/Models/SM_Wep_Mod_Loader_06.fbx","PolygonApocalypse","No","No",0,"","No","ImportAnimation=False; AnimationType=None; AvatarSetup=NoAvatar; HasAvatar=False","Unknown","No imported/embedded animation clips detected"
"SM_Wep_Mod_Loader_07","FBX / ModelImporter","Assets/PolygonApocalypse/Models/SM_Wep_Mod_Loader_07.fbx","PolygonApocalypse","No","No",0,"","No","ImportAnimation=False; AnimationType=None; AvatarSetup=NoAvatar; HasAvatar=False","Unknown","No imported/embedded animation clips detected"
"SM_Wep_Mod_Loader_08","FBX / ModelImporter","Assets/PolygonApocalypse/Models/SM_Wep_Mod_Loader_08.fbx","PolygonApocalypse","No","No",0,"","No","ImportAnimation=False; AnimationType=None; AvatarSetup=NoAvatar; HasAvatar=False","Unknown","No imported/embedded animation clips detected"
"SM_Wep_Mod_Loader_09","FBX / ModelImporter","Assets/PolygonApocalypse/Models/SM_Wep_Mod_Loader_09.fbx","PolygonApocalypse","No","No",0,"","No","ImportAnimation=False; AnimationType=None; AvatarSetup=NoAvatar; HasAvatar=False","Unknown","No imported/embedded animation clips detected"
"SM_Wep_Mod_Loader_10","FBX / ModelImporter","Assets/PolygonApocalypse/Models/SM_Wep_Mod_Loader_10.fbx","PolygonApocalypse","No","No",0,"","No","ImportAnimation=False; AnimationType=None; AvatarSetup=NoAvatar; HasAvatar=False","Unknown","No imported/embedded animation clips detected"
"SM_Wep_Mod_Loader_11","FBX / ModelImporter","Assets/PolygonApocalypse/Models/SM_Wep_Mod_Loader_11.fbx","PolygonApocalypse","No","No",0,"","No","ImportAnimation=False; AnimationType=None; AvatarSetup=NoAvatar; HasAvatar=False","Unknown","No imported/embedded animation clips detected"
"SM_Wep_Mod_Loader_12","FBX / ModelImporter","Assets/PolygonApocalypse/Models/SM_Wep_Mod_Loader_12.fbx","PolygonApocalypse","No","No",0,"","No","ImportAnimation=False; AnimationType=None; AvatarSetup=NoAvatar; HasAvatar=False","Unknown","No imported/embedded animation clips detected"
"SM_Wep_Mod_Loader_13","FBX / ModelImporter","Assets/PolygonApocalypse/Models/SM_Wep_Mod_Loader_13.fbx","PolygonApocalypse","No","No",0,"","No","ImportAnimation=False; AnimationType=None; AvatarSetup=NoAvatar; HasAvatar=False","Unknown","No imported/embedded animation clips detected"
"SM_Wep_Mod_Loader_14","FBX / ModelImporter","Assets/PolygonApocalypse/Models/SM_Wep_Mod_Loader_14.fbx","PolygonApocalypse","No","No",0,"","No","ImportAnimation=False; AnimationType=None; AvatarSetup=NoAvatar; HasAvatar=False","Unknown","No imported/embedded animation clips detected"
"SM_Wep_Mod_Loader_15","FBX / ModelImporter","Assets/PolygonApocalypse/Models/SM_Wep_Mod_Loader_15.fbx","PolygonApocalypse","No","No",0,"","No","ImportAnimation=False; AnimationType=None; AvatarSetup=NoAvatar; HasAvatar=False","Unknown","No imported/embedded animation clips detected"
"SM_Wep_Mod_Loader_16","FBX / ModelImporter","Assets/PolygonApocalypse/Models/SM_Wep_Mod_Loader_16.fbx","PolygonApocalypse","No","No",0,"","No","ImportAnimation=False; AnimationType=None; AvatarSetup=NoAvatar; HasAvatar=False","Unknown","No imported/embedded animation clips detected"
"SM_Wep_Mod_Stock_01","FBX / ModelImporter","Assets/PolygonApocalypse/Models/SM_Wep_Mod_Stock_01.fbx","PolygonApocalypse","No","No",0,"","No","ImportAnimation=False; AnimationType=None; AvatarSetup=NoAvatar; HasAvatar=False","Unknown","No imported/embedded animation clips detected"
"SM_Wep_Mod_Stock_02","FBX / ModelImporter","Assets/PolygonApocalypse/Models/SM_Wep_Mod_Stock_02.fbx","PolygonApocalypse","No","No",0,"","No","ImportAnimation=False; AnimationType=None; AvatarSetup=NoAvatar; HasAvatar=False","Unknown","No imported/embedded animation clips detected"
"SM_Wep_Mod_Stock_03","FBX / ModelImporter","Assets/PolygonApocalypse/Models/SM_Wep_Mod_Stock_03.fbx","PolygonApocalypse","No","No",0,"","No","ImportAnimation=False; AnimationType=None; AvatarSetup=NoAvatar; HasAvatar=False","Unknown","No imported/embedded animation clips detected"
"SM_Wep_Mod_Stock_04","FBX / ModelImporter","Assets/PolygonApocalypse/Models/SM_Wep_Mod_Stock_04.fbx","PolygonApocalypse","No","No",0,"","No","ImportAnimation=False; AnimationType=None; AvatarSetup=NoAvatar; HasAvatar=False","Unknown","No imported/embedded animation clips detected"
"SM_Wep_Mod_Stock_05","FBX / ModelImporter","Assets/PolygonApocalypse/Models/SM_Wep_Mod_Stock_05.fbx","PolygonApocalypse","No","No",0,"","No","ImportAnimation=False; AnimationType=None; AvatarSetup=NoAvatar; HasAvatar=False","Unknown","No imported/embedded animation clips detected"
"SM_Wep_Mod_Stock_06","FBX / ModelImporter","Assets/PolygonApocalypse/Models/SM_Wep_Mod_Stock_06.fbx","PolygonApocalypse","No","No",0,"","No","ImportAnimation=False; AnimationType=None; AvatarSetup=NoAvatar; HasAvatar=False","Unknown","No imported/embedded animation clips detected"
"SM_Wep_Mod_Stock_07","FBX / ModelImporter","Assets/PolygonApocalypse/Models/SM_Wep_Mod_Stock_07.fbx","PolygonApocalypse","No","No",0,"","No","ImportAnimation=False; AnimationType=None; AvatarSetup=NoAvatar; HasAvatar=False","Unknown","No imported/embedded animation clips detected"
"SM_Wep_Mod_Stock_08","FBX / ModelImporter","Assets/PolygonApocalypse/Models/SM_Wep_Mod_Stock_08.fbx","PolygonApocalypse","No","No",0,"","No","ImportAnimation=False; AnimationType=None; AvatarSetup=NoAvatar; HasAvatar=False","Unknown","No imported/embedded animation clips detected"
"SM_Wep_Mod_Stock_09","FBX / ModelImporter","Assets/PolygonApocalypse/Models/SM_Wep_Mod_Stock_09.fbx","PolygonApocalypse","No","No",0,"","No","ImportAnimation=False; AnimationType=None; AvatarSetup=NoAvatar; HasAvatar=False","Unknown","No imported/embedded animation clips detected"
"SM_Wep_Mod_Stock_10","FBX / ModelImporter","Assets/PolygonApocalypse/Models/SM_Wep_Mod_Stock_10.fbx","PolygonApocalypse","No","No",0,"","No","ImportAnimation=False; AnimationType=None; AvatarSetup=NoAvatar; HasAvatar=False","Unknown","No imported/embedded animation clips detected"
"SM_Wep_Mod_Stock_11","FBX / ModelImporter","Assets/PolygonApocalypse/Models/SM_Wep_Mod_Stock_11.fbx","PolygonApocalypse","No","No",0,"","No","ImportAnimation=False; AnimationType=None; AvatarSetup=NoAvatar; HasAvatar=False","Unknown","No imported/embedded animation clips detected"
"SM_Wep_Mod_Stock_12","FBX / ModelImporter","Assets/PolygonApocalypse/Models/SM_Wep_Mod_Stock_12.fbx","PolygonApocalypse","No","No",0,"","No","ImportAnimation=False; AnimationType=None; AvatarSetup=NoAvatar; HasAvatar=False","Unknown","No imported/embedded animation clips detected"
"SM_Wep_Mod_Stock_13","FBX / ModelImporter","Assets/PolygonApocalypse/Models/SM_Wep_Mod_Stock_13.fbx","PolygonApocalypse","No","No",0,"","No","ImportAnimation=False; AnimationType=None; AvatarSetup=NoAvatar; HasAvatar=False","Unknown","No imported/embedded animation clips detected"
"SM_Wep_Mod_Stock_14","FBX / ModelImporter","Assets/PolygonApocalypse/Models/SM_Wep_Mod_Stock_14.fbx","PolygonApocalypse","No","No",0,"","No","ImportAnimation=False; AnimationType=None; AvatarSetup=NoAvatar; HasAvatar=False","Unknown","No imported/embedded animation clips detected"
"SM_Wep_Mod_Stock_15","FBX / ModelImporter","Assets/PolygonApocalypse/Models/SM_Wep_Mod_Stock_15.fbx","PolygonApocalypse","No","No",0,"","No","ImportAnimation=False; AnimationType=None; AvatarSetup=NoAvatar; HasAvatar=False","Unknown","No imported/embedded animation clips detected"
"SM_Wep_Mod_Stock_16","FBX / ModelImporter","Assets/PolygonApocalypse/Models/SM_Wep_Mod_Stock_16.fbx","PolygonApocalypse","No","No",0,"","No","ImportAnimation=False; AnimationType=None; AvatarSetup=NoAvatar; HasAvatar=False","Unknown","No imported/embedded animation clips detected"
"SM_Wep_Mod_Stock_17","FBX / ModelImporter","Assets/PolygonApocalypse/Models/SM_Wep_Mod_Stock_17.fbx","PolygonApocalypse","No","No",0,"","No","ImportAnimation=False; AnimationType=None; AvatarSetup=NoAvatar; HasAvatar=False","Unknown","No imported/embedded animation clips detected"
"SM_Wep_Mod_Stock_18","FBX / ModelImporter","Assets/PolygonApocalypse/Models/SM_Wep_Mod_Stock_18.fbx","PolygonApocalypse","No","No",0,"","No","ImportAnimation=False; AnimationType=None; AvatarSetup=NoAvatar; HasAvatar=False","Unknown","No imported/embedded animation clips detected"
"SM_Wep_Mod_Stock_19","FBX / ModelImporter","Assets/PolygonApocalypse/Models/SM_Wep_Mod_Stock_19.fbx","PolygonApocalypse","No","No",0,"","No","ImportAnimation=False; AnimationType=None; AvatarSetup=NoAvatar; HasAvatar=False","Unknown","No imported/embedded animation clips detected"
"SM_Wep_Mod_Stock_20","FBX / ModelImporter","Assets/PolygonApocalypse/Models/SM_Wep_Mod_Stock_20.fbx","PolygonApocalypse","No","No",0,"","No","ImportAnimation=False; AnimationType=None; AvatarSetup=NoAvatar; HasAvatar=False","Unknown","No imported/embedded animation clips detected"
"SM_Wep_Mod_Stock_21","FBX / ModelImporter","Assets/PolygonApocalypse/Models/SM_Wep_Mod_Stock_21.fbx","PolygonApocalypse","No","No",0,"","No","ImportAnimation=False; AnimationType=None; AvatarSetup=NoAvatar; HasAvatar=False","Unknown","No imported/embedded animation clips detected"
"SM_Wep_Mod_Stock_22","FBX / ModelImporter","Assets/PolygonApocalypse/Models/SM_Wep_Mod_Stock_22.fbx","PolygonApocalypse","No","No",0,"","No","ImportAnimation=False; AnimationType=None; AvatarSetup=NoAvatar; HasAvatar=False","Unknown","No imported/embedded animation clips detected"
"SM_Wep_Mod_Stock_23","FBX / ModelImporter","Assets/PolygonApocalypse/Models/SM_Wep_Mod_Stock_23.fbx","PolygonApocalypse","No","No",0,"","No","ImportAnimation=False; AnimationType=None; AvatarSetup=NoAvatar; HasAvatar=False","Unknown","No imported/embedded animation clips detected"
"SM_Wep_Mod_Stock_24","FBX / ModelImporter","Assets/PolygonApocalypse/Models/SM_Wep_Mod_Stock_24.fbx","PolygonApocalypse","No","No",0,"","No","ImportAnimation=False; AnimationType=None; AvatarSetup=NoAvatar; HasAvatar=False","Unknown","No imported/embedded animation clips detected"
"SM_Wep_Mod_Stock_25","FBX / ModelImporter","Assets/PolygonApocalypse/Models/SM_Wep_Mod_Stock_25.fbx","PolygonApocalypse","No","No",0,"","No","ImportAnimation=False; AnimationType=None; AvatarSetup=NoAvatar; HasAvatar=False","Unknown","No imported/embedded animation clips detected"
"SM_Wep_Molotov_01","FBX / ModelImporter","Assets/PolygonApocalypse/Models/SM_Wep_Molotov_01.fbx","PolygonApocalypse","No","No",0,"","No","ImportAnimation=False; AnimationType=None; AvatarSetup=NoAvatar; HasAvatar=False","Unknown","No imported/embedded animation clips detected"
"SM_Wep_NailBomb_01","FBX / ModelImporter","Assets/PolygonApocalypse/Models/SM_Wep_NailBomb_01.fbx","PolygonApocalypse","No","No",0,"","No","ImportAnimation=False; AnimationType=None; AvatarSetup=NoAvatar; HasAvatar=False","Unknown","No imported/embedded animation clips detected"
"SM_Wep_Nailgun_01","FBX / ModelImporter","Assets/PolygonApocalypse/Models/SM_Wep_Nailgun_01.fbx","PolygonApocalypse","No","No",0,"","No","ImportAnimation=False; AnimationType=None; AvatarSetup=NoAvatar; HasAvatar=False","Unknown","No imported/embedded animation clips detected"
"SM_Wep_Nailgun_Clean_01","FBX / ModelImporter","Assets/PolygonApocalypse/Models/SM_Wep_Nailgun_Clean_01.fbx","PolygonApocalypse","No","No",0,"","No","ImportAnimation=False; AnimationType=None; AvatarSetup=NoAvatar; HasAvatar=False","Unknown","No imported/embedded animation clips detected"
"SM_Wep_Pipe_01","FBX / ModelImporter","Assets/PolygonApocalypse/Models/SM_Wep_Pipe_01.fbx","PolygonApocalypse","No","No",0,"","No","ImportAnimation=False; AnimationType=None; AvatarSetup=NoAvatar; HasAvatar=False","Unknown","No imported/embedded animation clips detected"
"SM_Wep_PipeBomb_01","FBX / ModelImporter","Assets/PolygonApocalypse/Models/SM_Wep_PipeBomb_01.fbx","PolygonApocalypse","No","No",0,"","No","ImportAnimation=False; AnimationType=None; AvatarSetup=NoAvatar; HasAvatar=False","Unknown","No imported/embedded animation clips detected"
"SM_Wep_PipeWrench_01","FBX / ModelImporter","Assets/PolygonApocalypse/Models/SM_Wep_PipeWrench_01.fbx","PolygonApocalypse","No","No",0,"","No","ImportAnimation=False; AnimationType=None; AvatarSetup=NoAvatar; HasAvatar=False","Unknown","No imported/embedded animation clips detected"
"SM_Wep_Pistol_01","FBX / ModelImporter","Assets/PolygonApocalypse/Models/SM_Wep_Pistol_01.fbx","PolygonApocalypse","No","No",0,"","No","ImportAnimation=False; AnimationType=None; AvatarSetup=NoAvatar; HasAvatar=False","Unknown","No imported/embedded animation clips detected"
"SM_Wep_Plank_01","FBX / ModelImporter","Assets/PolygonApocalypse/Models/SM_Wep_Plank_01.fbx","PolygonApocalypse","No","No",0,"","No","ImportAnimation=False; AnimationType=None; AvatarSetup=NoAvatar; HasAvatar=False","Unknown","No imported/embedded animation clips detected"
"SM_Wep_RebarClub_01","FBX / ModelImporter","Assets/PolygonApocalypse/Models/SM_Wep_RebarClub_01.fbx","PolygonApocalypse","No","No",0,"","No","ImportAnimation=False; AnimationType=None; AvatarSetup=NoAvatar; HasAvatar=False","Unknown","No imported/embedded animation clips detected"
"SM_Wep_Revolver_01","FBX / ModelImporter","Assets/PolygonApocalypse/Models/SM_Wep_Revolver_01.fbx","PolygonApocalypse","No","No",0,"","No","ImportAnimation=False; AnimationType=None; AvatarSetup=NoAvatar; HasAvatar=False","Unknown","No imported/embedded animation clips detected"
"SM_Wep_Revolver_02","FBX / ModelImporter","Assets/PolygonApocalypse/Models/SM_Wep_Revolver_02.fbx","PolygonApocalypse","No","No",0,"","No","ImportAnimation=False; AnimationType=None; AvatarSetup=NoAvatar; HasAvatar=False","Unknown","No imported/embedded animation clips detected"
"SM_Wep_Rifle_01","FBX / ModelImporter","Assets/PolygonApocalypse/Models/SM_Wep_Rifle_01.fbx","PolygonApocalypse","No","No",0,"","No","ImportAnimation=False; AnimationType=None; AvatarSetup=NoAvatar; HasAvatar=False","Unknown","No imported/embedded animation clips detected"
"SM_Wep_Rifle_02","FBX / ModelImporter","Assets/PolygonApocalypse/Models/SM_Wep_Rifle_02.fbx","PolygonApocalypse","No","No",0,"","No","ImportAnimation=False; AnimationType=None; AvatarSetup=NoAvatar; HasAvatar=False","Unknown","No imported/embedded animation clips detected"
"SM_Wep_Rifle_03","FBX / ModelImporter","Assets/PolygonApocalypse/Models/SM_Wep_Rifle_03.fbx","PolygonApocalypse","No","No",0,"","No","ImportAnimation=False; AnimationType=None; AvatarSetup=NoAvatar; HasAvatar=False","Unknown","No imported/embedded animation clips detected"
"SM_Wep_Rocket_Fireworks_01","FBX / ModelImporter","Assets/PolygonApocalypse/Models/SM_Wep_Rocket_Fireworks_01.fbx","PolygonApocalypse","No","No",0,"","No","ImportAnimation=False; AnimationType=None; AvatarSetup=NoAvatar; HasAvatar=False","Unknown","No imported/embedded animation clips detected"
"SM_Wep_Rocket_IED_01","FBX / ModelImporter","Assets/PolygonApocalypse/Models/SM_Wep_Rocket_IED_01.fbx","PolygonApocalypse","No","No",0,"","No","ImportAnimation=False; AnimationType=None; AvatarSetup=NoAvatar; HasAvatar=False","Unknown","No imported/embedded animation clips detected"
"SM_Wep_RocketLauncher_01","FBX / ModelImporter","Assets/PolygonApocalypse/Models/SM_Wep_RocketLauncher_01.fbx","PolygonApocalypse","No","No",0,"","No","ImportAnimation=False; AnimationType=None; AvatarSetup=NoAvatar; HasAvatar=False","Unknown","No imported/embedded animation clips detected"
"SM_Wep_Shotgun_01","FBX / ModelImporter","Assets/PolygonApocalypse/Models/SM_Wep_Shotgun_01.fbx","PolygonApocalypse","No","No",0,"","No","ImportAnimation=False; AnimationType=None; AvatarSetup=NoAvatar; HasAvatar=False","Unknown","No imported/embedded animation clips detected"
"SM_Wep_Sign_Shield_01","FBX / ModelImporter","Assets/PolygonApocalypse/Models/SM_Wep_Sign_Shield_01.fbx","PolygonApocalypse","No","No",0,"","No","ImportAnimation=False; AnimationType=None; AvatarSetup=NoAvatar; HasAvatar=False","Unknown","No imported/embedded animation clips detected"
"SM_Wep_SniperRifle_01","FBX / ModelImporter","Assets/PolygonApocalypse/Models/SM_Wep_SniperRifle_01.fbx","PolygonApocalypse","No","No",0,"","No","ImportAnimation=False; AnimationType=None; AvatarSetup=NoAvatar; HasAvatar=False","Unknown","No imported/embedded animation clips detected"
"SM_Wep_SniperRifle_02","FBX / ModelImporter","Assets/PolygonApocalypse/Models/SM_Wep_SniperRifle_02.fbx","PolygonApocalypse","No","No",0,"","No","ImportAnimation=False; AnimationType=None; AvatarSetup=NoAvatar; HasAvatar=False","Unknown","No imported/embedded animation clips detected"
"SM_Wep_SniperRifle_Pneumatic_01","FBX / ModelImporter","Assets/PolygonApocalypse/Models/SM_Wep_SniperRifle_Pneumatic_01.fbx","PolygonApocalypse","No","No",0,"","No","ImportAnimation=False; AnimationType=None; AvatarSetup=NoAvatar; HasAvatar=False","Unknown","No imported/embedded animation clips detected"
"SM_Wep_Spade_01","FBX / ModelImporter","Assets/PolygonApocalypse/Models/SM_Wep_Spade_01.fbx","PolygonApocalypse","No","No",0,"","No","ImportAnimation=False; AnimationType=None; AvatarSetup=NoAvatar; HasAvatar=False","Unknown","No imported/embedded animation clips detected"
"SM_Wep_SpearGun_01","FBX / ModelImporter","Assets/PolygonApocalypse/Models/SM_Wep_SpearGun_01.fbx","PolygonApocalypse","No","No",0,"","No","ImportAnimation=False; AnimationType=None; AvatarSetup=NoAvatar; HasAvatar=False","Unknown","No imported/embedded animation clips detected"
"SM_Wep_SpearGun_Spear_01","FBX / ModelImporter","Assets/PolygonApocalypse/Models/SM_Wep_SpearGun_Spear_01.fbx","PolygonApocalypse","No","No",0,"","No","ImportAnimation=False; AnimationType=None; AvatarSetup=NoAvatar; HasAvatar=False","Unknown","No imported/embedded animation clips detected"
"SM_Wep_SubMGun_01","FBX / ModelImporter","Assets/PolygonApocalypse/Models/SM_Wep_SubMGun_01.fbx","PolygonApocalypse","No","No",0,"","No","ImportAnimation=False; AnimationType=None; AvatarSetup=NoAvatar; HasAvatar=False","Unknown","No imported/embedded animation clips detected"
"SM_Wep_SubMGun_02","FBX / ModelImporter","Assets/PolygonApocalypse/Models/SM_Wep_SubMGun_02.fbx","PolygonApocalypse","No","No",0,"","No","ImportAnimation=False; AnimationType=None; AvatarSetup=NoAvatar; HasAvatar=False","Unknown","No imported/embedded animation clips detected"
"SM_Wep_SubMGun_03","FBX / ModelImporter","Assets/PolygonApocalypse/Models/SM_Wep_SubMGun_03.fbx","PolygonApocalypse","No","No",0,"","No","ImportAnimation=False; AnimationType=None; AvatarSetup=NoAvatar; HasAvatar=False","Unknown","No imported/embedded animation clips detected"
"SM_Wep_SubMGun_Clean_03","FBX / ModelImporter","Assets/PolygonApocalypse/Models/SM_Wep_SubMGun_Clean_03.fbx","PolygonApocalypse","No","No",0,"","No","ImportAnimation=False; AnimationType=None; AvatarSetup=NoAvatar; HasAvatar=False","Unknown","No imported/embedded animation clips detected"
"SM_Wep_Trimmer_01","FBX / ModelImporter","Assets/PolygonApocalypse/Models/SM_Wep_Trimmer_01.fbx","PolygonApocalypse","No","No",0,"","No","ImportAnimation=False; AnimationType=None; AvatarSetup=NoAvatar; HasAvatar=False","Unknown","No imported/embedded animation clips detected"
"SM_Wep_Trimmer_Clean_01","FBX / ModelImporter","Assets/PolygonApocalypse/Models/SM_Wep_Trimmer_Clean_01.fbx","PolygonApocalypse","No","No",0,"","No","ImportAnimation=False; AnimationType=None; AvatarSetup=NoAvatar; HasAvatar=False","Unknown","No imported/embedded animation clips detected"
"SM_Wep_Veh_AA_01","FBX / ModelImporter","Assets/PolygonApocalypse/Models/SM_Wep_Veh_AA_01.fbx","PolygonApocalypse","No","No",0,"","No","ImportAnimation=False; AnimationType=None; AvatarSetup=NoAvatar; HasAvatar=False","Unknown","No imported/embedded animation clips detected"
"SM_Wep_Veh_Harpoon_01","FBX / ModelImporter","Assets/PolygonApocalypse/Models/SM_Wep_Veh_Harpoon_01.fbx","PolygonApocalypse","No","No",0,"","No","ImportAnimation=False; AnimationType=None; AvatarSetup=NoAvatar; HasAvatar=False","Unknown","No imported/embedded animation clips detected"
"SM_Wep_Veh_Harpoon_Ammo_01","FBX / ModelImporter","Assets/PolygonApocalypse/Models/SM_Wep_Veh_Harpoon_Ammo_01.fbx","PolygonApocalypse","No","No",0,"","No","ImportAnimation=False; AnimationType=None; AvatarSetup=NoAvatar; HasAvatar=False","Unknown","No imported/embedded animation clips detected"
"SM_Wep_Veh_Harpoon_Ammo_02","FBX / ModelImporter","Assets/PolygonApocalypse/Models/SM_Wep_Veh_Harpoon_Ammo_02.fbx","PolygonApocalypse","No","No",0,"","No","ImportAnimation=False; AnimationType=None; AvatarSetup=NoAvatar; HasAvatar=False","Unknown","No imported/embedded animation clips detected"
"SM_Wep_Veh_Harpoon_Ammo_03","FBX / ModelImporter","Assets/PolygonApocalypse/Models/SM_Wep_Veh_Harpoon_Ammo_03.fbx","PolygonApocalypse","No","No",0,"","No","ImportAnimation=False; AnimationType=None; AvatarSetup=NoAvatar; HasAvatar=False","Unknown","No imported/embedded animation clips detected"
"SM_Wep_Veh_Harpoon_Ammo_04","FBX / ModelImporter","Assets/PolygonApocalypse/Models/SM_Wep_Veh_Harpoon_Ammo_04.fbx","PolygonApocalypse","No","No",0,"","No","ImportAnimation=False; AnimationType=None; AvatarSetup=NoAvatar; HasAvatar=False","Unknown","No imported/embedded animation clips detected"
"SM_Wep_Veh_MachineGun_01","FBX / ModelImporter","Assets/PolygonApocalypse/Models/SM_Wep_Veh_MachineGun_01.fbx","PolygonApocalypse","No","No",0,"","No","ImportAnimation=False; AnimationType=None; AvatarSetup=NoAvatar; HasAvatar=False","Unknown","No imported/embedded animation clips detected"
"SM_Wep_Veh_MiniGun_01","FBX / ModelImporter","Assets/PolygonApocalypse/Models/SM_Wep_Veh_MiniGun_01.fbx","PolygonApocalypse","No","No",0,"","No","ImportAnimation=False; AnimationType=None; AvatarSetup=NoAvatar; HasAvatar=False","Unknown","No imported/embedded animation clips detected"
"SM_Wep_Veh_Rocket_01","FBX / ModelImporter","Assets/PolygonApocalypse/Models/SM_Wep_Veh_Rocket_01.fbx","PolygonApocalypse","No","No",0,"","No","ImportAnimation=False; AnimationType=None; AvatarSetup=NoAvatar; HasAvatar=False","Unknown","No imported/embedded animation clips detected"
"SM_Wep_Veh_Rocket_02","FBX / ModelImporter","Assets/PolygonApocalypse/Models/SM_Wep_Veh_Rocket_02.fbx","PolygonApocalypse","No","No",0,"","No","ImportAnimation=False; AnimationType=None; AvatarSetup=NoAvatar; HasAvatar=False","Unknown","No imported/embedded animation clips detected"
"SM_Wep_Veh_Rocket_Launcher_01","FBX / ModelImporter","Assets/PolygonApocalypse/Models/SM_Wep_Veh_Rocket_Launcher_01.fbx","PolygonApocalypse","No","No",0,"","No","ImportAnimation=False; AnimationType=None; AvatarSetup=NoAvatar; HasAvatar=False","Unknown","No imported/embedded animation clips detected"
"SM_Wep_Veh_Saw_Launcher_01","FBX / ModelImporter","Assets/PolygonApocalypse/Models/SM_Wep_Veh_Saw_Launcher_01.fbx","PolygonApocalypse","No","No",0,"","No","ImportAnimation=False; AnimationType=None; AvatarSetup=NoAvatar; HasAvatar=False","Unknown","No imported/embedded animation clips detected"
"SM_Wep_Veh_Saw_Launcher_Ammo_01","FBX / ModelImporter","Assets/PolygonApocalypse/Models/SM_Wep_Veh_Saw_Launcher_Ammo_01.fbx","PolygonApocalypse","No","No",0,"","No","ImportAnimation=False; AnimationType=None; AvatarSetup=NoAvatar; HasAvatar=False","Unknown","No imported/embedded animation clips detected"
"SM_Wep_WoodAxe_01","FBX / ModelImporter","Assets/PolygonApocalypse/Models/SM_Wep_WoodAxe_01.fbx","PolygonApocalypse","No","No",0,"","No","ImportAnimation=False; AnimationType=None; AvatarSetup=NoAvatar; HasAvatar=False","Unknown","No imported/embedded animation clips detected"
"SM_Wep_Wrench_01","FBX / ModelImporter","Assets/PolygonApocalypse/Models/SM_Wep_Wrench_01.fbx","PolygonApocalypse","No","No",0,"","No","ImportAnimation=False; AnimationType=None; AvatarSetup=NoAvatar; HasAvatar=False","Unknown","No imported/embedded animation clips detected"
"FX_Ash","FBX / ModelImporter","Assets/PolygonApocalypse/Prefabs/FX/Misc/FX_Ash.fbx","PolygonApocalypse","No","No",0,"","No","ImportAnimation=False; AnimationType=None; AvatarSetup=NoAvatar; HasAvatar=False","Unknown","No imported/embedded animation clips detected"
"FX_Bullet_Trail","FBX / ModelImporter","Assets/PolygonApocalypse/Prefabs/FX/Misc/FX_Bullet_Trail.fbx","PolygonApocalypse","No","Yes",0,"","Yes","ImportAnimation=True; AnimationType=Generic; AvatarSetup=CreateFromThisModel; HasAvatar=True","Unknown","No imported/embedded animation clips detected"
"FX_Ring_01","FBX / ModelImporter","Assets/PolygonApocalypse/Prefabs/FX/Misc/FX_Ring_01.fbx","PolygonApocalypse","No","Yes",0,"","Yes","ImportAnimation=True; AnimationType=Generic; AvatarSetup=CreateFromThisModel; HasAvatar=True","Unknown","No imported/embedded animation clips detected"
"FX_Sphere","FBX / ModelImporter","Assets/PolygonApocalypse/Prefabs/FX/Misc/FX_Sphere.fbx","PolygonApocalypse","No","No",0,"","No","ImportAnimation=False; AnimationType=None; AvatarSetup=NoAvatar; HasAvatar=False","Unknown","No imported/embedded animation clips detected"
"FX_Sphere_01","FBX / ModelImporter","Assets/PolygonApocalypse/Prefabs/FX/Misc/FX_Sphere_01.fbx","PolygonApocalypse","No","Yes",0,"","Yes","ImportAnimation=True; AnimationType=Generic; AvatarSetup=CreateFromThisModel; HasAvatar=True","Unknown","No imported/embedded animation clips detected"
"FX_Sphere_02","FBX / ModelImporter","Assets/PolygonApocalypse/Prefabs/FX/Misc/FX_Sphere_02.fbx","PolygonApocalypse","No","Yes",0,"","Yes","ImportAnimation=True; AnimationType=Generic; AvatarSetup=CreateFromThisModel; HasAvatar=True","Unknown","No imported/embedded animation clips detected"
"FX_Sphere_03","FBX / ModelImporter","Assets/PolygonApocalypse/Prefabs/FX/Misc/FX_Sphere_03.fbx","PolygonApocalypse","No","Yes",0,"","Yes","ImportAnimation=True; AnimationType=Generic; AvatarSetup=CreateFromThisModel; HasAvatar=True","Unknown","No imported/embedded animation clips detected"
"FX_Sphere_Pivot","FBX / ModelImporter","Assets/PolygonApocalypse/Prefabs/FX/Misc/FX_Sphere_Pivot.fbx","PolygonApocalypse","No","Yes",0,"","Yes","ImportAnimation=True; AnimationType=Generic; AvatarSetup=CreateFromThisModel; HasAvatar=True","Unknown","No imported/embedded animation clips detected"
"FX_Tower_01","FBX / ModelImporter","Assets/PolygonApocalypse/Prefabs/FX/Misc/FX_Tower_01.fbx","PolygonApocalypse","No","Yes",0,"","Yes","ImportAnimation=True; AnimationType=Generic; AvatarSetup=CreateFromThisModel; HasAvatar=True","Unknown","No imported/embedded animation clips detected"
"SM_Flame_FX","FBX / ModelImporter","Assets/PolygonApocalypse/Prefabs/FX/Misc/SM_Flame_FX.fbx","PolygonApocalypse","No","Yes",0,"","Yes","ImportAnimation=True; AnimationType=Generic; AvatarSetup=CreateFromThisModel; HasAvatar=True","Unknown","No imported/embedded animation clips detected"
"SM_Wep_Ammo_BulletLarge_01","FBX / ModelImporter","Assets/PolygonApocalypse/Prefabs/FX/Misc/SM_Wep_Ammo_BulletLarge_01.fbx","PolygonApocalypse","No","No",0,"","No","ImportAnimation=False; AnimationType=None; AvatarSetup=NoAvatar; HasAvatar=False","Unknown","No imported/embedded animation clips detected"
"SM_Chr_Attach_Zombie_Female_Hair_01","Prefab","Assets/PolygonApocalypse/Prefabs/Characters/Chr_Attach/SM_Chr_Attach_Zombie_Female_Hair_01.prefab","PolygonApocalypse","Yes","No",0,"","No","Animator Count=0; Controllers=None; Avatars=None","Not Animation","Prefab animation binding scan"
"SM_Chr_Attach_Zombie_Female_Hair_02","Prefab","Assets/PolygonApocalypse/Prefabs/Characters/Chr_Attach/SM_Chr_Attach_Zombie_Female_Hair_02.prefab","PolygonApocalypse","Yes","No",0,"","No","Animator Count=0; Controllers=None; Avatars=None","Not Animation","Prefab animation binding scan"
"SM_Chr_Attach_Zombie_Male_Beard_01","Prefab","Assets/PolygonApocalypse/Prefabs/Characters/Chr_Attach/SM_Chr_Attach_Zombie_Male_Beard_01.prefab","PolygonApocalypse","Yes","No",0,"","No","Animator Count=0; Controllers=None; Avatars=None","Not Animation","Prefab animation binding scan"
"SM_Chr_Attach_Zombie_Male_Hair_01","Prefab","Assets/PolygonApocalypse/Prefabs/Characters/Chr_Attach/SM_Chr_Attach_Zombie_Male_Hair_01.prefab","PolygonApocalypse","Yes","No",0,"","No","Animator Count=0; Controllers=None; Avatars=None","Not Animation","Prefab animation binding scan"
"SM_Chr_Attach_Zombie_Male_Hair_02","Prefab","Assets/PolygonApocalypse/Prefabs/Characters/Chr_Attach/SM_Chr_Attach_Zombie_Male_Hair_02.prefab","PolygonApocalypse","Yes","No",0,"","No","Animator Count=0; Controllers=None; Avatars=None","Not Animation","Prefab animation binding scan"
"SM_Chr_Biker_Male_01","Prefab","Assets/PolygonApocalypse/Prefabs/Characters/SM_Chr_Biker_Male_01.prefab","PolygonApocalypse","No","Yes",0,"","Yes","Animator Count=1; Controllers=None; Avatars=CharactersAvatar","Not Animation","Prefab animation binding scan"
"SM_Chr_Business_Male_01","Prefab","Assets/PolygonApocalypse/Prefabs/Characters/SM_Chr_Business_Male_01.prefab","PolygonApocalypse","No","Yes",0,"","Yes","Animator Count=1; Controllers=None; Avatars=CharactersAvatar","Not Animation","Prefab animation binding scan"
"SM_Chr_Cool_Female_01","Prefab","Assets/PolygonApocalypse/Prefabs/Characters/SM_Chr_Cool_Female_01.prefab","PolygonApocalypse","No","Yes",0,"","Yes","Animator Count=1; Controllers=None; Avatars=CharactersAvatar","Not Animation","Prefab animation binding scan"
"SM_Chr_Cool_Male_01","Prefab","Assets/PolygonApocalypse/Prefabs/Characters/SM_Chr_Cool_Male_01.prefab","PolygonApocalypse","No","Yes",0,"","Yes","Animator Count=1; Controllers=None; Avatars=CharactersAvatar","Not Animation","Prefab animation binding scan"
"SM_Chr_Criminal_Male_01","Prefab","Assets/PolygonApocalypse/Prefabs/Characters/SM_Chr_Criminal_Male_01.prefab","PolygonApocalypse","No","Yes",0,"","Yes","Animator Count=1; Controllers=None; Avatars=CharactersAvatar","Not Animation","Prefab animation binding scan"
"SM_Chr_Eastern_Female_01","Prefab","Assets/PolygonApocalypse/Prefabs/Characters/SM_Chr_Eastern_Female_01.prefab","PolygonApocalypse","No","Yes",0,"","Yes","Animator Count=1; Controllers=None; Avatars=CharactersAvatar","Not Animation","Prefab animation binding scan"
"SM_Chr_Emo_Female_01","Prefab","Assets/PolygonApocalypse/Prefabs/Characters/SM_Chr_Emo_Female_01.prefab","PolygonApocalypse","No","Yes",0,"","Yes","Animator Count=1; Controllers=None; Avatars=CharactersAvatar","Not Animation","Prefab animation binding scan"
"SM_Chr_Hazmat_Male_01","Prefab","Assets/PolygonApocalypse/Prefabs/Characters/SM_Chr_Hazmat_Male_01.prefab","PolygonApocalypse","No","Yes",0,"","Yes","Animator Count=1; Controllers=None; Avatars=CharactersAvatar","Not Animation","Prefab animation binding scan"
"SM_Chr_Homeless_Male_01","Prefab","Assets/PolygonApocalypse/Prefabs/Characters/SM_Chr_Homeless_Male_01.prefab","PolygonApocalypse","No","Yes",0,"","Yes","Animator Count=1; Controllers=None; Avatars=CharactersAvatar","Not Animation","Prefab animation binding scan"
"SM_Chr_Hunter_Male_01","Prefab","Assets/PolygonApocalypse/Prefabs/Characters/SM_Chr_Hunter_Male_01.prefab","PolygonApocalypse","No","Yes",0,"","Yes","Animator Count=1; Controllers=None; Avatars=CharactersAvatar","Not Animation","Prefab animation binding scan"
"SM_Chr_Islander_Male_01","Prefab","Assets/PolygonApocalypse/Prefabs/Characters/SM_Chr_Islander_Male_01.prefab","PolygonApocalypse","No","Yes",0,"","Yes","Animator Count=1; Controllers=None; Avatars=CharactersAvatar","Not Animation","Prefab animation binding scan"
"SM_Chr_Mechanic_Female_01","Prefab","Assets/PolygonApocalypse/Prefabs/Characters/SM_Chr_Mechanic_Female_01.prefab","PolygonApocalypse","No","Yes",0,"","Yes","Animator Count=1; Controllers=None; Avatars=CharactersAvatar","Not Animation","Prefab animation binding scan"
"SM_Chr_Nerd_Female_01","Prefab","Assets/PolygonApocalypse/Prefabs/Characters/SM_Chr_Nerd_Female_01.prefab","PolygonApocalypse","No","Yes",0,"","Yes","Animator Count=1; Controllers=None; Avatars=CharactersAvatar","Not Animation","Prefab animation binding scan"
"SM_Chr_Nun_Female_01","Prefab","Assets/PolygonApocalypse/Prefabs/Characters/SM_Chr_Nun_Female_01.prefab","PolygonApocalypse","No","Yes",0,"","Yes","Animator Count=1; Controllers=None; Avatars=CharactersAvatar","Not Animation","Prefab animation binding scan"
"SM_Chr_Patient_Female_01","Prefab","Assets/PolygonApocalypse/Prefabs/Characters/SM_Chr_Patient_Female_01.prefab","PolygonApocalypse","No","Yes",0,"","Yes","Animator Count=1; Controllers=None; Avatars=CharactersAvatar","Not Animation","Prefab animation binding scan"
"SM_Chr_Press_Male_01","Prefab","Assets/PolygonApocalypse/Prefabs/Characters/SM_Chr_Press_Male_01.prefab","PolygonApocalypse","No","Yes",0,"","Yes","Animator Count=1; Controllers=None; Avatars=CharactersAvatar","Not Animation","Prefab animation binding scan"
"SM_Chr_Punk_Female_01","Prefab","Assets/PolygonApocalypse/Prefabs/Characters/SM_Chr_Punk_Female_01.prefab","PolygonApocalypse","No","Yes",0,"","Yes","Animator Count=1; Controllers=None; Avatars=CharactersAvatar","Not Animation","Prefab animation binding scan"
"SM_Chr_RiotCop_Male_01","Prefab","Assets/PolygonApocalypse/Prefabs/Characters/SM_Chr_RiotCop_Male_01.prefab","PolygonApocalypse","No","Yes",0,"","Yes","Animator Count=1; Controllers=None; Avatars=CharactersAvatar","Not Animation","Prefab animation binding scan"
"SM_Chr_Scout_Female_01","Prefab","Assets/PolygonApocalypse/Prefabs/Characters/SM_Chr_Scout_Female_01.prefab","PolygonApocalypse","No","Yes",0,"","Yes","Animator Count=1; Controllers=None; Avatars=CharactersAvatar","Not Animation","Prefab animation binding scan"
"SM_Chr_Sheriff_Male_01","Prefab","Assets/PolygonApocalypse/Prefabs/Characters/SM_Chr_Sheriff_Male_01.prefab","PolygonApocalypse","No","Yes",0,"","Yes","Animator Count=1; Controllers=None; Avatars=CharactersAvatar","Not Animation","Prefab animation binding scan"
"SM_Chr_Soldier_Female_01","Prefab","Assets/PolygonApocalypse/Prefabs/Characters/SM_Chr_Soldier_Female_01.prefab","PolygonApocalypse","No","Yes",0,"","Yes","Animator Count=1; Controllers=None; Avatars=CharactersAvatar","Not Animation","Prefab animation binding scan"
"SM_Chr_Soldier_Male_01","Prefab","Assets/PolygonApocalypse/Prefabs/Characters/SM_Chr_Soldier_Male_01.prefab","PolygonApocalypse","No","Yes",0,"","Yes","Animator Count=1; Controllers=None; Avatars=CharactersAvatar","Not Animation","Prefab animation binding scan"
"SM_Chr_Teen_Female_01","Prefab","Assets/PolygonApocalypse/Prefabs/Characters/SM_Chr_Teen_Female_01.prefab","PolygonApocalypse","No","Yes",0,"","Yes","Animator Count=1; Controllers=None; Avatars=CharactersAvatar","Not Animation","Prefab animation binding scan"
"SM_Chr_Teen_Male_01","Prefab","Assets/PolygonApocalypse/Prefabs/Characters/SM_Chr_Teen_Male_01.prefab","PolygonApocalypse","No","Yes",0,"","Yes","Animator Count=1; Controllers=None; Avatars=CharactersAvatar","Not Animation","Prefab animation binding scan"
"SM_Chr_Waitress_Female_01","Prefab","Assets/PolygonApocalypse/Prefabs/Characters/SM_Chr_Waitress_Female_01.prefab","PolygonApocalypse","No","Yes",0,"","Yes","Animator Count=1; Controllers=None; Avatars=CharactersAvatar","Not Animation","Prefab animation binding scan"
"SM_Chr_Wanderer_Male_01","Prefab","Assets/PolygonApocalypse/Prefabs/Characters/SM_Chr_Wanderer_Male_01.prefab","PolygonApocalypse","No","Yes",0,"","Yes","Animator Count=1; Controllers=None; Avatars=CharactersAvatar","Not Animation","Prefab animation binding scan"
"SM_Chr_Zombie_Female_01","Prefab","Assets/PolygonApocalypse/Prefabs/Characters/SM_Chr_Zombie_Female_01.prefab","PolygonApocalypse","Yes","Yes",0,"","Yes","Animator Count=1; Controllers=None; Avatars=CharactersAvatar","Not Animation","Prefab animation binding scan"
"SM_Chr_Zombie_Female_02","Prefab","Assets/PolygonApocalypse/Prefabs/Characters/SM_Chr_Zombie_Female_02.prefab","PolygonApocalypse","Yes","Yes",0,"","Yes","Animator Count=1; Controllers=None; Avatars=CharactersAvatar","Not Animation","Prefab animation binding scan"
"SM_Chr_Zombie_Male_01","Prefab","Assets/PolygonApocalypse/Prefabs/Characters/SM_Chr_Zombie_Male_01.prefab","PolygonApocalypse","Yes","Yes",0,"","Yes","Animator Count=1; Controllers=None; Avatars=CharactersAvatar","Not Animation","Prefab animation binding scan"
"SM_Chr_Zombie_Male_02","Prefab","Assets/PolygonApocalypse/Prefabs/Characters/SM_Chr_Zombie_Male_02.prefab","PolygonApocalypse","Yes","Yes",0,"","Yes","Animator Count=1; Controllers=None; Avatars=CharactersAvatar","Not Animation","Prefab animation binding scan"
"SM_Env_Road_Dirt_Straight_01","Prefab","Assets/PolygonApocalypse/Prefabs/Environment/SM_Env_Road_Dirt_Straight_01.prefab","PolygonApocalypse","No","Yes",0,"","Yes","Animator Count=1; Controllers=None; Avatars=SM_Env_Road_Dirt_Straight_01Avatar","Not Animation","Prefab animation binding scan"
"Bullet_Trail_FX","Prefab","Assets/PolygonApocalypse/Prefabs/FX/Misc/Bullet_Trail_FX.prefab","PolygonApocalypse","No","Yes",0,"","Yes","Animator Count=1; Controllers=None; Avatars=FX_Bullet_TrailAvatar","Not Animation","Prefab animation binding scan"
"SM_Prop_Ammo_Box_Open_01","Prefab","Assets/PolygonApocalypse/Prefabs/Props/SM_Prop_Ammo_Box_Open_01.prefab","PolygonApocalypse","No","Yes",0,"","No","Animator Count=1; Controllers=None; Avatars=None","Not Animation","Prefab animation binding scan"
"SM_Prop_Car_Wrecked_Stack_01_Tarp","Prefab","Assets/PolygonApocalypse/Prefabs/Props/SM_Prop_Car_Wrecked_Stack_01_Tarp.prefab","PolygonApocalypse","No","Yes",0,"","Yes","Animator Count=1; Controllers=None; Avatars=SM_Prop_Car_Wrecked_Stack_01_TarpAvatar","Not Animation","Prefab animation binding scan"
"SM_Prop_FirePit_01","Prefab","Assets/PolygonApocalypse/Prefabs/Props/SM_Prop_FirePit_01.prefab","PolygonApocalypse","No","Yes",0,"","No","Animator Count=1; Controllers=None; Avatars=None","Not Animation","Prefab animation binding scan"
"SM_Prop_Floodlights_02","Prefab","Assets/PolygonApocalypse/Prefabs/Props/SM_Prop_Floodlights_02.prefab","PolygonApocalypse","No","Yes",0,"","No","Animator Count=1; Controllers=None; Avatars=None","Not Animation","Prefab animation binding scan"
"SM_Prop_LightPole_Arm_01","Prefab","Assets/PolygonApocalypse/Prefabs/Props/SM_Prop_LightPole_Arm_01.prefab","PolygonApocalypse","No","Yes",0,"","No","Animator Count=1; Controllers=None; Avatars=None","Not Animation","Prefab animation binding scan"
"SM_Veh_Attach_Plating_29","Prefab","Assets/PolygonApocalypse/Prefabs/Vehicles/Attach/SM_Veh_Attach_Plating_29.prefab","PolygonApocalypse","No","Yes",0,"","Yes","Animator Count=1; Controllers=None; Avatars=SM_Veh_Attach_Plating_29Avatar","Not Animation","Prefab animation binding scan"
"Characters","Avatar","Assets/PolygonBattleRoyale/Models/Characters/Characters.fbx","PolygonBattleRoyale","No","No",0,"","Yes","CharactersAvatar IsHuman=True IsValid=True","Not Animation","Avatar subasset(s): CharactersAvatar"
"SM_Char_Attach_Bag_01","Avatar","Assets/PolygonBattleRoyale/Models/Characters/SM_Char_Attach_Bag_01.fbx","PolygonBattleRoyale","No","No",0,"","Yes","SM_Char_Attach_Bag_01Avatar IsHuman=False IsValid=True","Not Animation","Avatar subasset(s): SM_Char_Attach_Bag_01Avatar"
"SM_Char_Attach_Bag_02","Avatar","Assets/PolygonBattleRoyale/Models/Characters/SM_Char_Attach_Bag_02.fbx","PolygonBattleRoyale","No","No",0,"","Yes","SM_Char_Attach_Bag_02Avatar IsHuman=False IsValid=True","Not Animation","Avatar subasset(s): SM_Char_Attach_Bag_02Avatar"
"SM_Char_Attach_Bag_03","Avatar","Assets/PolygonBattleRoyale/Models/Characters/SM_Char_Attach_Bag_03.fbx","PolygonBattleRoyale","No","No",0,"","Yes","SM_Char_Attach_Bag_03Avatar IsHuman=False IsValid=True","Not Animation","Avatar subasset(s): SM_Char_Attach_Bag_03Avatar"
"SM_Char_Attach_Bedroll_01","Avatar","Assets/PolygonBattleRoyale/Models/Characters/SM_Char_Attach_Bedroll_01.fbx","PolygonBattleRoyale","No","No",0,"","Yes","SM_Char_Attach_Bedroll_01Avatar IsHuman=False IsValid=True","Not Animation","Avatar subasset(s): SM_Char_Attach_Bedroll_01Avatar"
"SM_Char_Attach_Bedroll_02","Avatar","Assets/PolygonBattleRoyale/Models/Characters/SM_Char_Attach_Bedroll_02.fbx","PolygonBattleRoyale","No","No",0,"","Yes","SM_Char_Attach_Bedroll_02Avatar IsHuman=False IsValid=True","Not Animation","Avatar subasset(s): SM_Char_Attach_Bedroll_02Avatar"
"SM_Char_Attach_Female_Armor_01","Avatar","Assets/PolygonBattleRoyale/Models/Characters/SM_Char_Attach_Female_Armor_01.fbx","PolygonBattleRoyale","No","No",0,"","Yes","SM_Char_Attach_Female_Armor_01Avatar IsHuman=False IsValid=True","Not Animation","Avatar subasset(s): SM_Char_Attach_Female_Armor_01Avatar"
"SM_Char_Attach_Female_Armor_02","Avatar","Assets/PolygonBattleRoyale/Models/Characters/SM_Char_Attach_Female_Armor_02.fbx","PolygonBattleRoyale","No","No",0,"","Yes","SM_Char_Attach_Female_Armor_02Avatar IsHuman=False IsValid=True","Not Animation","Avatar subasset(s): SM_Char_Attach_Female_Armor_02Avatar"
"SM_Char_Attach_Female_Armor_03","Avatar","Assets/PolygonBattleRoyale/Models/Characters/SM_Char_Attach_Female_Armor_03.fbx","PolygonBattleRoyale","No","No",0,"","Yes","SM_Char_Attach_Female_Armor_03Avatar IsHuman=False IsValid=True","Not Animation","Avatar subasset(s): SM_Char_Attach_Female_Armor_03Avatar"
"SM_Char_Attach_Male_Armor_01","Avatar","Assets/PolygonBattleRoyale/Models/Characters/SM_Char_Attach_Male_Armor_01.fbx","PolygonBattleRoyale","No","No",0,"","Yes","SM_Char_Attach_Male_Armor_01Avatar IsHuman=False IsValid=True","Not Animation","Avatar subasset(s): SM_Char_Attach_Male_Armor_01Avatar"
"SM_Char_Attach_Male_Armor_02","Avatar","Assets/PolygonBattleRoyale/Models/Characters/SM_Char_Attach_Male_Armor_02.fbx","PolygonBattleRoyale","No","No",0,"","Yes","SM_Char_Attach_Male_Armor_02Avatar IsHuman=False IsValid=True","Not Animation","Avatar subasset(s): SM_Char_Attach_Male_Armor_02Avatar"
"SM_Char_Attach_Male_Armor_03","Avatar","Assets/PolygonBattleRoyale/Models/Characters/SM_Char_Attach_Male_Armor_03.fbx","PolygonBattleRoyale","No","No",0,"","Yes","SM_Char_Attach_Male_Armor_03Avatar IsHuman=False IsValid=True","Not Animation","Avatar subasset(s): SM_Char_Attach_Male_Armor_03Avatar"
"Characters","FBX / ModelImporter","Assets/PolygonBattleRoyale/Models/Characters/Characters.fbx","PolygonBattleRoyale","No","No",0,"","Yes","ImportAnimation=False; AnimationType=Human; AvatarSetup=CreateFromThisModel; HasAvatar=True","Unknown","No imported/embedded animation clips detected"
"SM_Char_Attach_Bag_01","FBX / ModelImporter","Assets/PolygonBattleRoyale/Models/Characters/SM_Char_Attach_Bag_01.fbx","PolygonBattleRoyale","No","Yes",0,"","Yes","ImportAnimation=True; AnimationType=Generic; AvatarSetup=CreateFromThisModel; HasAvatar=True","Unknown","No imported/embedded animation clips detected"
"SM_Char_Attach_Bag_02","FBX / ModelImporter","Assets/PolygonBattleRoyale/Models/Characters/SM_Char_Attach_Bag_02.fbx","PolygonBattleRoyale","No","Yes",0,"","Yes","ImportAnimation=True; AnimationType=Generic; AvatarSetup=CreateFromThisModel; HasAvatar=True","Unknown","No imported/embedded animation clips detected"
"SM_Char_Attach_Bag_03","FBX / ModelImporter","Assets/PolygonBattleRoyale/Models/Characters/SM_Char_Attach_Bag_03.fbx","PolygonBattleRoyale","No","Yes",0,"","Yes","ImportAnimation=True; AnimationType=Generic; AvatarSetup=CreateFromThisModel; HasAvatar=True","Unknown","No imported/embedded animation clips detected"
"SM_Char_Attach_Bedroll_01","FBX / ModelImporter","Assets/PolygonBattleRoyale/Models/Characters/SM_Char_Attach_Bedroll_01.fbx","PolygonBattleRoyale","No","Yes",0,"","Yes","ImportAnimation=True; AnimationType=Generic; AvatarSetup=CreateFromThisModel; HasAvatar=True","Unknown","No imported/embedded animation clips detected"
"SM_Char_Attach_Bedroll_02","FBX / ModelImporter","Assets/PolygonBattleRoyale/Models/Characters/SM_Char_Attach_Bedroll_02.fbx","PolygonBattleRoyale","No","Yes",0,"","Yes","ImportAnimation=True; AnimationType=Generic; AvatarSetup=CreateFromThisModel; HasAvatar=True","Unknown","No imported/embedded animation clips detected"
"SM_Char_Attach_Female_Armor_01","FBX / ModelImporter","Assets/PolygonBattleRoyale/Models/Characters/SM_Char_Attach_Female_Armor_01.fbx","PolygonBattleRoyale","No","Yes",0,"","Yes","ImportAnimation=True; AnimationType=Generic; AvatarSetup=CreateFromThisModel; HasAvatar=True","Unknown","No imported/embedded animation clips detected"
"SM_Char_Attach_Female_Armor_02","FBX / ModelImporter","Assets/PolygonBattleRoyale/Models/Characters/SM_Char_Attach_Female_Armor_02.fbx","PolygonBattleRoyale","No","Yes",0,"","Yes","ImportAnimation=True; AnimationType=Generic; AvatarSetup=CreateFromThisModel; HasAvatar=True","Unknown","No imported/embedded animation clips detected"
"SM_Char_Attach_Female_Armor_03","FBX / ModelImporter","Assets/PolygonBattleRoyale/Models/Characters/SM_Char_Attach_Female_Armor_03.fbx","PolygonBattleRoyale","No","Yes",0,"","Yes","ImportAnimation=True; AnimationType=Generic; AvatarSetup=CreateFromThisModel; HasAvatar=True","Unknown","No imported/embedded animation clips detected"
"SM_Char_Attach_Helmet_01","FBX / ModelImporter","Assets/PolygonBattleRoyale/Models/Characters/SM_Char_Attach_Helmet_01.fbx","PolygonBattleRoyale","No","No",0,"","No","ImportAnimation=False; AnimationType=None; AvatarSetup=NoAvatar; HasAvatar=False","Unknown","No imported/embedded animation clips detected"
"SM_Char_Attach_Helmet_02","FBX / ModelImporter","Assets/PolygonBattleRoyale/Models/Characters/SM_Char_Attach_Helmet_02.fbx","PolygonBattleRoyale","No","No",0,"","No","ImportAnimation=False; AnimationType=None; AvatarSetup=NoAvatar; HasAvatar=False","Unknown","No imported/embedded animation clips detected"
"SM_Char_Attach_Helmet_03","FBX / ModelImporter","Assets/PolygonBattleRoyale/Models/Characters/SM_Char_Attach_Helmet_03.fbx","PolygonBattleRoyale","No","No",0,"","No","ImportAnimation=False; AnimationType=None; AvatarSetup=NoAvatar; HasAvatar=False","Unknown","No imported/embedded animation clips detected"
"SM_Char_Attach_Male_Armor_01","FBX / ModelImporter","Assets/PolygonBattleRoyale/Models/Characters/SM_Char_Attach_Male_Armor_01.fbx","PolygonBattleRoyale","No","Yes",0,"","Yes","ImportAnimation=True; AnimationType=Generic; AvatarSetup=CreateFromThisModel; HasAvatar=True","Unknown","No imported/embedded animation clips detected"
"SM_Char_Attach_Male_Armor_02","FBX / ModelImporter","Assets/PolygonBattleRoyale/Models/Characters/SM_Char_Attach_Male_Armor_02.fbx","PolygonBattleRoyale","No","Yes",0,"","Yes","ImportAnimation=True; AnimationType=Generic; AvatarSetup=CreateFromThisModel; HasAvatar=True","Unknown","No imported/embedded animation clips detected"
"SM_Char_Attach_Male_Armor_03","FBX / ModelImporter","Assets/PolygonBattleRoyale/Models/Characters/SM_Char_Attach_Male_Armor_03.fbx","PolygonBattleRoyale","No","Yes",0,"","Yes","ImportAnimation=True; AnimationType=Generic; AvatarSetup=CreateFromThisModel; HasAvatar=True","Unknown","No imported/embedded animation clips detected"
"SM_PickUp_Armor_01","FBX / ModelImporter","Assets/PolygonBattleRoyale/Models/Characters/SM_PickUp_Armor_01.fbx","PolygonBattleRoyale","No","No",0,"","No","ImportAnimation=False; AnimationType=None; AvatarSetup=NoAvatar; HasAvatar=False","Unknown","No imported/embedded animation clips detected"
"SM_PickUp_Armor_02","FBX / ModelImporter","Assets/PolygonBattleRoyale/Models/Characters/SM_PickUp_Armor_02.fbx","PolygonBattleRoyale","No","No",0,"","No","ImportAnimation=False; AnimationType=None; AvatarSetup=NoAvatar; HasAvatar=False","Unknown","No imported/embedded animation clips detected"
"SM_PickUp_Armor_03","FBX / ModelImporter","Assets/PolygonBattleRoyale/Models/Characters/SM_PickUp_Armor_03.fbx","PolygonBattleRoyale","No","No",0,"","No","ImportAnimation=False; AnimationType=None; AvatarSetup=NoAvatar; HasAvatar=False","Unknown","No imported/embedded animation clips detected"
"SM_PickUp_Bag_01","FBX / ModelImporter","Assets/PolygonBattleRoyale/Models/Characters/SM_PickUp_Bag_01.fbx","PolygonBattleRoyale","No","No",0,"","No","ImportAnimation=False; AnimationType=None; AvatarSetup=NoAvatar; HasAvatar=False","Unknown","No imported/embedded animation clips detected"
"SM_PickUp_Bag_02","FBX / ModelImporter","Assets/PolygonBattleRoyale/Models/Characters/SM_PickUp_Bag_02.fbx","PolygonBattleRoyale","No","No",0,"","No","ImportAnimation=False; AnimationType=None; AvatarSetup=NoAvatar; HasAvatar=False","Unknown","No imported/embedded animation clips detected"
"SM_PickUp_Bag_03","FBX / ModelImporter","Assets/PolygonBattleRoyale/Models/Characters/SM_PickUp_Bag_03.fbx","PolygonBattleRoyale","No","No",0,"","No","ImportAnimation=False; AnimationType=None; AvatarSetup=NoAvatar; HasAvatar=False","Unknown","No imported/embedded animation clips detected"
"DamageZone","FBX / ModelImporter","Assets/PolygonBattleRoyale/Models/DamageZone.fbx","PolygonBattleRoyale","No","No",0,"","No","ImportAnimation=False; AnimationType=None; AvatarSetup=NoAvatar; HasAvatar=False","Hit","No imported/embedded animation clips detected"
"SM_Bld_House_01","FBX / ModelImporter","Assets/PolygonBattleRoyale/Models/SM_Bld_House_01.fbx","PolygonBattleRoyale","No","No",0,"","No","ImportAnimation=False; AnimationType=None; AvatarSetup=NoAvatar; HasAvatar=False","Unknown","No imported/embedded animation clips detected"
"SM_Bld_House_02","FBX / ModelImporter","Assets/PolygonBattleRoyale/Models/SM_Bld_House_02.fbx","PolygonBattleRoyale","No","No",0,"","No","ImportAnimation=False; AnimationType=None; AvatarSetup=NoAvatar; HasAvatar=False","Unknown","No imported/embedded animation clips detected"
"SM_Bld_House_03","FBX / ModelImporter","Assets/PolygonBattleRoyale/Models/SM_Bld_House_03.fbx","PolygonBattleRoyale","No","No",0,"","No","ImportAnimation=False; AnimationType=None; AvatarSetup=NoAvatar; HasAvatar=False","Unknown","No imported/embedded animation clips detected"
"SM_Bld_House_Glass_01","FBX / ModelImporter","Assets/PolygonBattleRoyale/Models/SM_Bld_House_Glass_01.fbx","PolygonBattleRoyale","No","No",0,"","No","ImportAnimation=False; AnimationType=None; AvatarSetup=NoAvatar; HasAvatar=False","Unknown","No imported/embedded animation clips detected"
"SM_Bld_SmallBuilding_01","FBX / ModelImporter","Assets/PolygonBattleRoyale/Models/SM_Bld_SmallBuilding_01.fbx","PolygonBattleRoyale","No","No",0,"","No","ImportAnimation=False; AnimationType=None; AvatarSetup=NoAvatar; HasAvatar=False","Unknown","No imported/embedded animation clips detected"
"SM_Bld_SmallBuilding_02","FBX / ModelImporter","Assets/PolygonBattleRoyale/Models/SM_Bld_SmallBuilding_02.fbx","PolygonBattleRoyale","No","No",0,"","No","ImportAnimation=False; AnimationType=None; AvatarSetup=NoAvatar; HasAvatar=False","Unknown","No imported/embedded animation clips detected"
"SM_Bld_SmallBuilding_03","FBX / ModelImporter","Assets/PolygonBattleRoyale/Models/SM_Bld_SmallBuilding_03.fbx","PolygonBattleRoyale","No","No",0,"","No","ImportAnimation=False; AnimationType=None; AvatarSetup=NoAvatar; HasAvatar=False","Unknown","No imported/embedded animation clips detected"
"SM_Bld_Tent_01","FBX / ModelImporter","Assets/PolygonBattleRoyale/Models/SM_Bld_Tent_01.fbx","PolygonBattleRoyale","No","No",0,"","No","ImportAnimation=False; AnimationType=None; AvatarSetup=NoAvatar; HasAvatar=False","Unknown","No imported/embedded animation clips detected"
"SM_Bld_Tent_02","FBX / ModelImporter","Assets/PolygonBattleRoyale/Models/SM_Bld_Tent_02.fbx","PolygonBattleRoyale","No","No",0,"","No","ImportAnimation=False; AnimationType=None; AvatarSetup=NoAvatar; HasAvatar=False","Unknown","No imported/embedded animation clips detected"
"SM_Bld_Warehouse_01","FBX / ModelImporter","Assets/PolygonBattleRoyale/Models/SM_Bld_Warehouse_01.fbx","PolygonBattleRoyale","No","No",0,"","No","ImportAnimation=False; AnimationType=None; AvatarSetup=NoAvatar; HasAvatar=False","Unknown","No imported/embedded animation clips detected"
"SM_Bld_Window_Bars_01","FBX / ModelImporter","Assets/PolygonBattleRoyale/Models/SM_Bld_Window_Bars_01.fbx","PolygonBattleRoyale","No","No",0,"","No","ImportAnimation=False; AnimationType=None; AvatarSetup=NoAvatar; HasAvatar=False","Unknown","No imported/embedded animation clips detected"
"SM_Bld_WoodenShack_01","FBX / ModelImporter","Assets/PolygonBattleRoyale/Models/SM_Bld_WoodenShack_01.fbx","PolygonBattleRoyale","No","No",0,"","No","ImportAnimation=False; AnimationType=None; AvatarSetup=NoAvatar; HasAvatar=False","Unknown","No imported/embedded animation clips detected"
"SM_Char_Attach_Bag_Lvl1","FBX / ModelImporter","Assets/PolygonBattleRoyale/Models/SM_Char_Attach_Bag_Lvl1.fbx","PolygonBattleRoyale","No","No",0,"","No","ImportAnimation=False; AnimationType=None; AvatarSetup=NoAvatar; HasAvatar=False","Unknown","No imported/embedded animation clips detected"
"SM_Char_Attach_Bag_Lvl2","FBX / ModelImporter","Assets/PolygonBattleRoyale/Models/SM_Char_Attach_Bag_Lvl2.fbx","PolygonBattleRoyale","No","No",0,"","No","ImportAnimation=False; AnimationType=None; AvatarSetup=NoAvatar; HasAvatar=False","Unknown","No imported/embedded animation clips detected"
"SM_Char_Attach_Bag_Lvl3","FBX / ModelImporter","Assets/PolygonBattleRoyale/Models/SM_Char_Attach_Bag_Lvl3.fbx","PolygonBattleRoyale","No","No",0,"","No","ImportAnimation=False; AnimationType=None; AvatarSetup=NoAvatar; HasAvatar=False","Unknown","No imported/embedded animation clips detected"
"SM_Chr_Attach_Ammo_01","FBX / ModelImporter","Assets/PolygonBattleRoyale/Models/SM_Chr_Attach_Ammo_01.fbx","PolygonBattleRoyale","No","No",0,"","No","ImportAnimation=False; AnimationType=None; AvatarSetup=NoAvatar; HasAvatar=False","Unknown","No imported/embedded animation clips detected"
"SM_Chr_Attach_Beard_02","FBX / ModelImporter","Assets/PolygonBattleRoyale/Models/SM_Chr_Attach_Beard_02.fbx","PolygonBattleRoyale","No","No",0,"","No","ImportAnimation=False; AnimationType=None; AvatarSetup=NoAvatar; HasAvatar=False","Unknown","No imported/embedded animation clips detected"
"SM_Chr_Attach_Beard_03","FBX / ModelImporter","Assets/PolygonBattleRoyale/Models/SM_Chr_Attach_Beard_03.fbx","PolygonBattleRoyale","No","No",0,"","No","ImportAnimation=False; AnimationType=None; AvatarSetup=NoAvatar; HasAvatar=False","Unknown","No imported/embedded animation clips detected"
"SM_Chr_Attach_Beard_04","FBX / ModelImporter","Assets/PolygonBattleRoyale/Models/SM_Chr_Attach_Beard_04.fbx","PolygonBattleRoyale","No","No",0,"","No","ImportAnimation=False; AnimationType=None; AvatarSetup=NoAvatar; HasAvatar=False","Unknown","No imported/embedded animation clips detected"
"SM_Chr_Attach_Beard_05","FBX / ModelImporter","Assets/PolygonBattleRoyale/Models/SM_Chr_Attach_Beard_05.fbx","PolygonBattleRoyale","No","No",0,"","No","ImportAnimation=False; AnimationType=None; AvatarSetup=NoAvatar; HasAvatar=False","Unknown","No imported/embedded animation clips detected"
"SM_Chr_Attach_Beard_06","FBX / ModelImporter","Assets/PolygonBattleRoyale/Models/SM_Chr_Attach_Beard_06.fbx","PolygonBattleRoyale","No","No",0,"","No","ImportAnimation=False; AnimationType=None; AvatarSetup=NoAvatar; HasAvatar=False","Unknown","No imported/embedded animation clips detected"
"SM_Chr_Attach_Beard_07","FBX / ModelImporter","Assets/PolygonBattleRoyale/Models/SM_Chr_Attach_Beard_07.fbx","PolygonBattleRoyale","No","No",0,"","No","ImportAnimation=False; AnimationType=None; AvatarSetup=NoAvatar; HasAvatar=False","Unknown","No imported/embedded animation clips detected"
"SM_Chr_Attach_Bedroll_01","FBX / ModelImporter","Assets/PolygonBattleRoyale/Models/SM_Chr_Attach_Bedroll_01.fbx","PolygonBattleRoyale","No","No",0,"","No","ImportAnimation=False; AnimationType=None; AvatarSetup=NoAvatar; HasAvatar=False","Unknown","No imported/embedded animation clips detected"
"SM_Chr_Attach_Earmuffs_01","FBX / ModelImporter","Assets/PolygonBattleRoyale/Models/SM_Chr_Attach_Earmuffs_01.fbx","PolygonBattleRoyale","No","No",0,"","No","ImportAnimation=False; AnimationType=None; AvatarSetup=NoAvatar; HasAvatar=False","Unknown","No imported/embedded animation clips detected"
"SM_Chr_Attach_Eyepatch_01","FBX / ModelImporter","Assets/PolygonBattleRoyale/Models/SM_Chr_Attach_Eyepatch_01.fbx","PolygonBattleRoyale","No","No",0,"","No","ImportAnimation=False; AnimationType=None; AvatarSetup=NoAvatar; HasAvatar=False","Unknown","No imported/embedded animation clips detected"
"SM_Chr_Attach_Facemask_01","FBX / ModelImporter","Assets/PolygonBattleRoyale/Models/SM_Chr_Attach_Facemask_01.fbx","PolygonBattleRoyale","No","No",0,"","No","ImportAnimation=False; AnimationType=None; AvatarSetup=NoAvatar; HasAvatar=False","Unknown","No imported/embedded animation clips detected"
"SM_Chr_Attach_Facemask_02","FBX / ModelImporter","Assets/PolygonBattleRoyale/Models/SM_Chr_Attach_Facemask_02.fbx","PolygonBattleRoyale","No","No",0,"","No","ImportAnimation=False; AnimationType=None; AvatarSetup=NoAvatar; HasAvatar=False","Unknown","No imported/embedded animation clips detected"
"SM_Chr_Attach_Facemask_03","FBX / ModelImporter","Assets/PolygonBattleRoyale/Models/SM_Chr_Attach_Facemask_03.fbx","PolygonBattleRoyale","No","No",0,"","No","ImportAnimation=False; AnimationType=None; AvatarSetup=NoAvatar; HasAvatar=False","Unknown","No imported/embedded animation clips detected"
"SM_Chr_Attach_Female_01","FBX / ModelImporter","Assets/PolygonBattleRoyale/Models/SM_Chr_Attach_Female_01.fbx","PolygonBattleRoyale","No","No",0,"","No","ImportAnimation=False; AnimationType=None; AvatarSetup=NoAvatar; HasAvatar=False","Unknown","No imported/embedded animation clips detected"
"SM_Chr_Attach_Female_02","FBX / ModelImporter","Assets/PolygonBattleRoyale/Models/SM_Chr_Attach_Female_02.fbx","PolygonBattleRoyale","No","No",0,"","No","ImportAnimation=False; AnimationType=None; AvatarSetup=NoAvatar; HasAvatar=False","Unknown","No imported/embedded animation clips detected"
"SM_Chr_Attach_Female_Default_Hair_01","FBX / ModelImporter","Assets/PolygonBattleRoyale/Models/SM_Chr_Attach_Female_Default_Hair_01.fbx","PolygonBattleRoyale","No","No",0,"","No","ImportAnimation=False; AnimationType=None; AvatarSetup=NoAvatar; HasAvatar=False","Unknown","No imported/embedded animation clips detected"
"SM_Chr_Attach_Female_Hair_01","FBX / ModelImporter","Assets/PolygonBattleRoyale/Models/SM_Chr_Attach_Female_Hair_01.fbx","PolygonBattleRoyale","No","No",0,"","No","ImportAnimation=False; AnimationType=None; AvatarSetup=NoAvatar; HasAvatar=False","Unknown","No imported/embedded animation clips detected"
"SM_Chr_Attach_Female_Hair_Pigtails_01","FBX / ModelImporter","Assets/PolygonBattleRoyale/Models/SM_Chr_Attach_Female_Hair_Pigtails_01.fbx","PolygonBattleRoyale","No","No",0,"","No","ImportAnimation=False; AnimationType=None; AvatarSetup=NoAvatar; HasAvatar=False","Unknown","No imported/embedded animation clips detected"
"SM_Chr_Attach_GasMask_01","FBX / ModelImporter","Assets/PolygonBattleRoyale/Models/SM_Chr_Attach_GasMask_01.fbx","PolygonBattleRoyale","No","No",0,"","No","ImportAnimation=False; AnimationType=None; AvatarSetup=NoAvatar; HasAvatar=False","Unknown","No imported/embedded animation clips detected"
"SM_Chr_Attach_Glasses_01","FBX / ModelImporter","Assets/PolygonBattleRoyale/Models/SM_Chr_Attach_Glasses_01.fbx","PolygonBattleRoyale","No","No",0,"","No","ImportAnimation=False; AnimationType=None; AvatarSetup=NoAvatar; HasAvatar=False","Unknown","No imported/embedded animation clips detected"
"SM_Chr_Attach_Hat_Bandana_01","FBX / ModelImporter","Assets/PolygonBattleRoyale/Models/SM_Chr_Attach_Hat_Bandana_01.fbx","PolygonBattleRoyale","No","No",0,"","No","ImportAnimation=False; AnimationType=None; AvatarSetup=NoAvatar; HasAvatar=False","Unknown","No imported/embedded animation clips detected"
"SM_Chr_Attach_Hat_Beanie_01","FBX / ModelImporter","Assets/PolygonBattleRoyale/Models/SM_Chr_Attach_Hat_Beanie_01.fbx","PolygonBattleRoyale","No","No",0,"","No","ImportAnimation=False; AnimationType=None; AvatarSetup=NoAvatar; HasAvatar=False","Unknown","No imported/embedded animation clips detected"
"SM_Chr_Attach_Hat_Beer_01","FBX / ModelImporter","Assets/PolygonBattleRoyale/Models/SM_Chr_Attach_Hat_Beer_01.fbx","PolygonBattleRoyale","No","No",0,"","No","ImportAnimation=False; AnimationType=None; AvatarSetup=NoAvatar; HasAvatar=False","Unknown","No imported/embedded animation clips detected"
"SM_Chr_Attach_Hat_Bunny_01","FBX / ModelImporter","Assets/PolygonBattleRoyale/Models/SM_Chr_Attach_Hat_Bunny_01.fbx","PolygonBattleRoyale","No","No",0,"","No","ImportAnimation=False; AnimationType=None; AvatarSetup=NoAvatar; HasAvatar=False","Unknown","No imported/embedded animation clips detected"
"SM_Chr_Attach_Hat_Cap_01","FBX / ModelImporter","Assets/PolygonBattleRoyale/Models/SM_Chr_Attach_Hat_Cap_01.fbx","PolygonBattleRoyale","No","No",0,"","No","ImportAnimation=False; AnimationType=None; AvatarSetup=NoAvatar; HasAvatar=False","Unknown","No imported/embedded animation clips detected"
"SM_Chr_Attach_Hat_Captian_01","FBX / ModelImporter","Assets/PolygonBattleRoyale/Models/SM_Chr_Attach_Hat_Captian_01.fbx","PolygonBattleRoyale","No","No",0,"","No","ImportAnimation=False; AnimationType=None; AvatarSetup=NoAvatar; HasAvatar=False","Unknown","No imported/embedded animation clips detected"
"SM_Chr_Attach_Hat_Cowboy_01","FBX / ModelImporter","Assets/PolygonBattleRoyale/Models/SM_Chr_Attach_Hat_Cowboy_01.fbx","PolygonBattleRoyale","No","No",0,"","No","ImportAnimation=False; AnimationType=None; AvatarSetup=NoAvatar; HasAvatar=False","Unknown","No imported/embedded animation clips detected"
"SM_Chr_Attach_Hat_Crown_01","FBX / ModelImporter","Assets/PolygonBattleRoyale/Models/SM_Chr_Attach_Hat_Crown_01.fbx","PolygonBattleRoyale","No","No",0,"","No","ImportAnimation=False; AnimationType=None; AvatarSetup=NoAvatar; HasAvatar=False","Unknown","No imported/embedded animation clips detected"
"SM_Chr_Attach_Hat_Cupcake_01","FBX / ModelImporter","Assets/PolygonBattleRoyale/Models/SM_Chr_Attach_Hat_Cupcake_01.fbx","PolygonBattleRoyale","No","No",0,"","No","ImportAnimation=False; AnimationType=None; AvatarSetup=NoAvatar; HasAvatar=False","Unknown","No imported/embedded animation clips detected"
"SM_Chr_Attach_Hat_Elf_01","FBX / ModelImporter","Assets/PolygonBattleRoyale/Models/SM_Chr_Attach_Hat_Elf_01.fbx","PolygonBattleRoyale","No","No",0,"","No","ImportAnimation=False; AnimationType=None; AvatarSetup=NoAvatar; HasAvatar=False","Unknown","No imported/embedded animation clips detected"
"SM_Chr_Attach_Hat_Fez_01","FBX / ModelImporter","Assets/PolygonBattleRoyale/Models/SM_Chr_Attach_Hat_Fez_01.fbx","PolygonBattleRoyale","No","No",0,"","No","ImportAnimation=False; AnimationType=None; AvatarSetup=NoAvatar; HasAvatar=False","Unknown","No imported/embedded animation clips detected"
"SM_Chr_Attach_Hat_FlatTop_01","FBX / ModelImporter","Assets/PolygonBattleRoyale/Models/SM_Chr_Attach_Hat_FlatTop_01.fbx","PolygonBattleRoyale","No","No",0,"","No","ImportAnimation=False; AnimationType=None; AvatarSetup=NoAvatar; HasAvatar=False","Unknown","No imported/embedded animation clips detected"
"SM_Chr_Attach_Hat_Football_01","FBX / ModelImporter","Assets/PolygonBattleRoyale/Models/SM_Chr_Attach_Hat_Football_01.fbx","PolygonBattleRoyale","No","No",0,"","No","ImportAnimation=False; AnimationType=None; AvatarSetup=NoAvatar; HasAvatar=False","Unknown","No imported/embedded animation clips detected"
"SM_Chr_Attach_Hat_IceCream_01","FBX / ModelImporter","Assets/PolygonBattleRoyale/Models/SM_Chr_Attach_Hat_IceCream_01.fbx","PolygonBattleRoyale","No","No",0,"","No","ImportAnimation=False; AnimationType=None; AvatarSetup=NoAvatar; HasAvatar=False","Unknown","No imported/embedded animation clips detected"
"SM_Chr_Attach_Hat_Irish_01","FBX / ModelImporter","Assets/PolygonBattleRoyale/Models/SM_Chr_Attach_Hat_Irish_01.fbx","PolygonBattleRoyale","No","No",0,"","No","ImportAnimation=False; AnimationType=None; AvatarSetup=NoAvatar; HasAvatar=False","Unknown","No imported/embedded animation clips detected"
"SM_Chr_Attach_Hat_Knight_01","FBX / ModelImporter","Assets/PolygonBattleRoyale/Models/SM_Chr_Attach_Hat_Knight_01.fbx","PolygonBattleRoyale","No","No",0,"","No","ImportAnimation=False; AnimationType=None; AvatarSetup=NoAvatar; HasAvatar=False","Unknown","No imported/embedded animation clips detected"
"SM_Chr_Attach_Hat_Mexican_01","FBX / ModelImporter","Assets/PolygonBattleRoyale/Models/SM_Chr_Attach_Hat_Mexican_01.fbx","PolygonBattleRoyale","No","No",0,"","No","ImportAnimation=False; AnimationType=None; AvatarSetup=NoAvatar; HasAvatar=False","Unknown","No imported/embedded animation clips detected"
"SM_Chr_Attach_Hat_Mil_01","FBX / ModelImporter","Assets/PolygonBattleRoyale/Models/SM_Chr_Attach_Hat_Mil_01.fbx","PolygonBattleRoyale","No","No",0,"","No","ImportAnimation=False; AnimationType=None; AvatarSetup=NoAvatar; HasAvatar=False","Unknown","No imported/embedded animation clips detected"
"SM_Chr_Attach_Hat_Party_01","FBX / ModelImporter","Assets/PolygonBattleRoyale/Models/SM_Chr_Attach_Hat_Party_01.fbx","PolygonBattleRoyale","No","No",0,"","No","ImportAnimation=False; AnimationType=None; AvatarSetup=NoAvatar; HasAvatar=False","Unknown","No imported/embedded animation clips detected"
"SM_Chr_Attach_Hat_Pot_01","FBX / ModelImporter","Assets/PolygonBattleRoyale/Models/SM_Chr_Attach_Hat_Pot_01.fbx","PolygonBattleRoyale","No","No",0,"","No","ImportAnimation=False; AnimationType=None; AvatarSetup=NoAvatar; HasAvatar=False","Unknown","No imported/embedded animation clips detected"
"SM_Chr_Attach_Hat_Racoon_01","FBX / ModelImporter","Assets/PolygonBattleRoyale/Models/SM_Chr_Attach_Hat_Racoon_01.fbx","PolygonBattleRoyale","No","No",0,"","No","ImportAnimation=False; AnimationType=None; AvatarSetup=NoAvatar; HasAvatar=False","Unknown","No imported/embedded animation clips detected"
"SM_Chr_Attach_Hat_Roadcone_01","FBX / ModelImporter","Assets/PolygonBattleRoyale/Models/SM_Chr_Attach_Hat_Roadcone_01.fbx","PolygonBattleRoyale","No","No",0,"","No","ImportAnimation=False; AnimationType=None; AvatarSetup=NoAvatar; HasAvatar=False","Unknown","No imported/embedded animation clips detected"
"SM_Chr_Attach_Hat_Roman_01","FBX / ModelImporter","Assets/PolygonBattleRoyale/Models/SM_Chr_Attach_Hat_Roman_01.fbx","PolygonBattleRoyale","No","No",0,"","No","ImportAnimation=False; AnimationType=None; AvatarSetup=NoAvatar; HasAvatar=False","Unknown","No imported/embedded animation clips detected"
"SM_Chr_Attach_Hat_Samurai_01","FBX / ModelImporter","Assets/PolygonBattleRoyale/Models/SM_Chr_Attach_Hat_Samurai_01.fbx","PolygonBattleRoyale","No","No",0,"","No","ImportAnimation=False; AnimationType=None; AvatarSetup=NoAvatar; HasAvatar=False","Unknown","No imported/embedded animation clips detected"
"SM_Chr_Attach_Hat_Shark_01","FBX / ModelImporter","Assets/PolygonBattleRoyale/Models/SM_Chr_Attach_Hat_Shark_01.fbx","PolygonBattleRoyale","No","No",0,"","No","ImportAnimation=False; AnimationType=None; AvatarSetup=NoAvatar; HasAvatar=False","Unknown","No imported/embedded animation clips detected"
"SM_Chr_Attach_Hat_Squid_01","FBX / ModelImporter","Assets/PolygonBattleRoyale/Models/SM_Chr_Attach_Hat_Squid_01.fbx","PolygonBattleRoyale","No","No",0,"","No","ImportAnimation=False; AnimationType=None; AvatarSetup=NoAvatar; HasAvatar=False","Unknown","No imported/embedded animation clips detected"
"SM_Chr_Attach_Hat_Tacticle_01","FBX / ModelImporter","Assets/PolygonBattleRoyale/Models/SM_Chr_Attach_Hat_Tacticle_01.fbx","PolygonBattleRoyale","No","No",0,"","No","ImportAnimation=False; AnimationType=None; AvatarSetup=NoAvatar; HasAvatar=False","Unknown","No imported/embedded animation clips detected"
"SM_Chr_Attach_Hat_Turban_01","FBX / ModelImporter","Assets/PolygonBattleRoyale/Models/SM_Chr_Attach_Hat_Turban_01.fbx","PolygonBattleRoyale","No","No",0,"","No","ImportAnimation=False; AnimationType=None; AvatarSetup=NoAvatar; HasAvatar=False","Unknown","No imported/embedded animation clips detected"
"SM_Chr_Attach_Hat_Unicorn_01","FBX / ModelImporter","Assets/PolygonBattleRoyale/Models/SM_Chr_Attach_Hat_Unicorn_01.fbx","PolygonBattleRoyale","No","No",0,"","No","ImportAnimation=False; AnimationType=None; AvatarSetup=NoAvatar; HasAvatar=False","Unknown","No imported/embedded animation clips detected"
"SM_Chr_Attach_Male_Default_Hair_01","FBX / ModelImporter","Assets/PolygonBattleRoyale/Models/SM_Chr_Attach_Male_Default_Hair_01.fbx","PolygonBattleRoyale","No","No",0,"","No","ImportAnimation=False; AnimationType=None; AvatarSetup=NoAvatar; HasAvatar=False","Unknown","No imported/embedded animation clips detected"
"SM_Chr_Attach_Male_Hair_01","FBX / ModelImporter","Assets/PolygonBattleRoyale/Models/SM_Chr_Attach_Male_Hair_01.fbx","PolygonBattleRoyale","No","No",0,"","No","ImportAnimation=False; AnimationType=None; AvatarSetup=NoAvatar; HasAvatar=False","Unknown","No imported/embedded animation clips detected"
"SM_Chr_Attach_Male_Hair_02","FBX / ModelImporter","Assets/PolygonBattleRoyale/Models/SM_Chr_Attach_Male_Hair_02.fbx","PolygonBattleRoyale","No","No",0,"","No","ImportAnimation=False; AnimationType=None; AvatarSetup=NoAvatar; HasAvatar=False","Unknown","No imported/embedded animation clips detected"
"SM_Chr_Attach_Male_Hair_03","FBX / ModelImporter","Assets/PolygonBattleRoyale/Models/SM_Chr_Attach_Male_Hair_03.fbx","PolygonBattleRoyale","No","No",0,"","No","ImportAnimation=False; AnimationType=None; AvatarSetup=NoAvatar; HasAvatar=False","Unknown","No imported/embedded animation clips detected"
"SM_Chr_Attach_Male_Hair_04","FBX / ModelImporter","Assets/PolygonBattleRoyale/Models/SM_Chr_Attach_Male_Hair_04.fbx","PolygonBattleRoyale","No","No",0,"","No","ImportAnimation=False; AnimationType=None; AvatarSetup=NoAvatar; HasAvatar=False","Unknown","No imported/embedded animation clips detected"
"SM_Chr_Attach_Male_Hair_05","FBX / ModelImporter","Assets/PolygonBattleRoyale/Models/SM_Chr_Attach_Male_Hair_05.fbx","PolygonBattleRoyale","No","No",0,"","No","ImportAnimation=False; AnimationType=None; AvatarSetup=NoAvatar; HasAvatar=False","Unknown","No imported/embedded animation clips detected"
"SM_Chr_Attach_Male_Hair_06","FBX / ModelImporter","Assets/PolygonBattleRoyale/Models/SM_Chr_Attach_Male_Hair_06.fbx","PolygonBattleRoyale","No","No",0,"","No","ImportAnimation=False; AnimationType=None; AvatarSetup=NoAvatar; HasAvatar=False","Unknown","No imported/embedded animation clips detected"
"SM_Chr_Attach_Male_Hair_07","FBX / ModelImporter","Assets/PolygonBattleRoyale/Models/SM_Chr_Attach_Male_Hair_07.fbx","PolygonBattleRoyale","No","No",0,"","No","ImportAnimation=False; AnimationType=None; AvatarSetup=NoAvatar; HasAvatar=False","Unknown","No imported/embedded animation clips detected"
"SM_Chr_Attach_Pouch_01","FBX / ModelImporter","Assets/PolygonBattleRoyale/Models/SM_Chr_Attach_Pouch_01.fbx","PolygonBattleRoyale","No","No",0,"","No","ImportAnimation=False; AnimationType=None; AvatarSetup=NoAvatar; HasAvatar=False","Unknown","No imported/embedded animation clips detected"
"SM_Chr_Attach_Pouch_02","FBX / ModelImporter","Assets/PolygonBattleRoyale/Models/SM_Chr_Attach_Pouch_02.fbx","PolygonBattleRoyale","No","No",0,"","No","ImportAnimation=False; AnimationType=None; AvatarSetup=NoAvatar; HasAvatar=False","Unknown","No imported/embedded animation clips detected"
"SM_Chr_Attach_Pouch_03","FBX / ModelImporter","Assets/PolygonBattleRoyale/Models/SM_Chr_Attach_Pouch_03.fbx","PolygonBattleRoyale","No","No",0,"","No","ImportAnimation=False; AnimationType=None; AvatarSetup=NoAvatar; HasAvatar=False","Unknown","No imported/embedded animation clips detected"
"SM_Chr_Attach_Pouch_04","FBX / ModelImporter","Assets/PolygonBattleRoyale/Models/SM_Chr_Attach_Pouch_04.fbx","PolygonBattleRoyale","No","No",0,"","No","ImportAnimation=False; AnimationType=None; AvatarSetup=NoAvatar; HasAvatar=False","Unknown","No imported/embedded animation clips detected"
"SM_Chr_Attach_Pouch_05","FBX / ModelImporter","Assets/PolygonBattleRoyale/Models/SM_Chr_Attach_Pouch_05.fbx","PolygonBattleRoyale","No","No",0,"","No","ImportAnimation=False; AnimationType=None; AvatarSetup=NoAvatar; HasAvatar=False","Unknown","No imported/embedded animation clips detected"
"SM_Chr_Attach_Pouch_06","FBX / ModelImporter","Assets/PolygonBattleRoyale/Models/SM_Chr_Attach_Pouch_06.fbx","PolygonBattleRoyale","No","No",0,"","No","ImportAnimation=False; AnimationType=None; AvatarSetup=NoAvatar; HasAvatar=False","Unknown","No imported/embedded animation clips detected"
"SM_Chr_Attach_Pouch_07","FBX / ModelImporter","Assets/PolygonBattleRoyale/Models/SM_Chr_Attach_Pouch_07.fbx","PolygonBattleRoyale","No","No",0,"","No","ImportAnimation=False; AnimationType=None; AvatarSetup=NoAvatar; HasAvatar=False","Unknown","No imported/embedded animation clips detected"
"SM_Chr_Attach_Pouch_08","FBX / ModelImporter","Assets/PolygonBattleRoyale/Models/SM_Chr_Attach_Pouch_08.fbx","PolygonBattleRoyale","No","No",0,"","No","ImportAnimation=False; AnimationType=None; AvatarSetup=NoAvatar; HasAvatar=False","Unknown","No imported/embedded animation clips detected"
"SM_Chr_Attach_Scarf_01","FBX / ModelImporter","Assets/PolygonBattleRoyale/Models/SM_Chr_Attach_Scarf_01.fbx","PolygonBattleRoyale","No","No",0,"","No","ImportAnimation=False; AnimationType=None; AvatarSetup=NoAvatar; HasAvatar=False","Unknown","No imported/embedded animation clips detected"
"SM_Chr_Attach_Scarf_02","FBX / ModelImporter","Assets/PolygonBattleRoyale/Models/SM_Chr_Attach_Scarf_02.fbx","PolygonBattleRoyale","No","No",0,"","No","ImportAnimation=False; AnimationType=None; AvatarSetup=NoAvatar; HasAvatar=False","Unknown","No imported/embedded animation clips detected"
"SM_Chr_Patch_Flag_01","FBX / ModelImporter","Assets/PolygonBattleRoyale/Models/SM_Chr_Patch_Flag_01.fbx","PolygonBattleRoyale","No","No",0,"","No","ImportAnimation=False; AnimationType=None; AvatarSetup=NoAvatar; HasAvatar=False","Unknown","No imported/embedded animation clips detected"
"SM_Chr_Patch_Leaf_01","FBX / ModelImporter","Assets/PolygonBattleRoyale/Models/SM_Chr_Patch_Leaf_01.fbx","PolygonBattleRoyale","No","No",0,"","No","ImportAnimation=False; AnimationType=None; AvatarSetup=NoAvatar; HasAvatar=False","Unknown","No imported/embedded animation clips detected"
"SM_Chr_Patch_Medic_01","FBX / ModelImporter","Assets/PolygonBattleRoyale/Models/SM_Chr_Patch_Medic_01.fbx","PolygonBattleRoyale","No","No",0,"","No","ImportAnimation=False; AnimationType=None; AvatarSetup=NoAvatar; HasAvatar=False","Unknown","No imported/embedded animation clips detected"
"SM_Chr_Patch_Medic_02","FBX / ModelImporter","Assets/PolygonBattleRoyale/Models/SM_Chr_Patch_Medic_02.fbx","PolygonBattleRoyale","No","No",0,"","No","ImportAnimation=False; AnimationType=None; AvatarSetup=NoAvatar; HasAvatar=False","Unknown","No imported/embedded animation clips detected"
"SM_Chr_Patch_Rank_01","FBX / ModelImporter","Assets/PolygonBattleRoyale/Models/SM_Chr_Patch_Rank_01.fbx","PolygonBattleRoyale","No","No",0,"","No","ImportAnimation=False; AnimationType=None; AvatarSetup=NoAvatar; HasAvatar=False","Unknown","No imported/embedded animation clips detected"
"SM_Chr_Patch_Rank_02","FBX / ModelImporter","Assets/PolygonBattleRoyale/Models/SM_Chr_Patch_Rank_02.fbx","PolygonBattleRoyale","No","No",0,"","No","ImportAnimation=False; AnimationType=None; AvatarSetup=NoAvatar; HasAvatar=False","Unknown","No imported/embedded animation clips detected"
"SM_Chr_Patch_Rank_03","FBX / ModelImporter","Assets/PolygonBattleRoyale/Models/SM_Chr_Patch_Rank_03.fbx","PolygonBattleRoyale","No","No",0,"","No","ImportAnimation=False; AnimationType=None; AvatarSetup=NoAvatar; HasAvatar=False","Unknown","No imported/embedded animation clips detected"
"SM_Chr_Patch_Star_01","FBX / ModelImporter","Assets/PolygonBattleRoyale/Models/SM_Chr_Patch_Star_01.fbx","PolygonBattleRoyale","No","No",0,"","No","ImportAnimation=False; AnimationType=None; AvatarSetup=NoAvatar; HasAvatar=False","Unknown","No imported/embedded animation clips detected"
"SM_Chr_Patch_Star_02","FBX / ModelImporter","Assets/PolygonBattleRoyale/Models/SM_Chr_Patch_Star_02.fbx","PolygonBattleRoyale","No","No",0,"","No","ImportAnimation=False; AnimationType=None; AvatarSetup=NoAvatar; HasAvatar=False","Unknown","No imported/embedded animation clips detected"
"SM_Env_Beach_01","FBX / ModelImporter","Assets/PolygonBattleRoyale/Models/SM_Env_Beach_01.fbx","PolygonBattleRoyale","No","No",0,"","No","ImportAnimation=False; AnimationType=None; AvatarSetup=NoAvatar; HasAvatar=False","Unknown","No imported/embedded animation clips detected"
"SM_Env_Beach_Staight_01","FBX / ModelImporter","Assets/PolygonBattleRoyale/Models/SM_Env_Beach_Staight_01.fbx","PolygonBattleRoyale","No","No",0,"","No","ImportAnimation=False; AnimationType=None; AvatarSetup=NoAvatar; HasAvatar=False","Unknown","No imported/embedded animation clips detected"
"SM_Env_Beach_Staight_02","FBX / ModelImporter","Assets/PolygonBattleRoyale/Models/SM_Env_Beach_Staight_02.fbx","PolygonBattleRoyale","No","No",0,"","No","ImportAnimation=False; AnimationType=None; AvatarSetup=NoAvatar; HasAvatar=False","Unknown","No imported/embedded animation clips detected"
"SM_Env_Bridge_01","FBX / ModelImporter","Assets/PolygonBattleRoyale/Models/SM_Env_Bridge_01.fbx","PolygonBattleRoyale","No","No",0,"","No","ImportAnimation=False; AnimationType=None; AvatarSetup=NoAvatar; HasAvatar=False","Unknown","No imported/embedded animation clips detected"
"SM_Env_Bridge_02","FBX / ModelImporter","Assets/PolygonBattleRoyale/Models/SM_Env_Bridge_02.fbx","PolygonBattleRoyale","No","No",0,"","No","ImportAnimation=False; AnimationType=None; AvatarSetup=NoAvatar; HasAvatar=False","Unknown","No imported/embedded animation clips detected"
"SM_Env_Bridge_Broken_01","FBX / ModelImporter","Assets/PolygonBattleRoyale/Models/SM_Env_Bridge_Broken_01.fbx","PolygonBattleRoyale","No","No",0,"","No","ImportAnimation=False; AnimationType=None; AvatarSetup=NoAvatar; HasAvatar=False","Unknown","No imported/embedded animation clips detected"
"SM_Env_Bridge_Support_01","FBX / ModelImporter","Assets/PolygonBattleRoyale/Models/SM_Env_Bridge_Support_01.fbx","PolygonBattleRoyale","No","No",0,"","No","ImportAnimation=False; AnimationType=None; AvatarSetup=NoAvatar; HasAvatar=False","Unknown","No imported/embedded animation clips detected"
"SM_Env_Bush_01","FBX / ModelImporter","Assets/PolygonBattleRoyale/Models/SM_Env_Bush_01.fbx","PolygonBattleRoyale","No","No",0,"","No","ImportAnimation=False; AnimationType=None; AvatarSetup=NoAvatar; HasAvatar=False","Unknown","No imported/embedded animation clips detected"
"SM_Env_Bush_02","FBX / ModelImporter","Assets/PolygonBattleRoyale/Models/SM_Env_Bush_02.fbx","PolygonBattleRoyale","No","No",0,"","No","ImportAnimation=False; AnimationType=None; AvatarSetup=NoAvatar; HasAvatar=False","Unknown","No imported/embedded animation clips detected"
"SM_Env_Bush_03","FBX / ModelImporter","Assets/PolygonBattleRoyale/Models/SM_Env_Bush_03.fbx","PolygonBattleRoyale","No","No",0,"","No","ImportAnimation=False; AnimationType=None; AvatarSetup=NoAvatar; HasAvatar=False","Unknown","No imported/embedded animation clips detected"
"SM_Env_Bush_04","FBX / ModelImporter","Assets/PolygonBattleRoyale/Models/SM_Env_Bush_04.fbx","PolygonBattleRoyale","No","No",0,"","No","ImportAnimation=False; AnimationType=None; AvatarSetup=NoAvatar; HasAvatar=False","Unknown","No imported/embedded animation clips detected"
"SM_Env_Concrete_Base_01","FBX / ModelImporter","Assets/PolygonBattleRoyale/Models/SM_Env_Concrete_Base_01.fbx","PolygonBattleRoyale","No","No",0,"","No","ImportAnimation=False; AnimationType=None; AvatarSetup=NoAvatar; HasAvatar=False","Unknown","No imported/embedded animation clips detected"
"SM_Env_DirtRoad_End_01","FBX / ModelImporter","Assets/PolygonBattleRoyale/Models/SM_Env_DirtRoad_End_01.fbx","PolygonBattleRoyale","No","No",0,"","No","ImportAnimation=False; AnimationType=None; AvatarSetup=NoAvatar; HasAvatar=False","Unknown","No imported/embedded animation clips detected"
"SM_Env_DirtRoad_Straight_01","FBX / ModelImporter","Assets/PolygonBattleRoyale/Models/SM_Env_DirtRoad_Straight_01.fbx","PolygonBattleRoyale","No","No",0,"","No","ImportAnimation=False; AnimationType=None; AvatarSetup=NoAvatar; HasAvatar=False","Unknown","No imported/embedded animation clips detected"
"SM_Env_Dock_01","FBX / ModelImporter","Assets/PolygonBattleRoyale/Models/SM_Env_Dock_01.fbx","PolygonBattleRoyale","No","No",0,"","No","ImportAnimation=False; AnimationType=None; AvatarSetup=NoAvatar; HasAvatar=False","Unknown","No imported/embedded animation clips detected"
"SM_Env_Dock_Poles_01","FBX / ModelImporter","Assets/PolygonBattleRoyale/Models/SM_Env_Dock_Poles_01.fbx","PolygonBattleRoyale","No","No",0,"","No","ImportAnimation=False; AnimationType=None; AvatarSetup=NoAvatar; HasAvatar=False","Unknown","No imported/embedded animation clips detected"
"SM_Env_Grass_Circle_01","FBX / ModelImporter","Assets/PolygonBattleRoyale/Models/SM_Env_Grass_Circle_01.fbx","PolygonBattleRoyale","No","No",0,"","No","ImportAnimation=False; AnimationType=None; AvatarSetup=NoAvatar; HasAvatar=False","Unknown","No imported/embedded animation clips detected"
"SM_Env_Grass_Circle_02","FBX / ModelImporter","Assets/PolygonBattleRoyale/Models/SM_Env_Grass_Circle_02.fbx","PolygonBattleRoyale","No","No",0,"","No","ImportAnimation=False; AnimationType=None; AvatarSetup=NoAvatar; HasAvatar=False","Unknown","No imported/embedded animation clips detected"
"SM_Env_Grass_Square_01","FBX / ModelImporter","Assets/PolygonBattleRoyale/Models/SM_Env_Grass_Square_01.fbx","PolygonBattleRoyale","No","No",0,"","No","ImportAnimation=False; AnimationType=None; AvatarSetup=NoAvatar; HasAvatar=False","Unknown","No imported/embedded animation clips detected"
"SM_Env_Port_Boat_Tie_01","FBX / ModelImporter","Assets/PolygonBattleRoyale/Models/SM_Env_Port_Boat_Tie_01.fbx","PolygonBattleRoyale","No","No",0,"","No","ImportAnimation=False; AnimationType=None; AvatarSetup=NoAvatar; HasAvatar=False","Unknown","No imported/embedded animation clips detected"
"SM_Env_Port_Concrete_Slab_01","FBX / ModelImporter","Assets/PolygonBattleRoyale/Models/SM_Env_Port_Concrete_Slab_01.fbx","PolygonBattleRoyale","No","No",0,"","No","ImportAnimation=False; AnimationType=None; AvatarSetup=NoAvatar; HasAvatar=False","Unknown","No imported/embedded animation clips detected"
"SM_Env_Port_Wall_01","FBX / ModelImporter","Assets/PolygonBattleRoyale/Models/SM_Env_Port_Wall_01.fbx","PolygonBattleRoyale","No","No",0,"","No","ImportAnimation=False; AnimationType=None; AvatarSetup=NoAvatar; HasAvatar=False","Unknown","No imported/embedded animation clips detected"
"SM_Env_Port_Wall_02","FBX / ModelImporter","Assets/PolygonBattleRoyale/Models/SM_Env_Port_Wall_02.fbx","PolygonBattleRoyale","No","No",0,"","No","ImportAnimation=False; AnimationType=None; AvatarSetup=NoAvatar; HasAvatar=False","Unknown","No imported/embedded animation clips detected"
"SM_Env_Port_Wall_Corner_01","FBX / ModelImporter","Assets/PolygonBattleRoyale/Models/SM_Env_Port_Wall_Corner_01.fbx","PolygonBattleRoyale","No","No",0,"","No","ImportAnimation=False; AnimationType=None; AvatarSetup=NoAvatar; HasAvatar=False","Unknown","No imported/embedded animation clips detected"
"SM_Env_Road_Corner_01","FBX / ModelImporter","Assets/PolygonBattleRoyale/Models/SM_Env_Road_Corner_01.fbx","PolygonBattleRoyale","No","No",0,"","No","ImportAnimation=False; AnimationType=None; AvatarSetup=NoAvatar; HasAvatar=False","Unknown","No imported/embedded animation clips detected"
"SM_Env_Road_Corner_02","FBX / ModelImporter","Assets/PolygonBattleRoyale/Models/SM_Env_Road_Corner_02.fbx","PolygonBattleRoyale","No","No",0,"","No","ImportAnimation=False; AnimationType=None; AvatarSetup=NoAvatar; HasAvatar=False","Unknown","No imported/embedded animation clips detected"
"SM_Env_Road_Cross_01","FBX / ModelImporter","Assets/PolygonBattleRoyale/Models/SM_Env_Road_Cross_01.fbx","PolygonBattleRoyale","No","No",0,"","No","ImportAnimation=False; AnimationType=None; AvatarSetup=NoAvatar; HasAvatar=False","Unknown","No imported/embedded animation clips detected"
"SM_Env_Road_Straight_01","FBX / ModelImporter","Assets/PolygonBattleRoyale/Models/SM_Env_Road_Straight_01.fbx","PolygonBattleRoyale","No","No",0,"","No","ImportAnimation=False; AnimationType=None; AvatarSetup=NoAvatar; HasAvatar=False","Unknown","No imported/embedded animation clips detected"
"SM_Env_Road_Straight_02","FBX / ModelImporter","Assets/PolygonBattleRoyale/Models/SM_Env_Road_Straight_02.fbx","PolygonBattleRoyale","No","No",0,"","No","ImportAnimation=False; AnimationType=None; AvatarSetup=NoAvatar; HasAvatar=False","Unknown","No imported/embedded animation clips detected"
"SM_Env_Road_Straight_03","FBX / ModelImporter","Assets/PolygonBattleRoyale/Models/SM_Env_Road_Straight_03.fbx","PolygonBattleRoyale","No","No",0,"","No","ImportAnimation=False; AnimationType=None; AvatarSetup=NoAvatar; HasAvatar=False","Unknown","No imported/embedded animation clips detected"
"SM_Env_Road_Straight_Damaged_01","FBX / ModelImporter","Assets/PolygonBattleRoyale/Models/SM_Env_Road_Straight_Damaged_01.fbx","PolygonBattleRoyale","No","No",0,"","No","ImportAnimation=False; AnimationType=None; AvatarSetup=NoAvatar; HasAvatar=False","Hit","No imported/embedded animation clips detected"
"SM_Env_Road_Straight_Damaged_02","FBX / ModelImporter","Assets/PolygonBattleRoyale/Models/SM_Env_Road_Straight_Damaged_02.fbx","PolygonBattleRoyale","No","No",0,"","No","ImportAnimation=False; AnimationType=None; AvatarSetup=NoAvatar; HasAvatar=False","Hit","No imported/embedded animation clips detected"
"SM_Env_Road_Straight_Damaged_03","FBX / ModelImporter","Assets/PolygonBattleRoyale/Models/SM_Env_Road_Straight_Damaged_03.fbx","PolygonBattleRoyale","No","No",0,"","No","ImportAnimation=False; AnimationType=None; AvatarSetup=NoAvatar; HasAvatar=False","Hit","No imported/embedded animation clips detected"
"SM_Env_Road_Straight_End_01","FBX / ModelImporter","Assets/PolygonBattleRoyale/Models/SM_Env_Road_Straight_End_01.fbx","PolygonBattleRoyale","No","No",0,"","No","ImportAnimation=False; AnimationType=None; AvatarSetup=NoAvatar; HasAvatar=False","Unknown","No imported/embedded animation clips detected"
"SM_Env_Road_T_01","FBX / ModelImporter","Assets/PolygonBattleRoyale/Models/SM_Env_Road_T_01.fbx","PolygonBattleRoyale","No","No",0,"","No","ImportAnimation=False; AnimationType=None; AvatarSetup=NoAvatar; HasAvatar=False","Unknown","No imported/embedded animation clips detected"
"SM_Env_Rock_01","FBX / ModelImporter","Assets/PolygonBattleRoyale/Models/SM_Env_Rock_01.fbx","PolygonBattleRoyale","No","No",0,"","No","ImportAnimation=False; AnimationType=None; AvatarSetup=NoAvatar; HasAvatar=False","Unknown","No imported/embedded animation clips detected"
"SM_Env_Rock_02","FBX / ModelImporter","Assets/PolygonBattleRoyale/Models/SM_Env_Rock_02.fbx","PolygonBattleRoyale","No","No",0,"","No","ImportAnimation=False; AnimationType=None; AvatarSetup=NoAvatar; HasAvatar=False","Unknown","No imported/embedded animation clips detected"
"SM_Env_Rubble_Pebbles_01","FBX / ModelImporter","Assets/PolygonBattleRoyale/Models/SM_Env_Rubble_Pebbles_01.fbx","PolygonBattleRoyale","No","No",0,"","No","ImportAnimation=False; AnimationType=None; AvatarSetup=NoAvatar; HasAvatar=False","Unknown","No imported/embedded animation clips detected"
"SM_Env_Rubble_Pebbles_02","FBX / ModelImporter","Assets/PolygonBattleRoyale/Models/SM_Env_Rubble_Pebbles_02.fbx","PolygonBattleRoyale","No","No",0,"","No","ImportAnimation=False; AnimationType=None; AvatarSetup=NoAvatar; HasAvatar=False","Unknown","No imported/embedded animation clips detected"
"SM_Env_Rubble_Pebbles_03","FBX / ModelImporter","Assets/PolygonBattleRoyale/Models/SM_Env_Rubble_Pebbles_03.fbx","PolygonBattleRoyale","No","No",0,"","No","ImportAnimation=False; AnimationType=None; AvatarSetup=NoAvatar; HasAvatar=False","Unknown","No imported/embedded animation clips detected"
"SM_Env_Rubble_Pile_01","FBX / ModelImporter","Assets/PolygonBattleRoyale/Models/SM_Env_Rubble_Pile_01.fbx","PolygonBattleRoyale","No","No",0,"","No","ImportAnimation=False; AnimationType=None; AvatarSetup=NoAvatar; HasAvatar=False","Unknown","No imported/embedded animation clips detected"
"SM_Env_Rubble_Pile_02","FBX / ModelImporter","Assets/PolygonBattleRoyale/Models/SM_Env_Rubble_Pile_02.fbx","PolygonBattleRoyale","No","No",0,"","No","ImportAnimation=False; AnimationType=None; AvatarSetup=NoAvatar; HasAvatar=False","Unknown","No imported/embedded animation clips detected"
"SM_Env_Rubble_Plank_01","FBX / ModelImporter","Assets/PolygonBattleRoyale/Models/SM_Env_Rubble_Plank_01.fbx","PolygonBattleRoyale","No","No",0,"","No","ImportAnimation=False; AnimationType=None; AvatarSetup=NoAvatar; HasAvatar=False","Unknown","No imported/embedded animation clips detected"
"SM_Env_Rubble_Plank_02","FBX / ModelImporter","Assets/PolygonBattleRoyale/Models/SM_Env_Rubble_Plank_02.fbx","PolygonBattleRoyale","No","No",0,"","No","ImportAnimation=False; AnimationType=None; AvatarSetup=NoAvatar; HasAvatar=False","Unknown","No imported/embedded animation clips detected"
"SM_Env_Rubble_Plank_03","FBX / ModelImporter","Assets/PolygonBattleRoyale/Models/SM_Env_Rubble_Plank_03.fbx","PolygonBattleRoyale","No","No",0,"","No","ImportAnimation=False; AnimationType=None; AvatarSetup=NoAvatar; HasAvatar=False","Unknown","No imported/embedded animation clips detected"
"SM_Env_Rubble_Stone_01","FBX / ModelImporter","Assets/PolygonBattleRoyale/Models/SM_Env_Rubble_Stone_01.fbx","PolygonBattleRoyale","No","No",0,"","No","ImportAnimation=False; AnimationType=None; AvatarSetup=NoAvatar; HasAvatar=False","Unknown","No imported/embedded animation clips detected"
"SM_Env_Rubble_Stone_02","FBX / ModelImporter","Assets/PolygonBattleRoyale/Models/SM_Env_Rubble_Stone_02.fbx","PolygonBattleRoyale","No","No",0,"","No","ImportAnimation=False; AnimationType=None; AvatarSetup=NoAvatar; HasAvatar=False","Unknown","No imported/embedded animation clips detected"
"SM_Generic_Cloud_01","FBX / ModelImporter","Assets/PolygonBattleRoyale/Models/SM_Generic_Cloud_01.fbx","PolygonBattleRoyale","No","No",0,"","No","ImportAnimation=False; AnimationType=None; AvatarSetup=NoAvatar; HasAvatar=False","Unknown","No imported/embedded animation clips detected"
"SM_Generic_Cloud_02","FBX / ModelImporter","Assets/PolygonBattleRoyale/Models/SM_Generic_Cloud_02.fbx","PolygonBattleRoyale","No","No",0,"","No","ImportAnimation=False; AnimationType=None; AvatarSetup=NoAvatar; HasAvatar=False","Unknown","No imported/embedded animation clips detected"
"SM_Generic_Cloud_03","FBX / ModelImporter","Assets/PolygonBattleRoyale/Models/SM_Generic_Cloud_03.fbx","PolygonBattleRoyale","No","No",0,"","No","ImportAnimation=False; AnimationType=None; AvatarSetup=NoAvatar; HasAvatar=False","Unknown","No imported/embedded animation clips detected"
"SM_Generic_Cloud_04","FBX / ModelImporter","Assets/PolygonBattleRoyale/Models/SM_Generic_Cloud_04.fbx","PolygonBattleRoyale","No","No",0,"","No","ImportAnimation=False; AnimationType=None; AvatarSetup=NoAvatar; HasAvatar=False","Unknown","No imported/embedded animation clips detected"
"SM_Generic_Mountains_Grass_01","FBX / ModelImporter","Assets/PolygonBattleRoyale/Models/SM_Generic_Mountains_Grass_01.fbx","PolygonBattleRoyale","No","No",0,"","No","ImportAnimation=False; AnimationType=None; AvatarSetup=NoAvatar; HasAvatar=False","Unknown","No imported/embedded animation clips detected"
"SM_Generic_Mountains_Grass_02","FBX / ModelImporter","Assets/PolygonBattleRoyale/Models/SM_Generic_Mountains_Grass_02.fbx","PolygonBattleRoyale","No","No",0,"","No","ImportAnimation=False; AnimationType=None; AvatarSetup=NoAvatar; HasAvatar=False","Unknown","No imported/embedded animation clips detected"
"SM_Generic_Mountains_Snow_01","FBX / ModelImporter","Assets/PolygonBattleRoyale/Models/SM_Generic_Mountains_Snow_01.fbx","PolygonBattleRoyale","No","No",0,"","No","ImportAnimation=False; AnimationType=None; AvatarSetup=NoAvatar; HasAvatar=False","Unknown","No imported/embedded animation clips detected"
"SM_Generic_Mountains_Soft_01","FBX / ModelImporter","Assets/PolygonBattleRoyale/Models/SM_Generic_Mountains_Soft_01.fbx","PolygonBattleRoyale","No","No",0,"","No","ImportAnimation=False; AnimationType=None; AvatarSetup=NoAvatar; HasAvatar=False","Unknown","No imported/embedded animation clips detected"
"SM_Generic_Small_Rocks_01","FBX / ModelImporter","Assets/PolygonBattleRoyale/Models/SM_Generic_Small_Rocks_01.fbx","PolygonBattleRoyale","No","No",0,"","No","ImportAnimation=False; AnimationType=None; AvatarSetup=NoAvatar; HasAvatar=False","Unknown","No imported/embedded animation clips detected"
"SM_Generic_Small_Rocks_02","FBX / ModelImporter","Assets/PolygonBattleRoyale/Models/SM_Generic_Small_Rocks_02.fbx","PolygonBattleRoyale","No","No",0,"","No","ImportAnimation=False; AnimationType=None; AvatarSetup=NoAvatar; HasAvatar=False","Unknown","No imported/embedded animation clips detected"
"SM_Generic_Tree_01","FBX / ModelImporter","Assets/PolygonBattleRoyale/Models/SM_Generic_Tree_01.fbx","PolygonBattleRoyale","No","No",0,"","No","ImportAnimation=False; AnimationType=None; AvatarSetup=NoAvatar; HasAvatar=False","Unknown","No imported/embedded animation clips detected"
"SM_Generic_Tree_02","FBX / ModelImporter","Assets/PolygonBattleRoyale/Models/SM_Generic_Tree_02.fbx","PolygonBattleRoyale","No","No",0,"","No","ImportAnimation=False; AnimationType=None; AvatarSetup=NoAvatar; HasAvatar=False","Unknown","No imported/embedded animation clips detected"
"SM_Generic_Tree_03","FBX / ModelImporter","Assets/PolygonBattleRoyale/Models/SM_Generic_Tree_03.fbx","PolygonBattleRoyale","No","No",0,"","No","ImportAnimation=False; AnimationType=None; AvatarSetup=NoAvatar; HasAvatar=False","Unknown","No imported/embedded animation clips detected"
"SM_Generic_Tree_04","FBX / ModelImporter","Assets/PolygonBattleRoyale/Models/SM_Generic_Tree_04.fbx","PolygonBattleRoyale","No","No",0,"","No","ImportAnimation=False; AnimationType=None; AvatarSetup=NoAvatar; HasAvatar=False","Unknown","No imported/embedded animation clips detected"
"SM_Generic_TreeDead_01","FBX / ModelImporter","Assets/PolygonBattleRoyale/Models/SM_Generic_TreeDead_01.fbx","PolygonBattleRoyale","No","No",0,"","No","ImportAnimation=False; AnimationType=None; AvatarSetup=NoAvatar; HasAvatar=False","Death","No imported/embedded animation clips detected"
"SM_Generic_TreeStump_01","FBX / ModelImporter","Assets/PolygonBattleRoyale/Models/SM_Generic_TreeStump_01.fbx","PolygonBattleRoyale","No","No",0,"","No","ImportAnimation=False; AnimationType=None; AvatarSetup=NoAvatar; HasAvatar=False","Unknown","No imported/embedded animation clips detected"
"SM_Gerneric_Grass_Patch_01","FBX / ModelImporter","Assets/PolygonBattleRoyale/Models/SM_Gerneric_Grass_Patch_01.fbx","PolygonBattleRoyale","No","No",0,"","No","ImportAnimation=False; AnimationType=None; AvatarSetup=NoAvatar; HasAvatar=False","Unknown","No imported/embedded animation clips detected"
"SM_Gerneric_Grass_Patch_02","FBX / ModelImporter","Assets/PolygonBattleRoyale/Models/SM_Gerneric_Grass_Patch_02.fbx","PolygonBattleRoyale","No","No",0,"","No","ImportAnimation=False; AnimationType=None; AvatarSetup=NoAvatar; HasAvatar=False","Unknown","No imported/embedded animation clips detected"
"SM_Particle_Smoke_01","FBX / ModelImporter","Assets/PolygonBattleRoyale/Models/SM_Particle_Smoke_01.fbx","PolygonBattleRoyale","No","No",0,"","No","ImportAnimation=False; AnimationType=None; AvatarSetup=NoAvatar; HasAvatar=False","Unknown","No imported/embedded animation clips detected"
"SM_Prop_AmmoBox_01","FBX / ModelImporter","Assets/PolygonBattleRoyale/Models/SM_Prop_AmmoBox_01.fbx","PolygonBattleRoyale","No","No",0,"","No","ImportAnimation=False; AnimationType=None; AvatarSetup=NoAvatar; HasAvatar=False","Unknown","No imported/embedded animation clips detected"
"SM_Prop_Bandage_01","FBX / ModelImporter","Assets/PolygonBattleRoyale/Models/SM_Prop_Bandage_01.fbx","PolygonBattleRoyale","No","No",0,"","No","ImportAnimation=False; AnimationType=None; AvatarSetup=NoAvatar; HasAvatar=False","Unknown","No imported/embedded animation clips detected"
"SM_Prop_Bandage_02","FBX / ModelImporter","Assets/PolygonBattleRoyale/Models/SM_Prop_Bandage_02.fbx","PolygonBattleRoyale","No","No",0,"","No","ImportAnimation=False; AnimationType=None; AvatarSetup=NoAvatar; HasAvatar=False","Unknown","No imported/embedded animation clips detected"
"SM_Prop_Barrel_01","FBX / ModelImporter","Assets/PolygonBattleRoyale/Models/SM_Prop_Barrel_01.fbx","PolygonBattleRoyale","No","No",0,"","No","ImportAnimation=False; AnimationType=None; AvatarSetup=NoAvatar; HasAvatar=False","Unknown","No imported/embedded animation clips detected"
"SM_Prop_Barrel_02","FBX / ModelImporter","Assets/PolygonBattleRoyale/Models/SM_Prop_Barrel_02.fbx","PolygonBattleRoyale","No","No",0,"","No","ImportAnimation=False; AnimationType=None; AvatarSetup=NoAvatar; HasAvatar=False","Unknown","No imported/embedded animation clips detected"
"SM_Prop_Barricade_01","FBX / ModelImporter","Assets/PolygonBattleRoyale/Models/SM_Prop_Barricade_01.fbx","PolygonBattleRoyale","No","No",0,"","No","ImportAnimation=False; AnimationType=None; AvatarSetup=NoAvatar; HasAvatar=False","Unknown","No imported/embedded animation clips detected"
"SM_Prop_Barrier_01","FBX / ModelImporter","Assets/PolygonBattleRoyale/Models/SM_Prop_Barrier_01.fbx","PolygonBattleRoyale","No","No",0,"","No","ImportAnimation=False; AnimationType=None; AvatarSetup=NoAvatar; HasAvatar=False","Unknown","No imported/embedded animation clips detected"
"SM_Prop_Barrier_02","FBX / ModelImporter","Assets/PolygonBattleRoyale/Models/SM_Prop_Barrier_02.fbx","PolygonBattleRoyale","No","No",0,"","No","ImportAnimation=False; AnimationType=None; AvatarSetup=NoAvatar; HasAvatar=False","Unknown","No imported/embedded animation clips detected"
"SM_Prop_Barrier_03","FBX / ModelImporter","Assets/PolygonBattleRoyale/Models/SM_Prop_Barrier_03.fbx","PolygonBattleRoyale","No","No",0,"","No","ImportAnimation=False; AnimationType=None; AvatarSetup=NoAvatar; HasAvatar=False","Unknown","No imported/embedded animation clips detected"
"SM_Prop_Barrier_04","FBX / ModelImporter","Assets/PolygonBattleRoyale/Models/SM_Prop_Barrier_04.fbx","PolygonBattleRoyale","No","No",0,"","No","ImportAnimation=False; AnimationType=None; AvatarSetup=NoAvatar; HasAvatar=False","Unknown","No imported/embedded animation clips detected"
"SM_Prop_Barrier_Dirt_01","FBX / ModelImporter","Assets/PolygonBattleRoyale/Models/SM_Prop_Barrier_Dirt_01.fbx","PolygonBattleRoyale","No","No",0,"","No","ImportAnimation=False; AnimationType=None; AvatarSetup=NoAvatar; HasAvatar=False","Unknown","No imported/embedded animation clips detected"
"SM_Prop_BaseWall_01","FBX / ModelImporter","Assets/PolygonBattleRoyale/Models/SM_Prop_BaseWall_01.fbx","PolygonBattleRoyale","No","No",0,"","No","ImportAnimation=False; AnimationType=None; AvatarSetup=NoAvatar; HasAvatar=False","Unknown","No imported/embedded animation clips detected"
"SM_Prop_BaseWall_Broken_01","FBX / ModelImporter","Assets/PolygonBattleRoyale/Models/SM_Prop_BaseWall_Broken_01.fbx","PolygonBattleRoyale","No","No",0,"","No","ImportAnimation=False; AnimationType=None; AvatarSetup=NoAvatar; HasAvatar=False","Unknown","No imported/embedded animation clips detected"
"SM_Prop_BaseWall_Broken_02","FBX / ModelImporter","Assets/PolygonBattleRoyale/Models/SM_Prop_BaseWall_Broken_02.fbx","PolygonBattleRoyale","No","No",0,"","No","ImportAnimation=False; AnimationType=None; AvatarSetup=NoAvatar; HasAvatar=False","Unknown","No imported/embedded animation clips detected"
"SM_Prop_BaseWall_Post_01","FBX / ModelImporter","Assets/PolygonBattleRoyale/Models/SM_Prop_BaseWall_Post_01.fbx","PolygonBattleRoyale","No","No",0,"","No","ImportAnimation=False; AnimationType=None; AvatarSetup=NoAvatar; HasAvatar=False","Unknown","No imported/embedded animation clips detected"
"SM_Prop_Benchpress_01","FBX / ModelImporter","Assets/PolygonBattleRoyale/Models/SM_Prop_Benchpress_01.fbx","PolygonBattleRoyale","No","No",0,"","No","ImportAnimation=False; AnimationType=None; AvatarSetup=NoAvatar; HasAvatar=False","Unknown","No imported/embedded animation clips detected"
"SM_Prop_BriefcaseBomb_01","FBX / ModelImporter","Assets/PolygonBattleRoyale/Models/SM_Prop_BriefcaseBomb_01.fbx","PolygonBattleRoyale","No","No",0,"","No","ImportAnimation=False; AnimationType=None; AvatarSetup=NoAvatar; HasAvatar=False","Unknown","No imported/embedded animation clips detected"
"SM_Prop_BunkBed_01","FBX / ModelImporter","Assets/PolygonBattleRoyale/Models/SM_Prop_BunkBed_01.fbx","PolygonBattleRoyale","No","No",0,"","No","ImportAnimation=False; AnimationType=None; AvatarSetup=NoAvatar; HasAvatar=False","Unknown","No imported/embedded animation clips detected"
"SM_Prop_C4_01","FBX / ModelImporter","Assets/PolygonBattleRoyale/Models/SM_Prop_C4_01.fbx","PolygonBattleRoyale","No","No",0,"","No","ImportAnimation=False; AnimationType=None; AvatarSetup=NoAvatar; HasAvatar=False","Unknown","No imported/embedded animation clips detected"
"SM_Prop_C4_02","FBX / ModelImporter","Assets/PolygonBattleRoyale/Models/SM_Prop_C4_02.fbx","PolygonBattleRoyale","No","No",0,"","No","ImportAnimation=False; AnimationType=None; AvatarSetup=NoAvatar; HasAvatar=False","Unknown","No imported/embedded animation clips detected"
"SM_Prop_CardboardBox_01","FBX / ModelImporter","Assets/PolygonBattleRoyale/Models/SM_Prop_CardboardBox_01.fbx","PolygonBattleRoyale","No","No",0,"","No","ImportAnimation=False; AnimationType=None; AvatarSetup=NoAvatar; HasAvatar=False","Unknown","No imported/embedded animation clips detected"
"SM_Prop_Cinderblock_01","FBX / ModelImporter","Assets/PolygonBattleRoyale/Models/SM_Prop_Cinderblock_01.fbx","PolygonBattleRoyale","No","No",0,"","No","ImportAnimation=False; AnimationType=None; AvatarSetup=NoAvatar; HasAvatar=False","Unknown","No imported/embedded animation clips detected"
"SM_Prop_Cinderblock_Wall_01","FBX / ModelImporter","Assets/PolygonBattleRoyale/Models/SM_Prop_Cinderblock_Wall_01.fbx","PolygonBattleRoyale","No","No",0,"","No","ImportAnimation=False; AnimationType=None; AvatarSetup=NoAvatar; HasAvatar=False","Unknown","No imported/embedded animation clips detected"
"SM_Prop_Container_01","FBX / ModelImporter","Assets/PolygonBattleRoyale/Models/SM_Prop_Container_01.fbx","PolygonBattleRoyale","No","No",0,"","No","ImportAnimation=False; AnimationType=None; AvatarSetup=NoAvatar; HasAvatar=False","Unknown","No imported/embedded animation clips detected"
"SM_Prop_Container_Small_01","FBX / ModelImporter","Assets/PolygonBattleRoyale/Models/SM_Prop_Container_Small_01.fbx","PolygonBattleRoyale","No","No",0,"","No","ImportAnimation=False; AnimationType=None; AvatarSetup=NoAvatar; HasAvatar=False","Unknown","No imported/embedded animation clips detected"
"SM_Prop_Crate_01","FBX / ModelImporter","Assets/PolygonBattleRoyale/Models/SM_Prop_Crate_01.fbx","PolygonBattleRoyale","No","No",0,"","No","ImportAnimation=False; AnimationType=None; AvatarSetup=NoAvatar; HasAvatar=False","Unknown","No imported/embedded animation clips detected"
"SM_Prop_Crate_Large_01","FBX / ModelImporter","Assets/PolygonBattleRoyale/Models/SM_Prop_Crate_Large_01.fbx","PolygonBattleRoyale","No","No",0,"","No","ImportAnimation=False; AnimationType=None; AvatarSetup=NoAvatar; HasAvatar=False","Unknown","No imported/embedded animation clips detected"
"SM_Prop_Crate_Medical_01","FBX / ModelImporter","Assets/PolygonBattleRoyale/Models/SM_Prop_Crate_Medical_01.fbx","PolygonBattleRoyale","No","No",0,"","No","ImportAnimation=False; AnimationType=None; AvatarSetup=NoAvatar; HasAvatar=False","Unknown","No imported/embedded animation clips detected"
"SM_Prop_Crate_Small_01","FBX / ModelImporter","Assets/PolygonBattleRoyale/Models/SM_Prop_Crate_Small_01.fbx","PolygonBattleRoyale","No","No",0,"","No","ImportAnimation=False; AnimationType=None; AvatarSetup=NoAvatar; HasAvatar=False","Unknown","No imported/embedded animation clips detected"
"SM_Prop_EmergencyDrop_01","FBX / ModelImporter","Assets/PolygonBattleRoyale/Models/SM_Prop_EmergencyDrop_01.fbx","PolygonBattleRoyale","No","No",0,"","No","ImportAnimation=False; AnimationType=None; AvatarSetup=NoAvatar; HasAvatar=False","Unknown","No imported/embedded animation clips detected"
"SM_Prop_EmergencyDrop_Crate_01","FBX / ModelImporter","Assets/PolygonBattleRoyale/Models/SM_Prop_EmergencyDrop_Crate_01.fbx","PolygonBattleRoyale","No","No",0,"","No","ImportAnimation=False; AnimationType=None; AvatarSetup=NoAvatar; HasAvatar=False","Unknown","No imported/embedded animation clips detected"
"SM_Prop_Gauze_01","FBX / ModelImporter","Assets/PolygonBattleRoyale/Models/SM_Prop_Gauze_01.fbx","PolygonBattleRoyale","No","No",0,"","No","ImportAnimation=False; AnimationType=None; AvatarSetup=NoAvatar; HasAvatar=False","Unknown","No imported/embedded animation clips detected"
"SM_Prop_Generator_01","FBX / ModelImporter","Assets/PolygonBattleRoyale/Models/SM_Prop_Generator_01.fbx","PolygonBattleRoyale","No","No",0,"","No","ImportAnimation=False; AnimationType=None; AvatarSetup=NoAvatar; HasAvatar=False","Unknown","No imported/embedded animation clips detected"
"SM_Prop_GuardTower_01","FBX / ModelImporter","Assets/PolygonBattleRoyale/Models/SM_Prop_GuardTower_01.fbx","PolygonBattleRoyale","No","No",0,"","No","ImportAnimation=False; AnimationType=None; AvatarSetup=NoAvatar; HasAvatar=False","Unknown","No imported/embedded animation clips detected"
"SM_Prop_HeadBase_Black","FBX / ModelImporter","Assets/PolygonBattleRoyale/Models/SM_Prop_HeadBase_Black.fbx","PolygonBattleRoyale","No","No",0,"","No","ImportAnimation=False; AnimationType=None; AvatarSetup=NoAvatar; HasAvatar=False","Unknown","No imported/embedded animation clips detected"
"SM_Prop_HeadBase_Grey","FBX / ModelImporter","Assets/PolygonBattleRoyale/Models/SM_Prop_HeadBase_Grey.fbx","PolygonBattleRoyale","No","No",0,"","No","ImportAnimation=False; AnimationType=None; AvatarSetup=NoAvatar; HasAvatar=False","Unknown","No imported/embedded animation clips detected"
"SM_Prop_HeadBase_Skin","FBX / ModelImporter","Assets/PolygonBattleRoyale/Models/SM_Prop_HeadBase_Skin.fbx","PolygonBattleRoyale","No","No",0,"","No","ImportAnimation=False; AnimationType=None; AvatarSetup=NoAvatar; HasAvatar=False","Unknown","No imported/embedded animation clips detected"
"SM_Prop_HeadBase_White","FBX / ModelImporter","Assets/PolygonBattleRoyale/Models/SM_Prop_HeadBase_White.fbx","PolygonBattleRoyale","No","No",0,"","No","ImportAnimation=False; AnimationType=None; AvatarSetup=NoAvatar; HasAvatar=False","Hit","No imported/embedded animation clips detected"
"SM_Prop_Iron_Sheet_01","FBX / ModelImporter","Assets/PolygonBattleRoyale/Models/SM_Prop_Iron_Sheet_01.fbx","PolygonBattleRoyale","No","No",0,"","No","ImportAnimation=False; AnimationType=None; AvatarSetup=NoAvatar; HasAvatar=False","Unknown","No imported/embedded animation clips detected"
"SM_Prop_Iron_Sheet_02","FBX / ModelImporter","Assets/PolygonBattleRoyale/Models/SM_Prop_Iron_Sheet_02.fbx","PolygonBattleRoyale","No","No",0,"","No","ImportAnimation=False; AnimationType=None; AvatarSetup=NoAvatar; HasAvatar=False","Unknown","No imported/embedded animation clips detected"
"SM_Prop_Iron_Sheet_03","FBX / ModelImporter","Assets/PolygonBattleRoyale/Models/SM_Prop_Iron_Sheet_03.fbx","PolygonBattleRoyale","No","No",0,"","No","ImportAnimation=False; AnimationType=None; AvatarSetup=NoAvatar; HasAvatar=False","Unknown","No imported/embedded animation clips detected"
"SM_Prop_Key_01","FBX / ModelImporter","Assets/PolygonBattleRoyale/Models/SM_Prop_Key_01.fbx","PolygonBattleRoyale","No","No",0,"","No","ImportAnimation=False; AnimationType=None; AvatarSetup=NoAvatar; HasAvatar=False","Unknown","No imported/embedded animation clips detected"
"SM_Prop_Key_02","FBX / ModelImporter","Assets/PolygonBattleRoyale/Models/SM_Prop_Key_02.fbx","PolygonBattleRoyale","No","No",0,"","No","ImportAnimation=False; AnimationType=None; AvatarSetup=NoAvatar; HasAvatar=False","Unknown","No imported/embedded animation clips detected"
"SM_Prop_Key_03","FBX / ModelImporter","Assets/PolygonBattleRoyale/Models/SM_Prop_Key_03.fbx","PolygonBattleRoyale","No","No",0,"","No","ImportAnimation=False; AnimationType=None; AvatarSetup=NoAvatar; HasAvatar=False","Unknown","No imported/embedded animation clips detected"
"SM_Prop_MedicalBox_01","FBX / ModelImporter","Assets/PolygonBattleRoyale/Models/SM_Prop_MedicalBox_01.fbx","PolygonBattleRoyale","No","No",0,"","No","ImportAnimation=False; AnimationType=None; AvatarSetup=NoAvatar; HasAvatar=False","Unknown","No imported/embedded animation clips detected"
"SM_Prop_MedicalBox_02","FBX / ModelImporter","Assets/PolygonBattleRoyale/Models/SM_Prop_MedicalBox_02.fbx","PolygonBattleRoyale","No","No",0,"","No","ImportAnimation=False; AnimationType=None; AvatarSetup=NoAvatar; HasAvatar=False","Unknown","No imported/embedded animation clips detected"
"SM_Prop_MissileStack_01","FBX / ModelImporter","Assets/PolygonBattleRoyale/Models/SM_Prop_MissileStack_01.fbx","PolygonBattleRoyale","No","No",0,"","No","ImportAnimation=False; AnimationType=None; AvatarSetup=NoAvatar; HasAvatar=False","Unknown","No imported/embedded animation clips detected"
"SM_Prop_Needle_01","FBX / ModelImporter","Assets/PolygonBattleRoyale/Models/SM_Prop_Needle_01.fbx","PolygonBattleRoyale","No","No",0,"","No","ImportAnimation=False; AnimationType=None; AvatarSetup=NoAvatar; HasAvatar=False","Unknown","No imported/embedded animation clips detected"
"SM_Prop_Padlock_01","FBX / ModelImporter","Assets/PolygonBattleRoyale/Models/SM_Prop_Padlock_01.fbx","PolygonBattleRoyale","No","No",0,"","No","ImportAnimation=False; AnimationType=None; AvatarSetup=NoAvatar; HasAvatar=False","Unknown","No imported/embedded animation clips detected"
"SM_Prop_Padlock_02","FBX / ModelImporter","Assets/PolygonBattleRoyale/Models/SM_Prop_Padlock_02.fbx","PolygonBattleRoyale","No","No",0,"","No","ImportAnimation=False; AnimationType=None; AvatarSetup=NoAvatar; HasAvatar=False","Unknown","No imported/embedded animation clips detected"
"SM_Prop_Pallet_01","FBX / ModelImporter","Assets/PolygonBattleRoyale/Models/SM_Prop_Pallet_01.fbx","PolygonBattleRoyale","No","No",0,"","No","ImportAnimation=False; AnimationType=None; AvatarSetup=NoAvatar; HasAvatar=False","Unknown","No imported/embedded animation clips detected"
"SM_Prop_Pallet_Loaded_01","FBX / ModelImporter","Assets/PolygonBattleRoyale/Models/SM_Prop_Pallet_Loaded_01.fbx","PolygonBattleRoyale","No","No",0,"","No","ImportAnimation=False; AnimationType=None; AvatarSetup=NoAvatar; HasAvatar=False","Unknown","No imported/embedded animation clips detected"
"SM_Prop_Pallet_Loaded_02","FBX / ModelImporter","Assets/PolygonBattleRoyale/Models/SM_Prop_Pallet_Loaded_02.fbx","PolygonBattleRoyale","No","No",0,"","No","ImportAnimation=False; AnimationType=None; AvatarSetup=NoAvatar; HasAvatar=False","Unknown","No imported/embedded animation clips detected"
"SM_Prop_PalletStack_01","FBX / ModelImporter","Assets/PolygonBattleRoyale/Models/SM_Prop_PalletStack_01.fbx","PolygonBattleRoyale","No","No",0,"","No","ImportAnimation=False; AnimationType=None; AvatarSetup=NoAvatar; HasAvatar=False","Unknown","No imported/embedded animation clips detected"
"SM_Prop_Parachute_01","FBX / ModelImporter","Assets/PolygonBattleRoyale/Models/SM_Prop_Parachute_01.fbx","PolygonBattleRoyale","No","No",0,"","No","ImportAnimation=False; AnimationType=None; AvatarSetup=NoAvatar; HasAvatar=False","Unknown","No imported/embedded animation clips detected"
"SM_Prop_Pills_01","FBX / ModelImporter","Assets/PolygonBattleRoyale/Models/SM_Prop_Pills_01.fbx","PolygonBattleRoyale","No","No",0,"","No","ImportAnimation=False; AnimationType=None; AvatarSetup=NoAvatar; HasAvatar=False","Unknown","No imported/embedded animation clips detected"
"SM_Prop_Pills_02","FBX / ModelImporter","Assets/PolygonBattleRoyale/Models/SM_Prop_Pills_02.fbx","PolygonBattleRoyale","No","No",0,"","No","ImportAnimation=False; AnimationType=None; AvatarSetup=NoAvatar; HasAvatar=False","Unknown","No imported/embedded animation clips detected"
"SM_Prop_Portaloo_01","FBX / ModelImporter","Assets/PolygonBattleRoyale/Models/SM_Prop_Portaloo_01.fbx","PolygonBattleRoyale","No","No",0,"","No","ImportAnimation=False; AnimationType=None; AvatarSetup=NoAvatar; HasAvatar=False","Unknown","No imported/embedded animation clips detected"
"SM_Prop_Propane_01","FBX / ModelImporter","Assets/PolygonBattleRoyale/Models/SM_Prop_Propane_01.fbx","PolygonBattleRoyale","No","No",0,"","No","ImportAnimation=False; AnimationType=None; AvatarSetup=NoAvatar; HasAvatar=False","Unknown","No imported/embedded animation clips detected"
"SM_Prop_Propane_Tall_01","FBX / ModelImporter","Assets/PolygonBattleRoyale/Models/SM_Prop_Propane_Tall_01.fbx","PolygonBattleRoyale","No","No",0,"","No","ImportAnimation=False; AnimationType=None; AvatarSetup=NoAvatar; HasAvatar=False","Unknown","No imported/embedded animation clips detected"
"SM_Prop_RadioTower_01","FBX / ModelImporter","Assets/PolygonBattleRoyale/Models/SM_Prop_RadioTower_01.fbx","PolygonBattleRoyale","No","No",0,"","No","ImportAnimation=False; AnimationType=None; AvatarSetup=NoAvatar; HasAvatar=False","Unknown","No imported/embedded animation clips detected"
"SM_Prop_Range_Trable_01","FBX / ModelImporter","Assets/PolygonBattleRoyale/Models/SM_Prop_Range_Trable_01.fbx","PolygonBattleRoyale","No","No",0,"","No","ImportAnimation=False; AnimationType=None; AvatarSetup=NoAvatar; HasAvatar=False","Unknown","No imported/embedded animation clips detected"
"SM_Prop_Range_Wall_01","FBX / ModelImporter","Assets/PolygonBattleRoyale/Models/SM_Prop_Range_Wall_01.fbx","PolygonBattleRoyale","No","No",0,"","No","ImportAnimation=False; AnimationType=None; AvatarSetup=NoAvatar; HasAvatar=False","Unknown","No imported/embedded animation clips detected"
"SM_Prop_Range_Wall_02","FBX / ModelImporter","Assets/PolygonBattleRoyale/Models/SM_Prop_Range_Wall_02.fbx","PolygonBattleRoyale","No","No",0,"","No","ImportAnimation=False; AnimationType=None; AvatarSetup=NoAvatar; HasAvatar=False","Unknown","No imported/embedded animation clips detected"
"SM_Prop_Range_Wall_03","FBX / ModelImporter","Assets/PolygonBattleRoyale/Models/SM_Prop_Range_Wall_03.fbx","PolygonBattleRoyale","No","No",0,"","No","ImportAnimation=False; AnimationType=None; AvatarSetup=NoAvatar; HasAvatar=False","Unknown","No imported/embedded animation clips detected"
"SM_Prop_Range_Wall_Door_01","FBX / ModelImporter","Assets/PolygonBattleRoyale/Models/SM_Prop_Range_Wall_Door_01.fbx","PolygonBattleRoyale","No","No",0,"","No","ImportAnimation=False; AnimationType=None; AvatarSetup=NoAvatar; HasAvatar=False","Unknown","No imported/embedded animation clips detected"
"SM_Prop_Range_Wall_Half_01","FBX / ModelImporter","Assets/PolygonBattleRoyale/Models/SM_Prop_Range_Wall_Half_01.fbx","PolygonBattleRoyale","No","No",0,"","No","ImportAnimation=False; AnimationType=None; AvatarSetup=NoAvatar; HasAvatar=False","Unknown","No imported/embedded animation clips detected"
"SM_Prop_Range_Wall_Post_01","FBX / ModelImporter","Assets/PolygonBattleRoyale/Models/SM_Prop_Range_Wall_Post_01.fbx","PolygonBattleRoyale","No","No",0,"","No","ImportAnimation=False; AnimationType=None; AvatarSetup=NoAvatar; HasAvatar=False","Unknown","No imported/embedded animation clips detected"
"SM_Prop_Range_Wall_Window_01","FBX / ModelImporter","Assets/PolygonBattleRoyale/Models/SM_Prop_Range_Wall_Window_01.fbx","PolygonBattleRoyale","No","No",0,"","No","ImportAnimation=False; AnimationType=None; AvatarSetup=NoAvatar; HasAvatar=False","Unknown","No imported/embedded animation clips detected"
"SM_Prop_Rubbish_Bottle_01","FBX / ModelImporter","Assets/PolygonBattleRoyale/Models/SM_Prop_Rubbish_Bottle_01.fbx","PolygonBattleRoyale","No","No",0,"","No","ImportAnimation=False; AnimationType=None; AvatarSetup=NoAvatar; HasAvatar=False","Unknown","No imported/embedded animation clips detected"
"SM_Prop_Rubbish_Can_01","FBX / ModelImporter","Assets/PolygonBattleRoyale/Models/SM_Prop_Rubbish_Can_01.fbx","PolygonBattleRoyale","No","No",0,"","No","ImportAnimation=False; AnimationType=None; AvatarSetup=NoAvatar; HasAvatar=False","Unknown","No imported/embedded animation clips detected"
"SM_Prop_Rubbish_Can_02","FBX / ModelImporter","Assets/PolygonBattleRoyale/Models/SM_Prop_Rubbish_Can_02.fbx","PolygonBattleRoyale","No","No",0,"","No","ImportAnimation=False; AnimationType=None; AvatarSetup=NoAvatar; HasAvatar=False","Unknown","No imported/embedded animation clips detected"
"SM_Prop_Rubbish_Paper_01","FBX / ModelImporter","Assets/PolygonBattleRoyale/Models/SM_Prop_Rubbish_Paper_01.fbx","PolygonBattleRoyale","No","No",0,"","No","ImportAnimation=False; AnimationType=None; AvatarSetup=NoAvatar; HasAvatar=False","Unknown","No imported/embedded animation clips detected"
"SM_Prop_Rubbish_Paper_02","FBX / ModelImporter","Assets/PolygonBattleRoyale/Models/SM_Prop_Rubbish_Paper_02.fbx","PolygonBattleRoyale","No","No",0,"","No","ImportAnimation=False; AnimationType=None; AvatarSetup=NoAvatar; HasAvatar=False","Unknown","No imported/embedded animation clips detected"
"SM_Prop_Rubbish_Paper_03","FBX / ModelImporter","Assets/PolygonBattleRoyale/Models/SM_Prop_Rubbish_Paper_03.fbx","PolygonBattleRoyale","No","No",0,"","No","ImportAnimation=False; AnimationType=None; AvatarSetup=NoAvatar; HasAvatar=False","Unknown","No imported/embedded animation clips detected"
"SM_Prop_Rubbish_Papers_01","FBX / ModelImporter","Assets/PolygonBattleRoyale/Models/SM_Prop_Rubbish_Papers_01.fbx","PolygonBattleRoyale","No","No",0,"","No","ImportAnimation=False; AnimationType=None; AvatarSetup=NoAvatar; HasAvatar=False","Unknown","No imported/embedded animation clips detected"
"SM_Prop_Rubbish_Papers_02","FBX / ModelImporter","Assets/PolygonBattleRoyale/Models/SM_Prop_Rubbish_Papers_02.fbx","PolygonBattleRoyale","No","No",0,"","No","ImportAnimation=False; AnimationType=None; AvatarSetup=NoAvatar; HasAvatar=False","Unknown","No imported/embedded animation clips detected"
"SM_Prop_Rubbish_Papers_03","FBX / ModelImporter","Assets/PolygonBattleRoyale/Models/SM_Prop_Rubbish_Papers_03.fbx","PolygonBattleRoyale","No","No",0,"","No","ImportAnimation=False; AnimationType=None; AvatarSetup=NoAvatar; HasAvatar=False","Unknown","No imported/embedded animation clips detected"
"SM_Prop_Slatbox_01","FBX / ModelImporter","Assets/PolygonBattleRoyale/Models/SM_Prop_Slatbox_01.fbx","PolygonBattleRoyale","No","No",0,"","No","ImportAnimation=False; AnimationType=None; AvatarSetup=NoAvatar; HasAvatar=False","Unknown","No imported/embedded animation clips detected"
"SM_Prop_Spotlight_01","FBX / ModelImporter","Assets/PolygonBattleRoyale/Models/SM_Prop_Spotlight_01.fbx","PolygonBattleRoyale","No","No",0,"","No","ImportAnimation=False; AnimationType=None; AvatarSetup=NoAvatar; HasAvatar=False","Unknown","No imported/embedded animation clips detected"
"SM_Prop_TankTrap_01","FBX / ModelImporter","Assets/PolygonBattleRoyale/Models/SM_Prop_TankTrap_01.fbx","PolygonBattleRoyale","No","No",0,"","No","ImportAnimation=False; AnimationType=None; AvatarSetup=NoAvatar; HasAvatar=False","Unknown","No imported/embedded animation clips detected"
"SM_Prop_Target_01","FBX / ModelImporter","Assets/PolygonBattleRoyale/Models/SM_Prop_Target_01.fbx","PolygonBattleRoyale","No","No",0,"","No","ImportAnimation=False; AnimationType=None; AvatarSetup=NoAvatar; HasAvatar=False","Unknown","No imported/embedded animation clips detected"
"SM_Prop_Tire_01","FBX / ModelImporter","Assets/PolygonBattleRoyale/Models/SM_Prop_Tire_01.fbx","PolygonBattleRoyale","No","No",0,"","No","ImportAnimation=False; AnimationType=None; AvatarSetup=NoAvatar; HasAvatar=False","Unknown","No imported/embedded animation clips detected"
"SM_Prop_TireStack_01","FBX / ModelImporter","Assets/PolygonBattleRoyale/Models/SM_Prop_TireStack_01.fbx","PolygonBattleRoyale","No","No",0,"","No","ImportAnimation=False; AnimationType=None; AvatarSetup=NoAvatar; HasAvatar=False","Unknown","No imported/embedded animation clips detected"
"SM_Prop_Transformer_01","FBX / ModelImporter","Assets/PolygonBattleRoyale/Models/SM_Prop_Transformer_01.fbx","PolygonBattleRoyale","No","No",0,"","No","ImportAnimation=False; AnimationType=None; AvatarSetup=NoAvatar; HasAvatar=False","Unknown","No imported/embedded animation clips detected"
"SM_Prop_WeaponCase_01","FBX / ModelImporter","Assets/PolygonBattleRoyale/Models/SM_Prop_WeaponCase_01.fbx","PolygonBattleRoyale","No","No",0,"","No","ImportAnimation=False; AnimationType=None; AvatarSetup=NoAvatar; HasAvatar=False","Unknown","No imported/embedded animation clips detected"
"SM_Prop_WireFence_01","FBX / ModelImporter","Assets/PolygonBattleRoyale/Models/SM_Prop_WireFence_01.fbx","PolygonBattleRoyale","No","No",0,"","No","ImportAnimation=False; AnimationType=None; AvatarSetup=NoAvatar; HasAvatar=False","Unknown","No imported/embedded animation clips detected"
"SM_Prop_WireFence_02","FBX / ModelImporter","Assets/PolygonBattleRoyale/Models/SM_Prop_WireFence_02.fbx","PolygonBattleRoyale","No","No",0,"","No","ImportAnimation=False; AnimationType=None; AvatarSetup=NoAvatar; HasAvatar=False","Unknown","No imported/embedded animation clips detected"
"SM_Prop_Wirespool_01","FBX / ModelImporter","Assets/PolygonBattleRoyale/Models/SM_Prop_Wirespool_01.fbx","PolygonBattleRoyale","No","No",0,"","No","ImportAnimation=False; AnimationType=None; AvatarSetup=NoAvatar; HasAvatar=False","Unknown","No imported/embedded animation clips detected"
"SM_Prop_Wirespool_02","FBX / ModelImporter","Assets/PolygonBattleRoyale/Models/SM_Prop_Wirespool_02.fbx","PolygonBattleRoyale","No","No",0,"","No","ImportAnimation=False; AnimationType=None; AvatarSetup=NoAvatar; HasAvatar=False","Unknown","No imported/embedded animation clips detected"
"SM_Prop_WoodPlank_01","FBX / ModelImporter","Assets/PolygonBattleRoyale/Models/SM_Prop_WoodPlank_01.fbx","PolygonBattleRoyale","No","No",0,"","No","ImportAnimation=False; AnimationType=None; AvatarSetup=NoAvatar; HasAvatar=False","Unknown","No imported/embedded animation clips detected"
"SM_Veh_Armored_Car_01","FBX / ModelImporter","Assets/PolygonBattleRoyale/Models/SM_Veh_Armored_Car_01.fbx","PolygonBattleRoyale","No","No",0,"","No","ImportAnimation=False; AnimationType=None; AvatarSetup=NoAvatar; HasAvatar=False","Unknown","No imported/embedded animation clips detected"
"SM_Veh_Armored_Car_Destroyed_01","FBX / ModelImporter","Assets/PolygonBattleRoyale/Models/SM_Veh_Armored_Car_Destroyed_01.fbx","PolygonBattleRoyale","No","No",0,"","No","ImportAnimation=False; AnimationType=None; AvatarSetup=NoAvatar; HasAvatar=False","Unknown","No imported/embedded animation clips detected"
"SM_Veh_Bike_01","FBX / ModelImporter","Assets/PolygonBattleRoyale/Models/SM_Veh_Bike_01.fbx","PolygonBattleRoyale","No","No",0,"","No","ImportAnimation=False; AnimationType=None; AvatarSetup=NoAvatar; HasAvatar=False","Unknown","No imported/embedded animation clips detected"
"SM_Veh_Bike_Destroyed_01","FBX / ModelImporter","Assets/PolygonBattleRoyale/Models/SM_Veh_Bike_Destroyed_01.fbx","PolygonBattleRoyale","No","No",0,"","No","ImportAnimation=False; AnimationType=None; AvatarSetup=NoAvatar; HasAvatar=False","Unknown","No imported/embedded animation clips detected"
"SM_Veh_Boat_01","FBX / ModelImporter","Assets/PolygonBattleRoyale/Models/SM_Veh_Boat_01.fbx","PolygonBattleRoyale","No","No",0,"","No","ImportAnimation=False; AnimationType=None; AvatarSetup=NoAvatar; HasAvatar=False","Unknown","No imported/embedded animation clips detected"
"SM_Veh_Boat_Destroyed_01","FBX / ModelImporter","Assets/PolygonBattleRoyale/Models/SM_Veh_Boat_Destroyed_01.fbx","PolygonBattleRoyale","No","No",0,"","No","ImportAnimation=False; AnimationType=None; AvatarSetup=NoAvatar; HasAvatar=False","Unknown","No imported/embedded animation clips detected"
"SM_Veh_Buggy_01","FBX / ModelImporter","Assets/PolygonBattleRoyale/Models/SM_Veh_Buggy_01.fbx","PolygonBattleRoyale","No","No",0,"","No","ImportAnimation=False; AnimationType=None; AvatarSetup=NoAvatar; HasAvatar=False","Unknown","No imported/embedded animation clips detected"
"SM_Veh_Buggy_Destroyed_01","FBX / ModelImporter","Assets/PolygonBattleRoyale/Models/SM_Veh_Buggy_Destroyed_01.fbx","PolygonBattleRoyale","No","No",0,"","No","ImportAnimation=False; AnimationType=None; AvatarSetup=NoAvatar; HasAvatar=False","Unknown","No imported/embedded animation clips detected"
"SM_Veh_Car_01","FBX / ModelImporter","Assets/PolygonBattleRoyale/Models/SM_Veh_Car_01.fbx","PolygonBattleRoyale","No","No",0,"","No","ImportAnimation=False; AnimationType=None; AvatarSetup=NoAvatar; HasAvatar=False","Unknown","No imported/embedded animation clips detected"
"SM_Veh_Car_Clean_01","FBX / ModelImporter","Assets/PolygonBattleRoyale/Models/SM_Veh_Car_Clean_01.fbx","PolygonBattleRoyale","No","No",0,"","No","ImportAnimation=False; AnimationType=None; AvatarSetup=NoAvatar; HasAvatar=False","Unknown","No imported/embedded animation clips detected"
"SM_Veh_Car_Destroyed_01","FBX / ModelImporter","Assets/PolygonBattleRoyale/Models/SM_Veh_Car_Destroyed_01.fbx","PolygonBattleRoyale","No","No",0,"","No","ImportAnimation=False; AnimationType=None; AvatarSetup=NoAvatar; HasAvatar=False","Unknown","No imported/embedded animation clips detected"
"SM_Veh_Car_Plate_01","FBX / ModelImporter","Assets/PolygonBattleRoyale/Models/SM_Veh_Car_Plate_01.fbx","PolygonBattleRoyale","No","No",0,"","No","ImportAnimation=False; AnimationType=None; AvatarSetup=NoAvatar; HasAvatar=False","Unknown","No imported/embedded animation clips detected"
"SM_Veh_Light_Armored_Car_01","FBX / ModelImporter","Assets/PolygonBattleRoyale/Models/SM_Veh_Light_Armored_Car_01.fbx","PolygonBattleRoyale","No","No",0,"","No","ImportAnimation=False; AnimationType=None; AvatarSetup=NoAvatar; HasAvatar=False","Unknown","No imported/embedded animation clips detected"
"SM_Veh_Light_Car_Destroyed_01","FBX / ModelImporter","Assets/PolygonBattleRoyale/Models/SM_Veh_Light_Car_Destroyed_01.fbx","PolygonBattleRoyale","No","No",0,"","No","ImportAnimation=False; AnimationType=None; AvatarSetup=NoAvatar; HasAvatar=False","Unknown","No imported/embedded animation clips detected"
"SM_Veh_Plane_01","FBX / ModelImporter","Assets/PolygonBattleRoyale/Models/SM_Veh_Plane_01.fbx","PolygonBattleRoyale","No","No",0,"","No","ImportAnimation=False; AnimationType=None; AvatarSetup=NoAvatar; HasAvatar=False","Unknown","No imported/embedded animation clips detected"
"SM_Veh_Plane_Destroyed_01","FBX / ModelImporter","Assets/PolygonBattleRoyale/Models/SM_Veh_Plane_Destroyed_01.fbx","PolygonBattleRoyale","No","No",0,"","No","ImportAnimation=False; AnimationType=None; AvatarSetup=NoAvatar; HasAvatar=False","Unknown","No imported/embedded animation clips detected"
"SM_Veh_Tank_Russia_01","FBX / ModelImporter","Assets/PolygonBattleRoyale/Models/SM_Veh_Tank_Russia_01.fbx","PolygonBattleRoyale","No","No",0,"","No","ImportAnimation=False; AnimationType=None; AvatarSetup=NoAvatar; HasAvatar=False","Unknown","No imported/embedded animation clips detected"
"SM_Veh_Tank_Russia_Destroyed_01","FBX / ModelImporter","Assets/PolygonBattleRoyale/Models/SM_Veh_Tank_Russia_Destroyed_01.fbx","PolygonBattleRoyale","No","No",0,"","No","ImportAnimation=False; AnimationType=None; AvatarSetup=NoAvatar; HasAvatar=False","Unknown","No imported/embedded animation clips detected"
"SM_Veh_Tank_USA_01","FBX / ModelImporter","Assets/PolygonBattleRoyale/Models/SM_Veh_Tank_USA_01.fbx","PolygonBattleRoyale","No","No",0,"","No","ImportAnimation=False; AnimationType=None; AvatarSetup=NoAvatar; HasAvatar=False","Unknown","No imported/embedded animation clips detected"
"SM_Veh_Tank_USA_Destroyed_01","FBX / ModelImporter","Assets/PolygonBattleRoyale/Models/SM_Veh_Tank_USA_Destroyed_01.fbx","PolygonBattleRoyale","No","No",0,"","No","ImportAnimation=False; AnimationType=None; AvatarSetup=NoAvatar; HasAvatar=False","Unknown","No imported/embedded animation clips detected"
"SM_Veh_Truck_01","FBX / ModelImporter","Assets/PolygonBattleRoyale/Models/SM_Veh_Truck_01.fbx","PolygonBattleRoyale","No","No",0,"","No","ImportAnimation=False; AnimationType=None; AvatarSetup=NoAvatar; HasAvatar=False","Unknown","No imported/embedded animation clips detected"
"SM_Veh_Truck_Destroyed_01","FBX / ModelImporter","Assets/PolygonBattleRoyale/Models/SM_Veh_Truck_Destroyed_01.fbx","PolygonBattleRoyale","No","No",0,"","No","ImportAnimation=False; AnimationType=None; AvatarSetup=NoAvatar; HasAvatar=False","Unknown","No imported/embedded animation clips detected"
"SM_Wep_Attachment_Grip_01","FBX / ModelImporter","Assets/PolygonBattleRoyale/Models/SM_Wep_Attachment_Grip_01.fbx","PolygonBattleRoyale","No","No",0,"","No","ImportAnimation=False; AnimationType=None; AvatarSetup=NoAvatar; HasAvatar=False","Unknown","No imported/embedded animation clips detected"
"SM_Wep_Attachment_Redot_01","FBX / ModelImporter","Assets/PolygonBattleRoyale/Models/SM_Wep_Attachment_Redot_01.fbx","PolygonBattleRoyale","No","No",0,"","No","ImportAnimation=False; AnimationType=None; AvatarSetup=NoAvatar; HasAvatar=False","Unknown","No imported/embedded animation clips detected"
"SM_Wep_Attachment_Silencer_01","FBX / ModelImporter","Assets/PolygonBattleRoyale/Models/SM_Wep_Attachment_Silencer_01.fbx","PolygonBattleRoyale","No","No",0,"","No","ImportAnimation=False; AnimationType=None; AvatarSetup=NoAvatar; HasAvatar=False","Unknown","No imported/embedded animation clips detected"
"SM_Wep_Bat_01","FBX / ModelImporter","Assets/PolygonBattleRoyale/Models/SM_Wep_Bat_01.fbx","PolygonBattleRoyale","No","No",0,"","No","ImportAnimation=False; AnimationType=None; AvatarSetup=NoAvatar; HasAvatar=False","Unknown","No imported/embedded animation clips detected"
"SM_Wep_Bullet_Ammo_01","FBX / ModelImporter","Assets/PolygonBattleRoyale/Models/SM_Wep_Bullet_Ammo_01.fbx","PolygonBattleRoyale","No","No",0,"","No","ImportAnimation=False; AnimationType=None; AvatarSetup=NoAvatar; HasAvatar=False","Unknown","No imported/embedded animation clips detected"
"SM_Wep_Bullet_Ammo_02","FBX / ModelImporter","Assets/PolygonBattleRoyale/Models/SM_Wep_Bullet_Ammo_02.fbx","PolygonBattleRoyale","No","No",0,"","No","ImportAnimation=False; AnimationType=None; AvatarSetup=NoAvatar; HasAvatar=False","Unknown","No imported/embedded animation clips detected"
"SM_Wep_Bullet_Ammo_Box_01","FBX / ModelImporter","Assets/PolygonBattleRoyale/Models/SM_Wep_Bullet_Ammo_Box_01.fbx","PolygonBattleRoyale","No","No",0,"","No","ImportAnimation=False; AnimationType=None; AvatarSetup=NoAvatar; HasAvatar=False","Unknown","No imported/embedded animation clips detected"
"SM_Wep_Bullet_Ammo_Box_02","FBX / ModelImporter","Assets/PolygonBattleRoyale/Models/SM_Wep_Bullet_Ammo_Box_02.fbx","PolygonBattleRoyale","No","No",0,"","No","ImportAnimation=False; AnimationType=None; AvatarSetup=NoAvatar; HasAvatar=False","Unknown","No imported/embedded animation clips detected"
"SM_Wep_Bullet_Ammo_Pile_01","FBX / ModelImporter","Assets/PolygonBattleRoyale/Models/SM_Wep_Bullet_Ammo_Pile_01.fbx","PolygonBattleRoyale","No","No",0,"","No","ImportAnimation=False; AnimationType=None; AvatarSetup=NoAvatar; HasAvatar=False","Unknown","No imported/embedded animation clips detected"
"SM_Wep_Crosshair_01","FBX / ModelImporter","Assets/PolygonBattleRoyale/Models/SM_Wep_Crosshair_01.fbx","PolygonBattleRoyale","No","No",0,"","No","ImportAnimation=False; AnimationType=None; AvatarSetup=NoAvatar; HasAvatar=False","Unknown","No imported/embedded animation clips detected"
"SM_Wep_Crosshair_02","FBX / ModelImporter","Assets/PolygonBattleRoyale/Models/SM_Wep_Crosshair_02.fbx","PolygonBattleRoyale","No","No",0,"","No","ImportAnimation=False; AnimationType=None; AvatarSetup=NoAvatar; HasAvatar=False","Unknown","No imported/embedded animation clips detected"
"SM_Wep_Crosshair_03","FBX / ModelImporter","Assets/PolygonBattleRoyale/Models/SM_Wep_Crosshair_03.fbx","PolygonBattleRoyale","No","No",0,"","No","ImportAnimation=False; AnimationType=None; AvatarSetup=NoAvatar; HasAvatar=False","Unknown","No imported/embedded animation clips detected"
"SM_Wep_Crosshair_04","FBX / ModelImporter","Assets/PolygonBattleRoyale/Models/SM_Wep_Crosshair_04.fbx","PolygonBattleRoyale","No","No",0,"","No","ImportAnimation=False; AnimationType=None; AvatarSetup=NoAvatar; HasAvatar=False","Unknown","No imported/embedded animation clips detected"
"SM_Wep_Crosshair_05","FBX / ModelImporter","Assets/PolygonBattleRoyale/Models/SM_Wep_Crosshair_05.fbx","PolygonBattleRoyale","No","No",0,"","No","ImportAnimation=False; AnimationType=None; AvatarSetup=NoAvatar; HasAvatar=False","Unknown","No imported/embedded animation clips detected"
"SM_Wep_Crosshair_Sniper_01","FBX / ModelImporter","Assets/PolygonBattleRoyale/Models/SM_Wep_Crosshair_Sniper_01.fbx","PolygonBattleRoyale","No","No",0,"","No","ImportAnimation=False; AnimationType=None; AvatarSetup=NoAvatar; HasAvatar=False","Unknown","No imported/embedded animation clips detected"
"SM_Wep_Crowbar_01","FBX / ModelImporter","Assets/PolygonBattleRoyale/Models/SM_Wep_Crowbar_01.fbx","PolygonBattleRoyale","No","No",0,"","No","ImportAnimation=False; AnimationType=None; AvatarSetup=NoAvatar; HasAvatar=False","Unknown","No imported/embedded animation clips detected"
"SM_Wep_Fireaxe_01","FBX / ModelImporter","Assets/PolygonBattleRoyale/Models/SM_Wep_Fireaxe_01.fbx","PolygonBattleRoyale","No","No",0,"","No","ImportAnimation=False; AnimationType=None; AvatarSetup=NoAvatar; HasAvatar=False","Unknown","No imported/embedded animation clips detected"
"SM_Wep_Flare_Ammo_01","FBX / ModelImporter","Assets/PolygonBattleRoyale/Models/SM_Wep_Flare_Ammo_01.fbx","PolygonBattleRoyale","No","No",0,"","No","ImportAnimation=False; AnimationType=None; AvatarSetup=NoAvatar; HasAvatar=False","Unknown","No imported/embedded animation clips detected"
"SM_Wep_Grenade_01","FBX / ModelImporter","Assets/PolygonBattleRoyale/Models/SM_Wep_Grenade_01.fbx","PolygonBattleRoyale","No","No",0,"","No","ImportAnimation=False; AnimationType=None; AvatarSetup=NoAvatar; HasAvatar=False","Unknown","No imported/embedded animation clips detected"
"SM_Wep_Grenade_Ammo_01","FBX / ModelImporter","Assets/PolygonBattleRoyale/Models/SM_Wep_Grenade_Ammo_01.fbx","PolygonBattleRoyale","No","No",0,"","No","ImportAnimation=False; AnimationType=None; AvatarSetup=NoAvatar; HasAvatar=False","Unknown","No imported/embedded animation clips detected"
"SM_Wep_Grenade_Ammo_Box_01","FBX / ModelImporter","Assets/PolygonBattleRoyale/Models/SM_Wep_Grenade_Ammo_Box_01.fbx","PolygonBattleRoyale","No","No",0,"","No","ImportAnimation=False; AnimationType=None; AvatarSetup=NoAvatar; HasAvatar=False","Unknown","No imported/embedded animation clips detected"
"SM_Wep_Grenade_Ammo_Pile_01","FBX / ModelImporter","Assets/PolygonBattleRoyale/Models/SM_Wep_Grenade_Ammo_Pile_01.fbx","PolygonBattleRoyale","No","No",0,"","No","ImportAnimation=False; AnimationType=None; AvatarSetup=NoAvatar; HasAvatar=False","Unknown","No imported/embedded animation clips detected"
"SM_Wep_Grenade_Launcher_01","FBX / ModelImporter","Assets/PolygonBattleRoyale/Models/SM_Wep_Grenade_Launcher_01.fbx","PolygonBattleRoyale","No","No",0,"","No","ImportAnimation=False; AnimationType=None; AvatarSetup=NoAvatar; HasAvatar=False","Unknown","No imported/embedded animation clips detected"
"SM_Wep_Grenade_Smoke_01","FBX / ModelImporter","Assets/PolygonBattleRoyale/Models/SM_Wep_Grenade_Smoke_01.fbx","PolygonBattleRoyale","No","No",0,"","No","ImportAnimation=False; AnimationType=None; AvatarSetup=NoAvatar; HasAvatar=False","Unknown","No imported/embedded animation clips detected"
"SM_Wep_Machete_01","FBX / ModelImporter","Assets/PolygonBattleRoyale/Models/SM_Wep_Machete_01.fbx","PolygonBattleRoyale","No","No",0,"","No","ImportAnimation=False; AnimationType=None; AvatarSetup=NoAvatar; HasAvatar=False","Unknown","No imported/embedded animation clips detected"
"SM_Wep_MachineGun_01","FBX / ModelImporter","Assets/PolygonBattleRoyale/Models/SM_Wep_MachineGun_01.fbx","PolygonBattleRoyale","No","No",0,"","No","ImportAnimation=False; AnimationType=None; AvatarSetup=NoAvatar; HasAvatar=False","Unknown","No imported/embedded animation clips detected"
"SM_Wep_Pan_01","FBX / ModelImporter","Assets/PolygonBattleRoyale/Models/SM_Wep_Pan_01.fbx","PolygonBattleRoyale","No","No",0,"","No","ImportAnimation=False; AnimationType=None; AvatarSetup=NoAvatar; HasAvatar=False","Unknown","No imported/embedded animation clips detected"
"SM_Wep_Pickaxe_01","FBX / ModelImporter","Assets/PolygonBattleRoyale/Models/SM_Wep_Pickaxe_01.fbx","PolygonBattleRoyale","No","No",0,"","No","ImportAnimation=False; AnimationType=None; AvatarSetup=NoAvatar; HasAvatar=False","Unknown","No imported/embedded animation clips detected"
"SM_Wep_Pistol_Ammo_01","FBX / ModelImporter","Assets/PolygonBattleRoyale/Models/SM_Wep_Pistol_Ammo_01.fbx","PolygonBattleRoyale","No","No",0,"","No","ImportAnimation=False; AnimationType=None; AvatarSetup=NoAvatar; HasAvatar=False","Unknown","No imported/embedded animation clips detected"
"SM_Wep_Pistol_Ammo_Box_01","FBX / ModelImporter","Assets/PolygonBattleRoyale/Models/SM_Wep_Pistol_Ammo_Box_01.fbx","PolygonBattleRoyale","No","No",0,"","No","ImportAnimation=False; AnimationType=None; AvatarSetup=NoAvatar; HasAvatar=False","Unknown","No imported/embedded animation clips detected"
"SM_Wep_Pistol_Ammo_Pile_01","FBX / ModelImporter","Assets/PolygonBattleRoyale/Models/SM_Wep_Pistol_Ammo_Pile_01.fbx","PolygonBattleRoyale","No","No",0,"","No","ImportAnimation=False; AnimationType=None; AvatarSetup=NoAvatar; HasAvatar=False","Unknown","No imported/embedded animation clips detected"
"SM_Wep_Pistol_Bullet_01","FBX / ModelImporter","Assets/PolygonBattleRoyale/Models/SM_Wep_Pistol_Bullet_01.fbx","PolygonBattleRoyale","No","No",0,"","No","ImportAnimation=False; AnimationType=None; AvatarSetup=NoAvatar; HasAvatar=False","Unknown","No imported/embedded animation clips detected"
"SM_Wep_Pistol_Flare_01","FBX / ModelImporter","Assets/PolygonBattleRoyale/Models/SM_Wep_Pistol_Flare_01.fbx","PolygonBattleRoyale","No","No",0,"","No","ImportAnimation=False; AnimationType=None; AvatarSetup=NoAvatar; HasAvatar=False","Unknown","No imported/embedded animation clips detected"
"SM_Wep_Pistol_Heavy_01","FBX / ModelImporter","Assets/PolygonBattleRoyale/Models/SM_Wep_Pistol_Heavy_01.fbx","PolygonBattleRoyale","No","No",0,"","No","ImportAnimation=False; AnimationType=None; AvatarSetup=NoAvatar; HasAvatar=False","Unknown","No imported/embedded animation clips detected"
"SM_Wep_Pistol_Revolver_01","FBX / ModelImporter","Assets/PolygonBattleRoyale/Models/SM_Wep_Pistol_Revolver_01.fbx","PolygonBattleRoyale","No","No",0,"","No","ImportAnimation=False; AnimationType=None; AvatarSetup=NoAvatar; HasAvatar=False","Unknown","No imported/embedded animation clips detected"
"SM_Wep_Revolver_Snub_01","FBX / ModelImporter","Assets/PolygonBattleRoyale/Models/SM_Wep_Revolver_Snub_01.fbx","PolygonBattleRoyale","No","No",0,"","No","ImportAnimation=False; AnimationType=None; AvatarSetup=NoAvatar; HasAvatar=False","Unknown","No imported/embedded animation clips detected"
"SM_Wep_Rifle_Assault_01","FBX / ModelImporter","Assets/PolygonBattleRoyale/Models/SM_Wep_Rifle_Assault_01.fbx","PolygonBattleRoyale","No","No",0,"","No","ImportAnimation=False; AnimationType=None; AvatarSetup=NoAvatar; HasAvatar=False","Unknown","No imported/embedded animation clips detected"
"SM_Wep_Rifle_Assault_02","FBX / ModelImporter","Assets/PolygonBattleRoyale/Models/SM_Wep_Rifle_Assault_02.fbx","PolygonBattleRoyale","No","No",0,"","No","ImportAnimation=False; AnimationType=None; AvatarSetup=NoAvatar; HasAvatar=False","Unknown","No imported/embedded animation clips detected"
"SM_Wep_Rifle_Assault_03","FBX / ModelImporter","Assets/PolygonBattleRoyale/Models/SM_Wep_Rifle_Assault_03.fbx","PolygonBattleRoyale","No","No",0,"","No","ImportAnimation=False; AnimationType=None; AvatarSetup=NoAvatar; HasAvatar=False","Unknown","No imported/embedded animation clips detected"
"SM_Wep_Rifle_Assault_04","FBX / ModelImporter","Assets/PolygonBattleRoyale/Models/SM_Wep_Rifle_Assault_04.fbx","PolygonBattleRoyale","No","No",0,"","No","ImportAnimation=False; AnimationType=None; AvatarSetup=NoAvatar; HasAvatar=False","Unknown","No imported/embedded animation clips detected"
"SM_Wep_Rifle_Assault_05","FBX / ModelImporter","Assets/PolygonBattleRoyale/Models/SM_Wep_Rifle_Assault_05.fbx","PolygonBattleRoyale","No","No",0,"","No","ImportAnimation=False; AnimationType=None; AvatarSetup=NoAvatar; HasAvatar=False","Unknown","No imported/embedded animation clips detected"
"SM_Wep_RiotShield_01","FBX / ModelImporter","Assets/PolygonBattleRoyale/Models/SM_Wep_RiotShield_01.fbx","PolygonBattleRoyale","No","No",0,"","No","ImportAnimation=False; AnimationType=None; AvatarSetup=NoAvatar; HasAvatar=False","Unknown","No imported/embedded animation clips detected"
"SM_Wep_RPG_01","FBX / ModelImporter","Assets/PolygonBattleRoyale/Models/SM_Wep_RPG_01.fbx","PolygonBattleRoyale","No","No",0,"","No","ImportAnimation=False; AnimationType=None; AvatarSetup=NoAvatar; HasAvatar=False","Unknown","No imported/embedded animation clips detected"
"SM_Wep_RPG_Rocket_Active_01","FBX / ModelImporter","Assets/PolygonBattleRoyale/Models/SM_Wep_RPG_Rocket_Active_01.fbx","PolygonBattleRoyale","No","No",0,"","No","ImportAnimation=False; AnimationType=None; AvatarSetup=NoAvatar; HasAvatar=False","Unknown","No imported/embedded animation clips detected"
"SM_Wep_Shotgun_01","FBX / ModelImporter","Assets/PolygonBattleRoyale/Models/SM_Wep_Shotgun_01.fbx","PolygonBattleRoyale","No","No",0,"","No","ImportAnimation=False; AnimationType=None; AvatarSetup=NoAvatar; HasAvatar=False","Unknown","No imported/embedded animation clips detected"
"SM_Wep_Shotgun_Ammo_01","FBX / ModelImporter","Assets/PolygonBattleRoyale/Models/SM_Wep_Shotgun_Ammo_01.fbx","PolygonBattleRoyale","No","No",0,"","No","ImportAnimation=False; AnimationType=None; AvatarSetup=NoAvatar; HasAvatar=False","Unknown","No imported/embedded animation clips detected"
"SM_Wep_Shotgun_Ammo_Box_01","FBX / ModelImporter","Assets/PolygonBattleRoyale/Models/SM_Wep_Shotgun_Ammo_Box_01.fbx","PolygonBattleRoyale","No","No",0,"","No","ImportAnimation=False; AnimationType=None; AvatarSetup=NoAvatar; HasAvatar=False","Unknown","No imported/embedded animation clips detected"
"SM_Wep_Shotgun_Ammo_Pile_01","FBX / ModelImporter","Assets/PolygonBattleRoyale/Models/SM_Wep_Shotgun_Ammo_Pile_01.fbx","PolygonBattleRoyale","No","No",0,"","No","ImportAnimation=False; AnimationType=None; AvatarSetup=NoAvatar; HasAvatar=False","Unknown","No imported/embedded animation clips detected"
"SM_Wep_Sniper_01","FBX / ModelImporter","Assets/PolygonBattleRoyale/Models/SM_Wep_Sniper_01.fbx","PolygonBattleRoyale","No","No",0,"","No","ImportAnimation=False; AnimationType=None; AvatarSetup=NoAvatar; HasAvatar=False","Unknown","No imported/embedded animation clips detected"
"SM_Wep_Sniper_Heavy_01","FBX / ModelImporter","Assets/PolygonBattleRoyale/Models/SM_Wep_Sniper_Heavy_01.fbx","PolygonBattleRoyale","No","No",0,"","No","ImportAnimation=False; AnimationType=None; AvatarSetup=NoAvatar; HasAvatar=False","Unknown","No imported/embedded animation clips detected"
"SM_Wep_Sniper_Lite_01","FBX / ModelImporter","Assets/PolygonBattleRoyale/Models/SM_Wep_Sniper_Lite_01.fbx","PolygonBattleRoyale","No","No",0,"","No","ImportAnimation=False; AnimationType=None; AvatarSetup=NoAvatar; HasAvatar=False","Unknown","No imported/embedded animation clips detected"
"SM_Wep_Sniper_Mil_01","FBX / ModelImporter","Assets/PolygonBattleRoyale/Models/SM_Wep_Sniper_Mil_01.fbx","PolygonBattleRoyale","No","No",0,"","No","ImportAnimation=False; AnimationType=None; AvatarSetup=NoAvatar; HasAvatar=False","Unknown","No imported/embedded animation clips detected"
"SM_Wep_SubMGun_01","FBX / ModelImporter","Assets/PolygonBattleRoyale/Models/SM_Wep_SubMGun_01.fbx","PolygonBattleRoyale","No","No",0,"","No","ImportAnimation=False; AnimationType=None; AvatarSetup=NoAvatar; HasAvatar=False","Unknown","No imported/embedded animation clips detected"
"SM_Wep_SubMGun_Lite_01","FBX / ModelImporter","Assets/PolygonBattleRoyale/Models/SM_Wep_SubMGun_Lite_01.fbx","PolygonBattleRoyale","No","No",0,"","No","ImportAnimation=False; AnimationType=None; AvatarSetup=NoAvatar; HasAvatar=False","Unknown","No imported/embedded animation clips detected"
"Character_70sFemale_01","Prefab","Assets/PolygonBattleRoyale/Prefabs/Characters/Character_70sFemale_01.prefab","PolygonBattleRoyale","No","Yes",0,"","Yes","Animator Count=1; Controllers=None; Avatars=CharactersAvatar","Not Animation","Prefab animation binding scan"
"Character_BusinessMale_01","Prefab","Assets/PolygonBattleRoyale/Prefabs/Characters/Character_BusinessMale_01.prefab","PolygonBattleRoyale","No","Yes",0,"","Yes","Animator Count=1; Controllers=None; Avatars=CharactersAvatar","Not Animation","Prefab animation binding scan"
"Character_GhillieSuit_01","Prefab","Assets/PolygonBattleRoyale/Prefabs/Characters/Character_GhillieSuit_01.prefab","PolygonBattleRoyale","No","Yes",0,"","Yes","Animator Count=1; Controllers=None; Avatars=CharactersAvatar","Not Animation","Prefab animation binding scan"
"Character_GothFemale_01","Prefab","Assets/PolygonBattleRoyale/Prefabs/Characters/Character_GothFemale_01.prefab","PolygonBattleRoyale","No","Yes",0,"","Yes","Animator Count=1; Controllers=None; Avatars=CharactersAvatar","Not Animation","Prefab animation binding scan"
"Character_MercenaryFemale_01","Prefab","Assets/PolygonBattleRoyale/Prefabs/Characters/Character_MercenaryFemale_01.prefab","PolygonBattleRoyale","No","Yes",0,"","Yes","Animator Count=1; Controllers=None; Avatars=CharactersAvatar","Not Animation","Prefab animation binding scan"
"Character_MercenaryMale_01","Prefab","Assets/PolygonBattleRoyale/Prefabs/Characters/Character_MercenaryMale_01.prefab","PolygonBattleRoyale","No","Yes",0,"","Yes","Animator Count=1; Controllers=None; Avatars=CharactersAvatar","Not Animation","Prefab animation binding scan"
"Character_MilitaryFemale_01","Prefab","Assets/PolygonBattleRoyale/Prefabs/Characters/Character_MilitaryFemale_01.prefab","PolygonBattleRoyale","No","Yes",0,"","Yes","Animator Count=1; Controllers=None; Avatars=CharactersAvatar","Not Animation","Prefab animation binding scan"
"Character_MilitaryMale_01","Prefab","Assets/PolygonBattleRoyale/Prefabs/Characters/Character_MilitaryMale_01.prefab","PolygonBattleRoyale","No","Yes",0,"","Yes","Animator Count=1; Controllers=None; Avatars=CharactersAvatar","Not Animation","Prefab animation binding scan"
"Character_RedneckMale_01","Prefab","Assets/PolygonBattleRoyale/Prefabs/Characters/Character_RedneckMale_01.prefab","PolygonBattleRoyale","No","Yes",0,"","Yes","Animator Count=1; Controllers=None; Avatars=CharactersAvatar","Not Animation","Prefab animation binding scan"
"Character_SportsBraFemale_01","Prefab","Assets/PolygonBattleRoyale/Prefabs/Characters/Character_SportsBraFemale_01.prefab","PolygonBattleRoyale","No","Yes",0,"","Yes","Animator Count=1; Controllers=None; Avatars=CharactersAvatar","Not Animation","Prefab animation binding scan"
"Character_SportyFemale_01","Prefab","Assets/PolygonBattleRoyale/Prefabs/Characters/Character_SportyFemale_01.prefab","PolygonBattleRoyale","No","Yes",0,"","Yes","Animator Count=1; Controllers=None; Avatars=CharactersAvatar","Not Animation","Prefab animation binding scan"
"Character_SportyFemale_02","Prefab","Assets/PolygonBattleRoyale/Prefabs/Characters/Character_SportyFemale_02.prefab","PolygonBattleRoyale","No","Yes",0,"","Yes","Animator Count=1; Controllers=None; Avatars=CharactersAvatar","Not Animation","Prefab animation binding scan"
"Character_SportyMale_01","Prefab","Assets/PolygonBattleRoyale/Prefabs/Characters/Character_SportyMale_01.prefab","PolygonBattleRoyale","No","Yes",0,"","Yes","Animator Count=1; Controllers=None; Avatars=CharactersAvatar","Not Animation","Prefab animation binding scan"
"Character_SportyMale_02","Prefab","Assets/PolygonBattleRoyale/Prefabs/Characters/Character_SportyMale_02.prefab","PolygonBattleRoyale","No","Yes",0,"","Yes","Animator Count=1; Controllers=None; Avatars=CharactersAvatar","Not Animation","Prefab animation binding scan"
"Character_ToplessMale_01","Prefab","Assets/PolygonBattleRoyale/Prefabs/Characters/Character_ToplessMale_01.prefab","PolygonBattleRoyale","No","Yes",0,"","Yes","Animator Count=1; Controllers=None; Avatars=CharactersAvatar","Not Animation","Prefab animation binding scan"
"Bullet_Trail_FX","Prefab","Assets/PolygonBattleRoyale/Prefabs/FX/Bullet_Trail_FX.prefab","PolygonBattleRoyale","No","Yes",0,"","Yes","Animator Count=1; Controllers=None; Avatars=FX_Bullet_TrailAvatar","Not Animation","Prefab animation binding scan"
"Zombies","Avatar","Assets/PolygonZombies/Models/Zombies.fbx","PolygonZombies","Yes","No",0,"","Yes","ZombiesAvatar IsHuman=True IsValid=True","Not Animation","Avatar subasset(s): ZombiesAvatar"
"SM_Chr_Attach_Axe_01","FBX / ModelImporter","Assets/PolygonZombies/Models/SM_Chr_Attach_Axe_01.fbx","PolygonZombies","Yes","No",0,"","No","ImportAnimation=False; AnimationType=None; AvatarSetup=NoAvatar; HasAvatar=False","Unknown","No imported/embedded animation clips detected"
"SM_Chr_Attach_Bar_01","FBX / ModelImporter","Assets/PolygonZombies/Models/SM_Chr_Attach_Bar_01.fbx","PolygonZombies","Yes","No",0,"","No","ImportAnimation=False; AnimationType=None; AvatarSetup=NoAvatar; HasAvatar=False","Unknown","No imported/embedded animation clips detected"
"SM_Chr_Attach_Bar_02","FBX / ModelImporter","Assets/PolygonZombies/Models/SM_Chr_Attach_Bar_02.fbx","PolygonZombies","Yes","No",0,"","No","ImportAnimation=False; AnimationType=None; AvatarSetup=NoAvatar; HasAvatar=False","Unknown","No imported/embedded animation clips detected"
"SM_Chr_Attach_Cleaver_01","FBX / ModelImporter","Assets/PolygonZombies/Models/SM_Chr_Attach_Cleaver_01.fbx","PolygonZombies","Yes","No",0,"","No","ImportAnimation=False; AnimationType=None; AvatarSetup=NoAvatar; HasAvatar=False","Unknown","No imported/embedded animation clips detected"
"SM_Chr_Attach_Knife_01","FBX / ModelImporter","Assets/PolygonZombies/Models/SM_Chr_Attach_Knife_01.fbx","PolygonZombies","Yes","No",0,"","No","ImportAnimation=False; AnimationType=None; AvatarSetup=NoAvatar; HasAvatar=False","Unknown","No imported/embedded animation clips detected"
"SM_Chr_Attach_Scissors_01","FBX / ModelImporter","Assets/PolygonZombies/Models/SM_Chr_Attach_Scissors_01.fbx","PolygonZombies","Yes","No",0,"","No","ImportAnimation=False; AnimationType=None; AvatarSetup=NoAvatar; HasAvatar=False","Unknown","No imported/embedded animation clips detected"
"Zombies","FBX / ModelImporter","Assets/PolygonZombies/Models/Zombies.fbx","PolygonZombies","Yes","No",0,"","Yes","ImportAnimation=False; AnimationType=Human; AvatarSetup=CreateFromThisModel; HasAvatar=True","Unknown","No imported/embedded animation clips detected"
"SM_Chr_Attach_Axe_01","Prefab","Assets/PolygonZombies/Prefabs/SM_Chr_Attach_Axe_01.prefab","PolygonZombies","Yes","No",0,"","No","Animator Count=0; Controllers=None; Avatars=None","Not Animation","Prefab animation binding scan"
"SM_Chr_Attach_Bar_01","Prefab","Assets/PolygonZombies/Prefabs/SM_Chr_Attach_Bar_01.prefab","PolygonZombies","Yes","No",0,"","No","Animator Count=0; Controllers=None; Avatars=None","Not Animation","Prefab animation binding scan"
"SM_Chr_Attach_Bar_02","Prefab","Assets/PolygonZombies/Prefabs/SM_Chr_Attach_Bar_02.prefab","PolygonZombies","Yes","No",0,"","No","Animator Count=0; Controllers=None; Avatars=None","Not Animation","Prefab animation binding scan"
"SM_Chr_Attach_Cleaver_01","Prefab","Assets/PolygonZombies/Prefabs/SM_Chr_Attach_Cleaver_01.prefab","PolygonZombies","Yes","No",0,"","No","Animator Count=0; Controllers=None; Avatars=None","Not Animation","Prefab animation binding scan"
"SM_Chr_Attach_Knife_01","Prefab","Assets/PolygonZombies/Prefabs/SM_Chr_Attach_Knife_01.prefab","PolygonZombies","Yes","No",0,"","No","Animator Count=0; Controllers=None; Avatars=None","Not Animation","Prefab animation binding scan"
"SM_Chr_Attach_Scissors_01","Prefab","Assets/PolygonZombies/Prefabs/SM_Chr_Attach_Scissors_01.prefab","PolygonZombies","Yes","No",0,"","No","Animator Count=0; Controllers=None; Avatars=None","Not Animation","Prefab animation binding scan"
"Zombie_Bellboy_Male_01","Prefab","Assets/PolygonZombies/Prefabs/Zombie_Bellboy_Male_01.prefab","PolygonZombies","Yes","Yes",0,"","Yes","Animator Count=1; Controllers=None; Avatars=ZombiesAvatar","Not Animation","Prefab animation binding scan"
"Zombie_Biker_Male_01","Prefab","Assets/PolygonZombies/Prefabs/Zombie_Biker_Male_01.prefab","PolygonZombies","Yes","Yes",0,"","Yes","Animator Count=1; Controllers=None; Avatars=ZombiesAvatar","Not Animation","Prefab animation binding scan"
"Zombie_BioHazardSuit_Male_01","Prefab","Assets/PolygonZombies/Prefabs/Zombie_BioHazardSuit_Male_01.prefab","PolygonZombies","Yes","Yes",0,"","Yes","Animator Count=1; Controllers=None; Avatars=ZombiesAvatar","Not Animation","Target model/prefab candidate"
"Zombie_Bride_Female_01","Prefab","Assets/PolygonZombies/Prefabs/Zombie_Bride_Female_01.prefab","PolygonZombies","Yes","Yes",0,"","Yes","Animator Count=1; Controllers=None; Avatars=ZombiesAvatar","Not Animation","Prefab animation binding scan"
"Zombie_Business_Female_01","Prefab","Assets/PolygonZombies/Prefabs/Zombie_Business_Female_01.prefab","PolygonZombies","Yes","Yes",0,"","Yes","Animator Count=1; Controllers=None; Avatars=ZombiesAvatar","Not Animation","Prefab animation binding scan"
"Zombie_Businessman_Male_01","Prefab","Assets/PolygonZombies/Prefabs/Zombie_Businessman_Male_01.prefab","PolygonZombies","Yes","Yes",0,"","Yes","Animator Count=1; Controllers=None; Avatars=ZombiesAvatar","Not Animation","Prefab animation binding scan"
"Zombie_BusinessShirt_Male_01","Prefab","Assets/PolygonZombies/Prefabs/Zombie_BusinessShirt_Male_01.prefab","PolygonZombies","Yes","Yes",0,"","Yes","Animator Count=1; Controllers=None; Avatars=ZombiesAvatar","Not Animation","Prefab animation binding scan"
"Zombie_Cheerleader_Female_01","Prefab","Assets/PolygonZombies/Prefabs/Zombie_Cheerleader_Female_01.prefab","PolygonZombies","Yes","Yes",0,"","Yes","Animator Count=1; Controllers=None; Avatars=ZombiesAvatar","Not Animation","Prefab animation binding scan"
"Zombie_Clown_Male_01","Prefab","Assets/PolygonZombies/Prefabs/Zombie_Clown_Male_01.prefab","PolygonZombies","Yes","Yes",0,"","Yes","Animator Count=1; Controllers=None; Avatars=ZombiesAvatar","Not Animation","Prefab animation binding scan"
"Zombie_Coat_Female_01","Prefab","Assets/PolygonZombies/Prefabs/Zombie_Coat_Female_01.prefab","PolygonZombies","Yes","Yes",0,"","Yes","Animator Count=1; Controllers=None; Avatars=ZombiesAvatar","Not Animation","Prefab animation binding scan"
"Zombie_Daughter_Female_01","Prefab","Assets/PolygonZombies/Prefabs/Zombie_Daughter_Female_01.prefab","PolygonZombies","Yes","Yes",0,"","Yes","Animator Count=1; Controllers=None; Avatars=ZombiesAvatar","Not Animation","Prefab animation binding scan"
"Zombie_Diver_Male_01","Prefab","Assets/PolygonZombies/Prefabs/Zombie_Diver_Male_01.prefab","PolygonZombies","Yes","Yes",0,"","Yes","Animator Count=1; Controllers=None; Avatars=ZombiesAvatar","Not Animation","Prefab animation binding scan"
"Zombie_FastfoodWorker_Male_01","Prefab","Assets/PolygonZombies/Prefabs/Zombie_FastfoodWorker_Male_01.prefab","PolygonZombies","Yes","Yes",0,"","Yes","Animator Count=1; Controllers=None; Avatars=ZombiesAvatar","Not Animation","Prefab animation binding scan"
"Zombie_Father_Male_01","Prefab","Assets/PolygonZombies/Prefabs/Zombie_Father_Male_01.prefab","PolygonZombies","Yes","Yes",0,"","Yes","Animator Count=1; Controllers=None; Avatars=ZombiesAvatar","Not Animation","Prefab animation binding scan"
"Zombie_Father_Male_02","Prefab","Assets/PolygonZombies/Prefabs/Zombie_Father_Male_02.prefab","PolygonZombies","Yes","Yes",0,"","Yes","Animator Count=1; Controllers=None; Avatars=ZombiesAvatar","Not Animation","Prefab animation binding scan"
"Zombie_Firefighter_Male_01","Prefab","Assets/PolygonZombies/Prefabs/Zombie_Firefighter_Male_01.prefab","PolygonZombies","Yes","Yes",0,"","Yes","Animator Count=1; Controllers=None; Avatars=ZombiesAvatar","Not Animation","Prefab animation binding scan"
"Zombie_Footballer_Male_01","Prefab","Assets/PolygonZombies/Prefabs/Zombie_Footballer_Male_01.prefab","PolygonZombies","Yes","Yes",0,"","Yes","Animator Count=1; Controllers=None; Avatars=ZombiesAvatar","Not Animation","Prefab animation binding scan"
"Zombie_GamerGirl_Female_01","Prefab","Assets/PolygonZombies/Prefabs/Zombie_GamerGirl_Female_01.prefab","PolygonZombies","Yes","Yes",0,"","Yes","Animator Count=1; Controllers=None; Avatars=ZombiesAvatar","Not Animation","Prefab animation binding scan"
"Zombie_Gangster_Male_01","Prefab","Assets/PolygonZombies/Prefabs/Zombie_Gangster_Male_01.prefab","PolygonZombies","Yes","Yes",0,"","Yes","Animator Count=1; Controllers=None; Avatars=ZombiesAvatar","Not Animation","Prefab animation binding scan"
"Zombie_Grandma_Female_01","Prefab","Assets/PolygonZombies/Prefabs/Zombie_Grandma_Female_01.prefab","PolygonZombies","Yes","Yes",0,"","Yes","Animator Count=1; Controllers=None; Avatars=ZombiesAvatar","Not Animation","Prefab animation binding scan"
"Zombie_Grandpa_Male_01","Prefab","Assets/PolygonZombies/Prefabs/Zombie_Grandpa_Male_01.prefab","PolygonZombies","Yes","Yes",0,"","Yes","Animator Count=1; Controllers=None; Avatars=ZombiesAvatar","Not Animation","Prefab animation binding scan"
"Zombie_Hipster_Female_01","Prefab","Assets/PolygonZombies/Prefabs/Zombie_Hipster_Female_01.prefab","PolygonZombies","Yes","Yes",0,"","Yes","Animator Count=1; Controllers=None; Avatars=ZombiesAvatar","Not Animation","Prefab animation binding scan"
"Zombie_Hipster_Male_01","Prefab","Assets/PolygonZombies/Prefabs/Zombie_Hipster_Male_01.prefab","PolygonZombies","Yes","Yes",0,"","Yes","Animator Count=1; Controllers=None; Avatars=ZombiesAvatar","Not Animation","Prefab animation binding scan"
"Zombie_Hobo_Male_01","Prefab","Assets/PolygonZombies/Prefabs/Zombie_Hobo_Male_01.prefab","PolygonZombies","Yes","Yes",0,"","Yes","Animator Count=1; Controllers=None; Avatars=ZombiesAvatar","Not Animation","Prefab animation binding scan"
"Zombie_Hoodie_Male_01","Prefab","Assets/PolygonZombies/Prefabs/Zombie_Hoodie_Male_01.prefab","PolygonZombies","Yes","Yes",0,"","Yes","Animator Count=1; Controllers=None; Avatars=ZombiesAvatar","Not Animation","Prefab animation binding scan"
"Zombie_HotDogSuit_Male_01","Prefab","Assets/PolygonZombies/Prefabs/Zombie_HotDogSuit_Male_01.prefab","PolygonZombies","Yes","Yes",0,"","Yes","Animator Count=1; Controllers=None; Avatars=ZombiesAvatar","Not Animation","Prefab animation binding scan"
"Zombie_Jacket_Female_01","Prefab","Assets/PolygonZombies/Prefabs/Zombie_Jacket_Female_01.prefab","PolygonZombies","Yes","Yes",0,"","Yes","Animator Count=1; Controllers=None; Avatars=ZombiesAvatar","Not Animation","Prefab animation binding scan"
"Zombie_Jacket_Male_01","Prefab","Assets/PolygonZombies/Prefabs/Zombie_Jacket_Male_01.prefab","PolygonZombies","Yes","Yes",0,"","Yes","Animator Count=1; Controllers=None; Avatars=ZombiesAvatar","Not Animation","Prefab animation binding scan"
"Zombie_Jock_Male_01","Prefab","Assets/PolygonZombies/Prefabs/Zombie_Jock_Male_01.prefab","PolygonZombies","Yes","Yes",0,"","Yes","Animator Count=1; Controllers=None; Avatars=ZombiesAvatar","Not Animation","Prefab animation binding scan"
"Zombie_Military_Male_01","Prefab","Assets/PolygonZombies/Prefabs/Zombie_Military_Male_01.prefab","PolygonZombies","Yes","Yes",0,"","Yes","Animator Count=1; Controllers=None; Avatars=ZombiesAvatar","Not Animation","Prefab animation binding scan"
"Zombie_Mother_Female_01","Prefab","Assets/PolygonZombies/Prefabs/Zombie_Mother_Female_01.prefab","PolygonZombies","Yes","Yes",0,"","Yes","Animator Count=1; Controllers=None; Avatars=ZombiesAvatar","Not Animation","Prefab animation binding scan"
"Zombie_Mother_Female_02","Prefab","Assets/PolygonZombies/Prefabs/Zombie_Mother_Female_02.prefab","PolygonZombies","Yes","Yes",0,"","Yes","Animator Count=1; Controllers=None; Avatars=ZombiesAvatar","Not Animation","Prefab animation binding scan"
"Zombie_Paramedic_Female_01","Prefab","Assets/PolygonZombies/Prefabs/Zombie_Paramedic_Female_01.prefab","PolygonZombies","Yes","Yes",0,"","Yes","Animator Count=1; Controllers=None; Avatars=ZombiesAvatar","Not Animation","Prefab animation binding scan"
"Zombie_Patient_Female_01","Prefab","Assets/PolygonZombies/Prefabs/Zombie_Patient_Female_01.prefab","PolygonZombies","Yes","Yes",0,"","Yes","Animator Count=1; Controllers=None; Avatars=ZombiesAvatar","Not Animation","Prefab animation binding scan"
"Zombie_Police_Female_01","Prefab","Assets/PolygonZombies/Prefabs/Zombie_Police_Female_01.prefab","PolygonZombies","Yes","Yes",0,"","Yes","Animator Count=1; Controllers=None; Avatars=ZombiesAvatar","Not Animation","Prefab animation binding scan"
"Zombie_Police_Male_01","Prefab","Assets/PolygonZombies/Prefabs/Zombie_Police_Male_01.prefab","PolygonZombies","Yes","Yes",0,"","Yes","Animator Count=1; Controllers=None; Avatars=ZombiesAvatar","Not Animation","Prefab animation binding scan"
"Zombie_Prisoner_Male_01","Prefab","Assets/PolygonZombies/Prefabs/Zombie_Prisoner_Male_01.prefab","PolygonZombies","Yes","Yes",0,"","Yes","Animator Count=1; Controllers=None; Avatars=ZombiesAvatar","Not Animation","Prefab animation binding scan"
"Zombie_Punk_Female_01","Prefab","Assets/PolygonZombies/Prefabs/Zombie_Punk_Female_01.prefab","PolygonZombies","Yes","Yes",0,"","Yes","Animator Count=1; Controllers=None; Avatars=ZombiesAvatar","Not Animation","Prefab animation binding scan"
"Zombie_Punk_Male_01","Prefab","Assets/PolygonZombies/Prefabs/Zombie_Punk_Male_01.prefab","PolygonZombies","Yes","Yes",0,"","Yes","Animator Count=1; Controllers=None; Avatars=ZombiesAvatar","Not Animation","Prefab animation binding scan"
"Zombie_RiotCop_Male_01","Prefab","Assets/PolygonZombies/Prefabs/Zombie_RiotCop_Male_01.prefab","PolygonZombies","Yes","Yes",0,"","Yes","Animator Count=1; Controllers=None; Avatars=ZombiesAvatar","Not Animation","Prefab animation binding scan"
"Zombie_Roadworker_Male_01","Prefab","Assets/PolygonZombies/Prefabs/Zombie_Roadworker_Male_01.prefab","PolygonZombies","Yes","Yes",0,"","Yes","Animator Count=1; Controllers=None; Avatars=ZombiesAvatar","Not Animation","Prefab animation binding scan"
"Zombie_SchoolBoy_Male_01","Prefab","Assets/PolygonZombies/Prefabs/Zombie_SchoolBoy_Male_01.prefab","PolygonZombies","Yes","Yes",0,"","Yes","Animator Count=1; Controllers=None; Avatars=ZombiesAvatar","Not Animation","Prefab animation binding scan"
"Zombie_SchoolGirl_Female_01","Prefab","Assets/PolygonZombies/Prefabs/Zombie_SchoolGirl_Female_01.prefab","PolygonZombies","Yes","Yes",0,"","Yes","Animator Count=1; Controllers=None; Avatars=ZombiesAvatar","Not Animation","Prefab animation binding scan"
"Zombie_ShopKeeper_Female_01","Prefab","Assets/PolygonZombies/Prefabs/Zombie_ShopKeeper_Female_01.prefab","PolygonZombies","Yes","Yes",0,"","Yes","Animator Count=1; Controllers=None; Avatars=ZombiesAvatar","Not Animation","Prefab animation binding scan"
"Zombie_ShopKeeper_Male_01","Prefab","Assets/PolygonZombies/Prefabs/Zombie_ShopKeeper_Male_01.prefab","PolygonZombies","Yes","Yes",0,"","Yes","Animator Count=1; Controllers=None; Avatars=ZombiesAvatar","Not Animation","Prefab animation binding scan"
"Zombie_Son_Male_01","Prefab","Assets/PolygonZombies/Prefabs/Zombie_Son_Male_01.prefab","PolygonZombies","Yes","Yes",0,"","Yes","Animator Count=1; Controllers=None; Avatars=ZombiesAvatar","Not Animation","Prefab animation binding scan"
"Zombie_SummerGirl_Female_01","Prefab","Assets/PolygonZombies/Prefabs/Zombie_SummerGirl_Female_01.prefab","PolygonZombies","Yes","Yes",0,"","Yes","Animator Count=1; Controllers=None; Avatars=ZombiesAvatar","Not Animation","Prefab animation binding scan"
"Zombie_Tourist_Male_01","Prefab","Assets/PolygonZombies/Prefabs/Zombie_Tourist_Male_01.prefab","PolygonZombies","Yes","Yes",0,"","Yes","Animator Count=1; Controllers=None; Avatars=ZombiesAvatar","Not Animation","Prefab animation binding scan"
"Zombie_Underwear_Female_01","Prefab","Assets/PolygonZombies/Prefabs/Zombie_Underwear_Female_01.prefab","PolygonZombies","Yes","Yes",0,"","Yes","Animator Count=1; Controllers=None; Avatars=ZombiesAvatar","Not Animation","Prefab animation binding scan"
"Zombie_Underwear_Male_01","Prefab","Assets/PolygonZombies/Prefabs/Zombie_Underwear_Male_01.prefab","PolygonZombies","Yes","Yes",0,"","Yes","Animator Count=1; Controllers=None; Avatars=ZombiesAvatar","Not Animation","Prefab animation binding scan"
"SO_AwardFrame","FBX / ModelImporter","Assets/SimpleOfficeInteriors/_Models/SO_AwardFrame.fbx","SimpleOfficeInteriors","No","No",0,"","No","ImportAnimation=False; AnimationType=None; AvatarSetup=NoAvatar; HasAvatar=False","Unknown","No imported/embedded animation clips detected"
"SO_Book_01","FBX / ModelImporter","Assets/SimpleOfficeInteriors/_Models/SO_Book_01.fbx","SimpleOfficeInteriors","No","No",0,"","No","ImportAnimation=False; AnimationType=None; AvatarSetup=NoAvatar; HasAvatar=False","Unknown","No imported/embedded animation clips detected"
"SO_Book_02","FBX / ModelImporter","Assets/SimpleOfficeInteriors/_Models/SO_Book_02.fbx","SimpleOfficeInteriors","No","No",0,"","No","ImportAnimation=False; AnimationType=None; AvatarSetup=NoAvatar; HasAvatar=False","Unknown","No imported/embedded animation clips detected"
"SO_Book_03","FBX / ModelImporter","Assets/SimpleOfficeInteriors/_Models/SO_Book_03.fbx","SimpleOfficeInteriors","No","No",0,"","No","ImportAnimation=False; AnimationType=None; AvatarSetup=NoAvatar; HasAvatar=False","Unknown","No imported/embedded animation clips detected"
"SO_Bookbox_01","FBX / ModelImporter","Assets/SimpleOfficeInteriors/_Models/SO_Bookbox_01.fbx","SimpleOfficeInteriors","No","No",0,"","No","ImportAnimation=False; AnimationType=None; AvatarSetup=NoAvatar; HasAvatar=False","Unknown","No imported/embedded animation clips detected"
"SO_Bookbox_02","FBX / ModelImporter","Assets/SimpleOfficeInteriors/_Models/SO_Bookbox_02.fbx","SimpleOfficeInteriors","No","No",0,"","No","ImportAnimation=False; AnimationType=None; AvatarSetup=NoAvatar; HasAvatar=False","Unknown","No imported/embedded animation clips detected"
"SO_Boxfile_01","FBX / ModelImporter","Assets/SimpleOfficeInteriors/_Models/SO_Boxfile_01.fbx","SimpleOfficeInteriors","No","No",0,"","No","ImportAnimation=False; AnimationType=None; AvatarSetup=NoAvatar; HasAvatar=False","Unknown","No imported/embedded animation clips detected"
"SO_Boxfile_02","FBX / ModelImporter","Assets/SimpleOfficeInteriors/_Models/SO_Boxfile_02.fbx","SimpleOfficeInteriors","No","No",0,"","No","ImportAnimation=False; AnimationType=None; AvatarSetup=NoAvatar; HasAvatar=False","Unknown","No imported/embedded animation clips detected"
"SO_Boxfile_03","FBX / ModelImporter","Assets/SimpleOfficeInteriors/_Models/SO_Boxfile_03.fbx","SimpleOfficeInteriors","No","No",0,"","No","ImportAnimation=False; AnimationType=None; AvatarSetup=NoAvatar; HasAvatar=False","Unknown","No imported/embedded animation clips detected"
"SO_Boxfile_04","FBX / ModelImporter","Assets/SimpleOfficeInteriors/_Models/SO_Boxfile_04.fbx","SimpleOfficeInteriors","No","No",0,"","No","ImportAnimation=False; AnimationType=None; AvatarSetup=NoAvatar; HasAvatar=False","Unknown","No imported/embedded animation clips detected"
"SO_Boxfile_05","FBX / ModelImporter","Assets/SimpleOfficeInteriors/_Models/SO_Boxfile_05.fbx","SimpleOfficeInteriors","No","No",0,"","No","ImportAnimation=False; AnimationType=None; AvatarSetup=NoAvatar; HasAvatar=False","Unknown","No imported/embedded animation clips detected"
"SO_Boxfile_06","FBX / ModelImporter","Assets/SimpleOfficeInteriors/_Models/SO_Boxfile_06.fbx","SimpleOfficeInteriors","No","No",0,"","No","ImportAnimation=False; AnimationType=None; AvatarSetup=NoAvatar; HasAvatar=False","Unknown","No imported/embedded animation clips detected"
"SO_Boxfile_07","FBX / ModelImporter","Assets/SimpleOfficeInteriors/_Models/SO_Boxfile_07.fbx","SimpleOfficeInteriors","No","No",0,"","No","ImportAnimation=False; AnimationType=None; AvatarSetup=NoAvatar; HasAvatar=False","Unknown","No imported/embedded animation clips detected"
"SO_Boxfile_08","FBX / ModelImporter","Assets/SimpleOfficeInteriors/_Models/SO_Boxfile_08.fbx","SimpleOfficeInteriors","No","No",0,"","No","ImportAnimation=False; AnimationType=None; AvatarSetup=NoAvatar; HasAvatar=False","Unknown","No imported/embedded animation clips detected"
"SO_Broom","FBX / ModelImporter","Assets/SimpleOfficeInteriors/_Models/SO_Broom.fbx","SimpleOfficeInteriors","No","No",0,"","No","ImportAnimation=False; AnimationType=None; AvatarSetup=NoAvatar; HasAvatar=False","Unknown","No imported/embedded animation clips detected"
"SO_Calendar","FBX / ModelImporter","Assets/SimpleOfficeInteriors/_Models/SO_Calendar.fbx","SimpleOfficeInteriors","No","No",0,"","No","ImportAnimation=False; AnimationType=None; AvatarSetup=NoAvatar; HasAvatar=False","Unknown","No imported/embedded animation clips detected"
"SO_CarboardBox_01","FBX / ModelImporter","Assets/SimpleOfficeInteriors/_Models/SO_CarboardBox_01.fbx","SimpleOfficeInteriors","No","No",0,"","No","ImportAnimation=False; AnimationType=None; AvatarSetup=NoAvatar; HasAvatar=False","Unknown","No imported/embedded animation clips detected"
"SO_CarboardBox_02","FBX / ModelImporter","Assets/SimpleOfficeInteriors/_Models/SO_CarboardBox_02.fbx","SimpleOfficeInteriors","No","No",0,"","No","ImportAnimation=False; AnimationType=None; AvatarSetup=NoAvatar; HasAvatar=False","Unknown","No imported/embedded animation clips detected"
"SO_Ceiling","FBX / ModelImporter","Assets/SimpleOfficeInteriors/_Models/SO_Ceiling.fbx","SimpleOfficeInteriors","No","No",0,"","No","ImportAnimation=False; AnimationType=None; AvatarSetup=NoAvatar; HasAvatar=False","Unknown","No imported/embedded animation clips detected"
"SO_CeilingFan","FBX / ModelImporter","Assets/SimpleOfficeInteriors/_Models/SO_CeilingFan.fbx","SimpleOfficeInteriors","No","No",0,"","No","ImportAnimation=False; AnimationType=None; AvatarSetup=NoAvatar; HasAvatar=False","Unknown","No imported/embedded animation clips detected"
"SO_Cellphone","FBX / ModelImporter","Assets/SimpleOfficeInteriors/_Models/SO_Cellphone.fbx","SimpleOfficeInteriors","No","No",0,"","No","ImportAnimation=False; AnimationType=None; AvatarSetup=NoAvatar; HasAvatar=False","Unknown","No imported/embedded animation clips detected"
"SO_Chair01","FBX / ModelImporter","Assets/SimpleOfficeInteriors/_Models/SO_Chair01.fbx","SimpleOfficeInteriors","No","No",0,"","No","ImportAnimation=False; AnimationType=None; AvatarSetup=NoAvatar; HasAvatar=False","Unknown","No imported/embedded animation clips detected"
"SO_Chair02","FBX / ModelImporter","Assets/SimpleOfficeInteriors/_Models/SO_Chair02.fbx","SimpleOfficeInteriors","No","No",0,"","No","ImportAnimation=False; AnimationType=None; AvatarSetup=NoAvatar; HasAvatar=False","Unknown","No imported/embedded animation clips detected"
"SO_Chair03","FBX / ModelImporter","Assets/SimpleOfficeInteriors/_Models/SO_Chair03.fbx","SimpleOfficeInteriors","No","No",0,"","No","ImportAnimation=False; AnimationType=None; AvatarSetup=NoAvatar; HasAvatar=False","Unknown","No imported/embedded animation clips detected"
"SO_Chair04","FBX / ModelImporter","Assets/SimpleOfficeInteriors/_Models/SO_Chair04.fbx","SimpleOfficeInteriors","No","No",0,"","No","ImportAnimation=False; AnimationType=None; AvatarSetup=NoAvatar; HasAvatar=False","Unknown","No imported/embedded animation clips detected"
"SO_Clipboard","FBX / ModelImporter","Assets/SimpleOfficeInteriors/_Models/SO_Clipboard.fbx","SimpleOfficeInteriors","No","No",0,"","No","ImportAnimation=False; AnimationType=None; AvatarSetup=NoAvatar; HasAvatar=False","Unknown","No imported/embedded animation clips detected"
"SO_Clock","FBX / ModelImporter","Assets/SimpleOfficeInteriors/_Models/SO_Clock.fbx","SimpleOfficeInteriors","No","No",0,"","No","ImportAnimation=False; AnimationType=None; AvatarSetup=NoAvatar; HasAvatar=False","Unknown","No imported/embedded animation clips detected"
"SO_CoffeeCup_01","FBX / ModelImporter","Assets/SimpleOfficeInteriors/_Models/SO_CoffeeCup_01.fbx","SimpleOfficeInteriors","No","No",0,"","No","ImportAnimation=False; AnimationType=None; AvatarSetup=NoAvatar; HasAvatar=False","Unknown","No imported/embedded animation clips detected"
"SO_CoffeeCup_02","FBX / ModelImporter","Assets/SimpleOfficeInteriors/_Models/SO_CoffeeCup_02.fbx","SimpleOfficeInteriors","No","No",0,"","No","ImportAnimation=False; AnimationType=None; AvatarSetup=NoAvatar; HasAvatar=False","Unknown","No imported/embedded animation clips detected"
"SO_Coffeetable_01","FBX / ModelImporter","Assets/SimpleOfficeInteriors/_Models/SO_Coffeetable_01.fbx","SimpleOfficeInteriors","No","No",0,"","No","ImportAnimation=False; AnimationType=None; AvatarSetup=NoAvatar; HasAvatar=False","Unknown","No imported/embedded animation clips detected"
"SO_Coffeetable_02","FBX / ModelImporter","Assets/SimpleOfficeInteriors/_Models/SO_Coffeetable_02.fbx","SimpleOfficeInteriors","No","No",0,"","No","ImportAnimation=False; AnimationType=None; AvatarSetup=NoAvatar; HasAvatar=False","Unknown","No imported/embedded animation clips detected"
"SO_ComputerTower","FBX / ModelImporter","Assets/SimpleOfficeInteriors/_Models/SO_ComputerTower.fbx","SimpleOfficeInteriors","No","No",0,"","No","ImportAnimation=False; AnimationType=None; AvatarSetup=NoAvatar; HasAvatar=False","Unknown","No imported/embedded animation clips detected"
"SO_ConferencePhone","FBX / ModelImporter","Assets/SimpleOfficeInteriors/_Models/SO_ConferencePhone.fbx","SimpleOfficeInteriors","No","No",0,"","No","ImportAnimation=False; AnimationType=None; AvatarSetup=NoAvatar; HasAvatar=False","Unknown","No imported/embedded animation clips detected"
"SO_Couch_01","FBX / ModelImporter","Assets/SimpleOfficeInteriors/_Models/SO_Couch_01.fbx","SimpleOfficeInteriors","No","No",0,"","No","ImportAnimation=False; AnimationType=None; AvatarSetup=NoAvatar; HasAvatar=False","Unknown","No imported/embedded animation clips detected"
"SO_Couch_02","FBX / ModelImporter","Assets/SimpleOfficeInteriors/_Models/SO_Couch_02.fbx","SimpleOfficeInteriors","No","No",0,"","No","ImportAnimation=False; AnimationType=None; AvatarSetup=NoAvatar; HasAvatar=False","Unknown","No imported/embedded animation clips detected"
"SO_Couch_03","FBX / ModelImporter","Assets/SimpleOfficeInteriors/_Models/SO_Couch_03.fbx","SimpleOfficeInteriors","No","No",0,"","No","ImportAnimation=False; AnimationType=None; AvatarSetup=NoAvatar; HasAvatar=False","Unknown","No imported/embedded animation clips detected"
"SO_Couch_04","FBX / ModelImporter","Assets/SimpleOfficeInteriors/_Models/SO_Couch_04.fbx","SimpleOfficeInteriors","No","No",0,"","No","ImportAnimation=False; AnimationType=None; AvatarSetup=NoAvatar; HasAvatar=False","Unknown","No imported/embedded animation clips detected"
"SO_Cupboard","FBX / ModelImporter","Assets/SimpleOfficeInteriors/_Models/SO_Cupboard.fbx","SimpleOfficeInteriors","No","No",0,"","No","ImportAnimation=False; AnimationType=None; AvatarSetup=NoAvatar; HasAvatar=False","Unknown","No imported/embedded animation clips detected"
"SO_Desk_01","FBX / ModelImporter","Assets/SimpleOfficeInteriors/_Models/SO_Desk_01.fbx","SimpleOfficeInteriors","No","No",0,"","No","ImportAnimation=False; AnimationType=None; AvatarSetup=NoAvatar; HasAvatar=False","Unknown","No imported/embedded animation clips detected"
"SO_Desk_02","FBX / ModelImporter","Assets/SimpleOfficeInteriors/_Models/SO_Desk_02.fbx","SimpleOfficeInteriors","No","No",0,"","No","ImportAnimation=False; AnimationType=None; AvatarSetup=NoAvatar; HasAvatar=False","Unknown","No imported/embedded animation clips detected"
"SO_Desk_03","FBX / ModelImporter","Assets/SimpleOfficeInteriors/_Models/SO_Desk_03.fbx","SimpleOfficeInteriors","No","No",0,"","No","ImportAnimation=False; AnimationType=None; AvatarSetup=NoAvatar; HasAvatar=False","Unknown","No imported/embedded animation clips detected"
"SO_Desk_04","FBX / ModelImporter","Assets/SimpleOfficeInteriors/_Models/SO_Desk_04.fbx","SimpleOfficeInteriors","No","No",0,"","No","ImportAnimation=False; AnimationType=None; AvatarSetup=NoAvatar; HasAvatar=False","Unknown","No imported/embedded animation clips detected"
"SO_Desk_05","FBX / ModelImporter","Assets/SimpleOfficeInteriors/_Models/SO_Desk_05.fbx","SimpleOfficeInteriors","No","No",0,"","No","ImportAnimation=False; AnimationType=None; AvatarSetup=NoAvatar; HasAvatar=False","Unknown","No imported/embedded animation clips detected"
"SO_Desk_06","FBX / ModelImporter","Assets/SimpleOfficeInteriors/_Models/SO_Desk_06.fbx","SimpleOfficeInteriors","No","No",0,"","No","ImportAnimation=False; AnimationType=None; AvatarSetup=NoAvatar; HasAvatar=False","Unknown","No imported/embedded animation clips detected"
"SO_Deskfan","FBX / ModelImporter","Assets/SimpleOfficeInteriors/_Models/SO_Deskfan.fbx","SimpleOfficeInteriors","No","No",0,"","No","ImportAnimation=False; AnimationType=None; AvatarSetup=NoAvatar; HasAvatar=False","Unknown","No imported/embedded animation clips detected"
"SO_Deskphone_01","FBX / ModelImporter","Assets/SimpleOfficeInteriors/_Models/SO_Deskphone_01.fbx","SimpleOfficeInteriors","No","No",0,"","No","ImportAnimation=False; AnimationType=None; AvatarSetup=NoAvatar; HasAvatar=False","Unknown","No imported/embedded animation clips detected"
"SO_DeskPreset_01","FBX / ModelImporter","Assets/SimpleOfficeInteriors/_Models/SO_DeskPreset_01.fbx","SimpleOfficeInteriors","No","No",0,"","No","ImportAnimation=False; AnimationType=None; AvatarSetup=NoAvatar; HasAvatar=False","Unknown","No imported/embedded animation clips detected"
"SO_DeskPreset_02","FBX / ModelImporter","Assets/SimpleOfficeInteriors/_Models/SO_DeskPreset_02.fbx","SimpleOfficeInteriors","No","No",0,"","No","ImportAnimation=False; AnimationType=None; AvatarSetup=NoAvatar; HasAvatar=False","Unknown","No imported/embedded animation clips detected"
"SO_DeskPreset_03","FBX / ModelImporter","Assets/SimpleOfficeInteriors/_Models/SO_DeskPreset_03.fbx","SimpleOfficeInteriors","No","No",0,"","No","ImportAnimation=False; AnimationType=None; AvatarSetup=NoAvatar; HasAvatar=False","Unknown","No imported/embedded animation clips detected"
"SO_DeskPreset_04","FBX / ModelImporter","Assets/SimpleOfficeInteriors/_Models/SO_DeskPreset_04.fbx","SimpleOfficeInteriors","No","No",0,"","No","ImportAnimation=False; AnimationType=None; AvatarSetup=NoAvatar; HasAvatar=False","Unknown","No imported/embedded animation clips detected"
"SO_DeskPreset_05","FBX / ModelImporter","Assets/SimpleOfficeInteriors/_Models/SO_DeskPreset_05.fbx","SimpleOfficeInteriors","No","No",0,"","No","ImportAnimation=False; AnimationType=None; AvatarSetup=NoAvatar; HasAvatar=False","Unknown","No imported/embedded animation clips detected"
"SO_DeskPreset_06","FBX / ModelImporter","Assets/SimpleOfficeInteriors/_Models/SO_DeskPreset_06.fbx","SimpleOfficeInteriors","No","No",0,"","No","ImportAnimation=False; AnimationType=None; AvatarSetup=NoAvatar; HasAvatar=False","Unknown","No imported/embedded animation clips detected"
"SO_Door","FBX / ModelImporter","Assets/SimpleOfficeInteriors/_Models/SO_Door.fbx","SimpleOfficeInteriors","No","No",0,"","No","ImportAnimation=False; AnimationType=None; AvatarSetup=NoAvatar; HasAvatar=False","Unknown","No imported/embedded animation clips detected"
"SO_Drain","FBX / ModelImporter","Assets/SimpleOfficeInteriors/_Models/SO_Drain.fbx","SimpleOfficeInteriors","No","No",0,"","No","ImportAnimation=False; AnimationType=None; AvatarSetup=NoAvatar; HasAvatar=False","Unknown","No imported/embedded animation clips detected"
"SO_Elevator_Button","FBX / ModelImporter","Assets/SimpleOfficeInteriors/_Models/SO_Elevator_Button.fbx","SimpleOfficeInteriors","No","No",0,"","No","ImportAnimation=False; AnimationType=None; AvatarSetup=NoAvatar; HasAvatar=False","Unknown","No imported/embedded animation clips detected"
"SO_ExitSign","FBX / ModelImporter","Assets/SimpleOfficeInteriors/_Models/SO_ExitSign.fbx","SimpleOfficeInteriors","No","No",0,"","No","ImportAnimation=False; AnimationType=None; AvatarSetup=NoAvatar; HasAvatar=False","Unknown","No imported/embedded animation clips detected"
"SO_FileBox_01","FBX / ModelImporter","Assets/SimpleOfficeInteriors/_Models/SO_FileBox_01.fbx","SimpleOfficeInteriors","No","No",0,"","No","ImportAnimation=False; AnimationType=None; AvatarSetup=NoAvatar; HasAvatar=False","Unknown","No imported/embedded animation clips detected"
"SO_FileBox_02","FBX / ModelImporter","Assets/SimpleOfficeInteriors/_Models/SO_FileBox_02.fbx","SimpleOfficeInteriors","No","No",0,"","No","ImportAnimation=False; AnimationType=None; AvatarSetup=NoAvatar; HasAvatar=False","Unknown","No imported/embedded animation clips detected"
"SO_FileCabinet_01","FBX / ModelImporter","Assets/SimpleOfficeInteriors/_Models/SO_FileCabinet_01.fbx","SimpleOfficeInteriors","No","No",0,"","No","ImportAnimation=False; AnimationType=None; AvatarSetup=NoAvatar; HasAvatar=False","Unknown","No imported/embedded animation clips detected"
"SO_FileCabinet_02","FBX / ModelImporter","Assets/SimpleOfficeInteriors/_Models/SO_FileCabinet_02.fbx","SimpleOfficeInteriors","No","No",0,"","No","ImportAnimation=False; AnimationType=None; AvatarSetup=NoAvatar; HasAvatar=False","Unknown","No imported/embedded animation clips detected"
"SO_FireExtinguisher","FBX / ModelImporter","Assets/SimpleOfficeInteriors/_Models/SO_FireExtinguisher.fbx","SimpleOfficeInteriors","No","No",0,"","No","ImportAnimation=False; AnimationType=None; AvatarSetup=NoAvatar; HasAvatar=False","Unknown","No imported/embedded animation clips detected"
"SO_Floor_01","FBX / ModelImporter","Assets/SimpleOfficeInteriors/_Models/SO_Floor_01.fbx","SimpleOfficeInteriors","No","No",0,"","No","ImportAnimation=False; AnimationType=None; AvatarSetup=NoAvatar; HasAvatar=False","Unknown","No imported/embedded animation clips detected"
"SO_Floor_02","FBX / ModelImporter","Assets/SimpleOfficeInteriors/_Models/SO_Floor_02.fbx","SimpleOfficeInteriors","No","No",0,"","No","ImportAnimation=False; AnimationType=None; AvatarSetup=NoAvatar; HasAvatar=False","Unknown","No imported/embedded animation clips detected"
"SO_Floor_Carpet_Grey","FBX / ModelImporter","Assets/SimpleOfficeInteriors/_Models/SO_Floor_Carpet_Grey.fbx","SimpleOfficeInteriors","No","No",0,"","No","ImportAnimation=False; AnimationType=None; AvatarSetup=NoAvatar; HasAvatar=False","Unknown","No imported/embedded animation clips detected"
"SO_Floppydisk_01","FBX / ModelImporter","Assets/SimpleOfficeInteriors/_Models/SO_Floppydisk_01.fbx","SimpleOfficeInteriors","No","No",0,"","No","ImportAnimation=False; AnimationType=None; AvatarSetup=NoAvatar; HasAvatar=False","Unknown","No imported/embedded animation clips detected"
"SO_Floppydisk_02","FBX / ModelImporter","Assets/SimpleOfficeInteriors/_Models/SO_Floppydisk_02.fbx","SimpleOfficeInteriors","No","No",0,"","No","ImportAnimation=False; AnimationType=None; AvatarSetup=NoAvatar; HasAvatar=False","Unknown","No imported/embedded animation clips detected"
"SO_Floppydisk_03","FBX / ModelImporter","Assets/SimpleOfficeInteriors/_Models/SO_Floppydisk_03.fbx","SimpleOfficeInteriors","No","No",0,"","No","ImportAnimation=False; AnimationType=None; AvatarSetup=NoAvatar; HasAvatar=False","Unknown","No imported/embedded animation clips detected"
"SO_Floppydisk_04","FBX / ModelImporter","Assets/SimpleOfficeInteriors/_Models/SO_Floppydisk_04.fbx","SimpleOfficeInteriors","No","No",0,"","No","ImportAnimation=False; AnimationType=None; AvatarSetup=NoAvatar; HasAvatar=False","Unknown","No imported/embedded animation clips detected"
"SO_FluorescentLight","FBX / ModelImporter","Assets/SimpleOfficeInteriors/_Models/SO_FluorescentLight.fbx","SimpleOfficeInteriors","No","No",0,"","No","ImportAnimation=False; AnimationType=None; AvatarSetup=NoAvatar; HasAvatar=False","Unknown","No imported/embedded animation clips detected"
"SO_HandDryer","FBX / ModelImporter","Assets/SimpleOfficeInteriors/_Models/SO_HandDryer.fbx","SimpleOfficeInteriors","No","No",0,"","No","ImportAnimation=False; AnimationType=None; AvatarSetup=NoAvatar; HasAvatar=False","Unknown","No imported/embedded animation clips detected"
"SO_JanitorCart","FBX / ModelImporter","Assets/SimpleOfficeInteriors/_Models/SO_JanitorCart.fbx","SimpleOfficeInteriors","No","No",0,"","No","ImportAnimation=False; AnimationType=None; AvatarSetup=NoAvatar; HasAvatar=False","Unknown","No imported/embedded animation clips detected"
"SO_Keyboard_01","FBX / ModelImporter","Assets/SimpleOfficeInteriors/_Models/SO_Keyboard_01.fbx","SimpleOfficeInteriors","No","No",0,"","No","ImportAnimation=False; AnimationType=None; AvatarSetup=NoAvatar; HasAvatar=False","Unknown","No imported/embedded animation clips detected"
"SO_Keyboard_02","FBX / ModelImporter","Assets/SimpleOfficeInteriors/_Models/SO_Keyboard_02.fbx","SimpleOfficeInteriors","No","No",0,"","No","ImportAnimation=False; AnimationType=None; AvatarSetup=NoAvatar; HasAvatar=False","Unknown","No imported/embedded animation clips detected"
"SO_Lamp_01","FBX / ModelImporter","Assets/SimpleOfficeInteriors/_Models/SO_Lamp_01.fbx","SimpleOfficeInteriors","No","No",0,"","No","ImportAnimation=False; AnimationType=None; AvatarSetup=NoAvatar; HasAvatar=False","Unknown","No imported/embedded animation clips detected"
"SO_Lamp_02","FBX / ModelImporter","Assets/SimpleOfficeInteriors/_Models/SO_Lamp_02.fbx","SimpleOfficeInteriors","No","No",0,"","No","ImportAnimation=False; AnimationType=None; AvatarSetup=NoAvatar; HasAvatar=False","Unknown","No imported/embedded animation clips detected"
"SO_Laptop","FBX / ModelImporter","Assets/SimpleOfficeInteriors/_Models/SO_Laptop.fbx","SimpleOfficeInteriors","No","No",0,"","No","ImportAnimation=False; AnimationType=None; AvatarSetup=NoAvatar; HasAvatar=False","Unknown","No imported/embedded animation clips detected"
"SO_Lightswitch","FBX / ModelImporter","Assets/SimpleOfficeInteriors/_Models/SO_Lightswitch.fbx","SimpleOfficeInteriors","No","No",0,"","No","ImportAnimation=False; AnimationType=None; AvatarSetup=NoAvatar; HasAvatar=False","Unknown","No imported/embedded animation clips detected"
"SO_Lockers_01","FBX / ModelImporter","Assets/SimpleOfficeInteriors/_Models/SO_Lockers_01.fbx","SimpleOfficeInteriors","No","No",0,"","No","ImportAnimation=False; AnimationType=None; AvatarSetup=NoAvatar; HasAvatar=False","Unknown","No imported/embedded animation clips detected"
"SO_Lockers_02","FBX / ModelImporter","Assets/SimpleOfficeInteriors/_Models/SO_Lockers_02.fbx","SimpleOfficeInteriors","No","No",0,"","No","ImportAnimation=False; AnimationType=None; AvatarSetup=NoAvatar; HasAvatar=False","Unknown","No imported/embedded animation clips detected"
"SO_Magazines","FBX / ModelImporter","Assets/SimpleOfficeInteriors/_Models/SO_Magazines.fbx","SimpleOfficeInteriors","No","No",0,"","No","ImportAnimation=False; AnimationType=None; AvatarSetup=NoAvatar; HasAvatar=False","Unknown","No imported/embedded animation clips detected"
"SO_Mirror","FBX / ModelImporter","Assets/SimpleOfficeInteriors/_Models/SO_Mirror.fbx","SimpleOfficeInteriors","No","No",0,"","No","ImportAnimation=False; AnimationType=None; AvatarSetup=NoAvatar; HasAvatar=False","Unknown","No imported/embedded animation clips detected"
"SO_Monitor_01","FBX / ModelImporter","Assets/SimpleOfficeInteriors/_Models/SO_Monitor_01.fbx","SimpleOfficeInteriors","No","No",0,"","No","ImportAnimation=False; AnimationType=None; AvatarSetup=NoAvatar; HasAvatar=False","Unknown","No imported/embedded animation clips detected"
"SO_Monitor_01PostItNotes","FBX / ModelImporter","Assets/SimpleOfficeInteriors/_Models/SO_Monitor_01PostItNotes.fbx","SimpleOfficeInteriors","No","No",0,"","No","ImportAnimation=False; AnimationType=None; AvatarSetup=NoAvatar; HasAvatar=False","Unknown","No imported/embedded animation clips detected"
"SO_Monitor_02","FBX / ModelImporter","Assets/SimpleOfficeInteriors/_Models/SO_Monitor_02.fbx","SimpleOfficeInteriors","No","No",0,"","No","ImportAnimation=False; AnimationType=None; AvatarSetup=NoAvatar; HasAvatar=False","Unknown","No imported/embedded animation clips detected"
"SO_Monitor_03","FBX / ModelImporter","Assets/SimpleOfficeInteriors/_Models/SO_Monitor_03.fbx","SimpleOfficeInteriors","No","No",0,"","No","ImportAnimation=False; AnimationType=None; AvatarSetup=NoAvatar; HasAvatar=False","Unknown","No imported/embedded animation clips detected"
"SO_Mousepad_01","FBX / ModelImporter","Assets/SimpleOfficeInteriors/_Models/SO_Mousepad_01.fbx","SimpleOfficeInteriors","No","No",0,"","No","ImportAnimation=False; AnimationType=None; AvatarSetup=NoAvatar; HasAvatar=False","Unknown","No imported/embedded animation clips detected"
"SO_Mousepad_02","FBX / ModelImporter","Assets/SimpleOfficeInteriors/_Models/SO_Mousepad_02.fbx","SimpleOfficeInteriors","No","No",0,"","No","ImportAnimation=False; AnimationType=None; AvatarSetup=NoAvatar; HasAvatar=False","Unknown","No imported/embedded animation clips detected"
"SO_Notepad_01","FBX / ModelImporter","Assets/SimpleOfficeInteriors/_Models/SO_Notepad_01.fbx","SimpleOfficeInteriors","No","No",0,"","No","ImportAnimation=False; AnimationType=None; AvatarSetup=NoAvatar; HasAvatar=False","Unknown","No imported/embedded animation clips detected"
"SO_Notepad_02","FBX / ModelImporter","Assets/SimpleOfficeInteriors/_Models/SO_Notepad_02.fbx","SimpleOfficeInteriors","No","No",0,"","No","ImportAnimation=False; AnimationType=None; AvatarSetup=NoAvatar; HasAvatar=False","Unknown","No imported/embedded animation clips detected"
"SO_OverheadProjector","FBX / ModelImporter","Assets/SimpleOfficeInteriors/_Models/SO_OverheadProjector.fbx","SimpleOfficeInteriors","No","No",0,"","No","ImportAnimation=False; AnimationType=None; AvatarSetup=NoAvatar; HasAvatar=False","Unknown","No imported/embedded animation clips detected"
"SO_Painting_01","FBX / ModelImporter","Assets/SimpleOfficeInteriors/_Models/SO_Painting_01.fbx","SimpleOfficeInteriors","No","No",0,"","No","ImportAnimation=False; AnimationType=None; AvatarSetup=NoAvatar; HasAvatar=False","Unknown","No imported/embedded animation clips detected"
"SO_Painting_02","FBX / ModelImporter","Assets/SimpleOfficeInteriors/_Models/SO_Painting_02.fbx","SimpleOfficeInteriors","No","No",0,"","No","ImportAnimation=False; AnimationType=None; AvatarSetup=NoAvatar; HasAvatar=False","Unknown","No imported/embedded animation clips detected"
"SO_Papers_01","FBX / ModelImporter","Assets/SimpleOfficeInteriors/_Models/SO_Papers_01.fbx","SimpleOfficeInteriors","No","No",0,"","No","ImportAnimation=False; AnimationType=None; AvatarSetup=NoAvatar; HasAvatar=False","Unknown","No imported/embedded animation clips detected"
"SO_Papers_02","FBX / ModelImporter","Assets/SimpleOfficeInteriors/_Models/SO_Papers_02.fbx","SimpleOfficeInteriors","No","No",0,"","No","ImportAnimation=False; AnimationType=None; AvatarSetup=NoAvatar; HasAvatar=False","Unknown","No imported/embedded animation clips detected"
"SO_Papers_03","FBX / ModelImporter","Assets/SimpleOfficeInteriors/_Models/SO_Papers_03.fbx","SimpleOfficeInteriors","No","No",0,"","No","ImportAnimation=False; AnimationType=None; AvatarSetup=NoAvatar; HasAvatar=False","Unknown","No imported/embedded animation clips detected"
"SO_Papers_04","FBX / ModelImporter","Assets/SimpleOfficeInteriors/_Models/SO_Papers_04.fbx","SimpleOfficeInteriors","No","No",0,"","No","ImportAnimation=False; AnimationType=None; AvatarSetup=NoAvatar; HasAvatar=False","Unknown","No imported/embedded animation clips detected"
"SO_PaperTowelDispenser","FBX / ModelImporter","Assets/SimpleOfficeInteriors/_Models/SO_PaperTowelDispenser.fbx","SimpleOfficeInteriors","No","No",0,"","No","ImportAnimation=False; AnimationType=None; AvatarSetup=NoAvatar; HasAvatar=False","Unknown","No imported/embedded animation clips detected"
"SO_PaperTray_01","FBX / ModelImporter","Assets/SimpleOfficeInteriors/_Models/SO_PaperTray_01.fbx","SimpleOfficeInteriors","No","No",0,"","No","ImportAnimation=False; AnimationType=None; AvatarSetup=NoAvatar; HasAvatar=False","Unknown","No imported/embedded animation clips detected"
"SO_PaperTray_02","FBX / ModelImporter","Assets/SimpleOfficeInteriors/_Models/SO_PaperTray_02.fbx","SimpleOfficeInteriors","No","No",0,"","No","ImportAnimation=False; AnimationType=None; AvatarSetup=NoAvatar; HasAvatar=False","Unknown","No imported/embedded animation clips detected"
"SO_PaperTray_03","FBX / ModelImporter","Assets/SimpleOfficeInteriors/_Models/SO_PaperTray_03.fbx","SimpleOfficeInteriors","No","No",0,"","No","ImportAnimation=False; AnimationType=None; AvatarSetup=NoAvatar; HasAvatar=False","Unknown","No imported/embedded animation clips detected"
"SO_PaperTray_04","FBX / ModelImporter","Assets/SimpleOfficeInteriors/_Models/SO_PaperTray_04.fbx","SimpleOfficeInteriors","No","No",0,"","No","ImportAnimation=False; AnimationType=None; AvatarSetup=NoAvatar; HasAvatar=False","Unknown","No imported/embedded animation clips detected"
"SO_Pen_01","FBX / ModelImporter","Assets/SimpleOfficeInteriors/_Models/SO_Pen_01.fbx","SimpleOfficeInteriors","No","No",0,"","No","ImportAnimation=False; AnimationType=None; AvatarSetup=NoAvatar; HasAvatar=False","Unknown","No imported/embedded animation clips detected"
"SO_Pen_02","FBX / ModelImporter","Assets/SimpleOfficeInteriors/_Models/SO_Pen_02.fbx","SimpleOfficeInteriors","No","No",0,"","No","ImportAnimation=False; AnimationType=None; AvatarSetup=NoAvatar; HasAvatar=False","Unknown","No imported/embedded animation clips detected"
"SO_Pen_03","FBX / ModelImporter","Assets/SimpleOfficeInteriors/_Models/SO_Pen_03.fbx","SimpleOfficeInteriors","No","No",0,"","No","ImportAnimation=False; AnimationType=None; AvatarSetup=NoAvatar; HasAvatar=False","Unknown","No imported/embedded animation clips detected"
"SO_Photo_01","FBX / ModelImporter","Assets/SimpleOfficeInteriors/_Models/SO_Photo_01.fbx","SimpleOfficeInteriors","No","No",0,"","No","ImportAnimation=False; AnimationType=None; AvatarSetup=NoAvatar; HasAvatar=False","Unknown","No imported/embedded animation clips detected"
"SO_Photo_02","FBX / ModelImporter","Assets/SimpleOfficeInteriors/_Models/SO_Photo_02.fbx","SimpleOfficeInteriors","No","No",0,"","No","ImportAnimation=False; AnimationType=None; AvatarSetup=NoAvatar; HasAvatar=False","Unknown","No imported/embedded animation clips detected"
"SO_Photocopier","FBX / ModelImporter","Assets/SimpleOfficeInteriors/_Models/SO_Photocopier.fbx","SimpleOfficeInteriors","No","No",0,"","No","ImportAnimation=False; AnimationType=None; AvatarSetup=NoAvatar; HasAvatar=False","Unknown","No imported/embedded animation clips detected"
"SO_Pinboard_01","FBX / ModelImporter","Assets/SimpleOfficeInteriors/_Models/SO_Pinboard_01.fbx","SimpleOfficeInteriors","No","No",0,"","No","ImportAnimation=False; AnimationType=None; AvatarSetup=NoAvatar; HasAvatar=False","Unknown","No imported/embedded animation clips detected"
"SO_Pinboard_02","FBX / ModelImporter","Assets/SimpleOfficeInteriors/_Models/SO_Pinboard_02.fbx","SimpleOfficeInteriors","No","No",0,"","No","ImportAnimation=False; AnimationType=None; AvatarSetup=NoAvatar; HasAvatar=False","Unknown","No imported/embedded animation clips detected"
"SO_Plant_01","FBX / ModelImporter","Assets/SimpleOfficeInteriors/_Models/SO_Plant_01.fbx","SimpleOfficeInteriors","No","No",0,"","No","ImportAnimation=False; AnimationType=None; AvatarSetup=NoAvatar; HasAvatar=False","Unknown","No imported/embedded animation clips detected"
"SO_Plant_02","FBX / ModelImporter","Assets/SimpleOfficeInteriors/_Models/SO_Plant_02.fbx","SimpleOfficeInteriors","No","No",0,"","No","ImportAnimation=False; AnimationType=None; AvatarSetup=NoAvatar; HasAvatar=False","Unknown","No imported/embedded animation clips detected"
"SO_Plant_03","FBX / ModelImporter","Assets/SimpleOfficeInteriors/_Models/SO_Plant_03.fbx","SimpleOfficeInteriors","No","No",0,"","No","ImportAnimation=False; AnimationType=None; AvatarSetup=NoAvatar; HasAvatar=False","Unknown","No imported/embedded animation clips detected"
"SO_Plant_04","FBX / ModelImporter","Assets/SimpleOfficeInteriors/_Models/SO_Plant_04.fbx","SimpleOfficeInteriors","No","No",0,"","No","ImportAnimation=False; AnimationType=None; AvatarSetup=NoAvatar; HasAvatar=False","Unknown","No imported/embedded animation clips detected"
"SO_Plant_05","FBX / ModelImporter","Assets/SimpleOfficeInteriors/_Models/SO_Plant_05.fbx","SimpleOfficeInteriors","No","No",0,"","No","ImportAnimation=False; AnimationType=None; AvatarSetup=NoAvatar; HasAvatar=False","Unknown","No imported/embedded animation clips detected"
"SO_PowerOutlet","FBX / ModelImporter","Assets/SimpleOfficeInteriors/_Models/SO_PowerOutlet.fbx","SimpleOfficeInteriors","No","No",0,"","No","ImportAnimation=False; AnimationType=None; AvatarSetup=NoAvatar; HasAvatar=False","Unknown","No imported/embedded animation clips detected"
"SO_PowerOutletMulti","FBX / ModelImporter","Assets/SimpleOfficeInteriors/_Models/SO_PowerOutletMulti.fbx","SimpleOfficeInteriors","No","No",0,"","No","ImportAnimation=False; AnimationType=None; AvatarSetup=NoAvatar; HasAvatar=False","Unknown","No imported/embedded animation clips detected"
"SO_Printer","FBX / ModelImporter","Assets/SimpleOfficeInteriors/_Models/SO_Printer.fbx","SimpleOfficeInteriors","No","No",0,"","No","ImportAnimation=False; AnimationType=None; AvatarSetup=NoAvatar; HasAvatar=False","Unknown","No imported/embedded animation clips detected"
"SO_RubbishBin_01","FBX / ModelImporter","Assets/SimpleOfficeInteriors/_Models/SO_RubbishBin_01.fbx","SimpleOfficeInteriors","No","No",0,"","No","ImportAnimation=False; AnimationType=None; AvatarSetup=NoAvatar; HasAvatar=False","Unknown","No imported/embedded animation clips detected"
"SO_RubbishBin_02","FBX / ModelImporter","Assets/SimpleOfficeInteriors/_Models/SO_RubbishBin_02.fbx","SimpleOfficeInteriors","No","No",0,"","No","ImportAnimation=False; AnimationType=None; AvatarSetup=NoAvatar; HasAvatar=False","Unknown","No imported/embedded animation clips detected"
"SO_RubixCube","FBX / ModelImporter","Assets/SimpleOfficeInteriors/_Models/SO_RubixCube.fbx","SimpleOfficeInteriors","No","No",0,"","No","ImportAnimation=False; AnimationType=None; AvatarSetup=NoAvatar; HasAvatar=False","Unknown","No imported/embedded animation clips detected"
"SO_Rug_01","FBX / ModelImporter","Assets/SimpleOfficeInteriors/_Models/SO_Rug_01.fbx","SimpleOfficeInteriors","No","No",0,"","No","ImportAnimation=False; AnimationType=None; AvatarSetup=NoAvatar; HasAvatar=False","Unknown","No imported/embedded animation clips detected"
"SO_Rug_02","FBX / ModelImporter","Assets/SimpleOfficeInteriors/_Models/SO_Rug_02.fbx","SimpleOfficeInteriors","No","No",0,"","No","ImportAnimation=False; AnimationType=None; AvatarSetup=NoAvatar; HasAvatar=False","Unknown","No imported/embedded animation clips detected"
"SO_Scanner","FBX / ModelImporter","Assets/SimpleOfficeInteriors/_Models/SO_Scanner.fbx","SimpleOfficeInteriors","No","No",0,"","No","ImportAnimation=False; AnimationType=None; AvatarSetup=NoAvatar; HasAvatar=False","Unknown","No imported/embedded animation clips detected"
"SO_SellotapeDispenser_01","FBX / ModelImporter","Assets/SimpleOfficeInteriors/_Models/SO_SellotapeDispenser_01.fbx","SimpleOfficeInteriors","No","No",0,"","No","ImportAnimation=False; AnimationType=None; AvatarSetup=NoAvatar; HasAvatar=False","Unknown","No imported/embedded animation clips detected"
"SO_SellotapeDispenser_02","FBX / ModelImporter","Assets/SimpleOfficeInteriors/_Models/SO_SellotapeDispenser_02.fbx","SimpleOfficeInteriors","No","No",0,"","No","ImportAnimation=False; AnimationType=None; AvatarSetup=NoAvatar; HasAvatar=False","Unknown","No imported/embedded animation clips detected"
"SO_Shelf_01","FBX / ModelImporter","Assets/SimpleOfficeInteriors/_Models/SO_Shelf_01.fbx","SimpleOfficeInteriors","No","No",0,"","No","ImportAnimation=False; AnimationType=None; AvatarSetup=NoAvatar; HasAvatar=False","Unknown","No imported/embedded animation clips detected"
"SO_Shelf_02","FBX / ModelImporter","Assets/SimpleOfficeInteriors/_Models/SO_Shelf_02.fbx","SimpleOfficeInteriors","No","No",0,"","No","ImportAnimation=False; AnimationType=None; AvatarSetup=NoAvatar; HasAvatar=False","Unknown","No imported/embedded animation clips detected"
"SO_Shelf_03","FBX / ModelImporter","Assets/SimpleOfficeInteriors/_Models/SO_Shelf_03.fbx","SimpleOfficeInteriors","No","No",0,"","No","ImportAnimation=False; AnimationType=None; AvatarSetup=NoAvatar; HasAvatar=False","Unknown","No imported/embedded animation clips detected"
"SO_Sinks","FBX / ModelImporter","Assets/SimpleOfficeInteriors/_Models/SO_Sinks.fbx","SimpleOfficeInteriors","No","No",0,"","No","ImportAnimation=False; AnimationType=None; AvatarSetup=NoAvatar; HasAvatar=False","Unknown","No imported/embedded animation clips detected"
"SO_SoapDispenser","FBX / ModelImporter","Assets/SimpleOfficeInteriors/_Models/SO_SoapDispenser.fbx","SimpleOfficeInteriors","No","No",0,"","No","ImportAnimation=False; AnimationType=None; AvatarSetup=NoAvatar; HasAvatar=False","Unknown","No imported/embedded animation clips detected"
"SO_Stapler","FBX / ModelImporter","Assets/SimpleOfficeInteriors/_Models/SO_Stapler.fbx","SimpleOfficeInteriors","No","No",0,"","No","ImportAnimation=False; AnimationType=None; AvatarSetup=NoAvatar; HasAvatar=False","Unknown","No imported/embedded animation clips detected"
"SO_StickyNote_01","FBX / ModelImporter","Assets/SimpleOfficeInteriors/_Models/SO_StickyNote_01.fbx","SimpleOfficeInteriors","No","No",0,"","No","ImportAnimation=False; AnimationType=None; AvatarSetup=NoAvatar; HasAvatar=False","Unknown","No imported/embedded animation clips detected"
"SO_StickyNote_02","FBX / ModelImporter","Assets/SimpleOfficeInteriors/_Models/SO_StickyNote_02.fbx","SimpleOfficeInteriors","No","No",0,"","No","ImportAnimation=False; AnimationType=None; AvatarSetup=NoAvatar; HasAvatar=False","Unknown","No imported/embedded animation clips detected"
"SO_StickyNote_03","FBX / ModelImporter","Assets/SimpleOfficeInteriors/_Models/SO_StickyNote_03.fbx","SimpleOfficeInteriors","No","No",0,"","No","ImportAnimation=False; AnimationType=None; AvatarSetup=NoAvatar; HasAvatar=False","Unknown","No imported/embedded animation clips detected"
"SO_StickyNotesPack_01","FBX / ModelImporter","Assets/SimpleOfficeInteriors/_Models/SO_StickyNotesPack_01.fbx","SimpleOfficeInteriors","No","No",0,"","No","ImportAnimation=False; AnimationType=None; AvatarSetup=NoAvatar; HasAvatar=False","Unknown","No imported/embedded animation clips detected"
"SO_StickyNotesPack_02","FBX / ModelImporter","Assets/SimpleOfficeInteriors/_Models/SO_StickyNotesPack_02.fbx","SimpleOfficeInteriors","No","No",0,"","No","ImportAnimation=False; AnimationType=None; AvatarSetup=NoAvatar; HasAvatar=False","Unknown","No imported/embedded animation clips detected"
"SO_StickyNotesPack_03","FBX / ModelImporter","Assets/SimpleOfficeInteriors/_Models/SO_StickyNotesPack_03.fbx","SimpleOfficeInteriors","No","No",0,"","No","ImportAnimation=False; AnimationType=None; AvatarSetup=NoAvatar; HasAvatar=False","Unknown","No imported/embedded animation clips detected"
"SO_TablePreset_01","FBX / ModelImporter","Assets/SimpleOfficeInteriors/_Models/SO_TablePreset_01.fbx","SimpleOfficeInteriors","No","No",0,"","No","ImportAnimation=False; AnimationType=None; AvatarSetup=NoAvatar; HasAvatar=False","Unknown","No imported/embedded animation clips detected"
"SO_TablePreset_02","FBX / ModelImporter","Assets/SimpleOfficeInteriors/_Models/SO_TablePreset_02.fbx","SimpleOfficeInteriors","No","No",0,"","No","ImportAnimation=False; AnimationType=None; AvatarSetup=NoAvatar; HasAvatar=False","Unknown","No imported/embedded animation clips detected"
"SO_TablePreset_03","FBX / ModelImporter","Assets/SimpleOfficeInteriors/_Models/SO_TablePreset_03.fbx","SimpleOfficeInteriors","No","No",0,"","No","ImportAnimation=False; AnimationType=None; AvatarSetup=NoAvatar; HasAvatar=False","Unknown","No imported/embedded animation clips detected"
"SO_ToiletStall_01","FBX / ModelImporter","Assets/SimpleOfficeInteriors/_Models/SO_ToiletStall_01.fbx","SimpleOfficeInteriors","No","No",0,"","No","ImportAnimation=False; AnimationType=None; AvatarSetup=NoAvatar; HasAvatar=False","Unknown","No imported/embedded animation clips detected"
"SO_ToiletStall_02","FBX / ModelImporter","Assets/SimpleOfficeInteriors/_Models/SO_ToiletStall_02.fbx","SimpleOfficeInteriors","No","No",0,"","No","ImportAnimation=False; AnimationType=None; AvatarSetup=NoAvatar; HasAvatar=False","Unknown","No imported/embedded animation clips detected"
"SO_Urinal","FBX / ModelImporter","Assets/SimpleOfficeInteriors/_Models/SO_Urinal.fbx","SimpleOfficeInteriors","No","No",0,"","No","ImportAnimation=False; AnimationType=None; AvatarSetup=NoAvatar; HasAvatar=False","Unknown","No imported/embedded animation clips detected"
"SO_UrinalCake","FBX / ModelImporter","Assets/SimpleOfficeInteriors/_Models/SO_UrinalCake.fbx","SimpleOfficeInteriors","No","No",0,"","No","ImportAnimation=False; AnimationType=None; AvatarSetup=NoAvatar; HasAvatar=False","Unknown","No imported/embedded animation clips detected"
"SO_Wall_01","FBX / ModelImporter","Assets/SimpleOfficeInteriors/_Models/SO_Wall_01.fbx","SimpleOfficeInteriors","No","No",0,"","No","ImportAnimation=False; AnimationType=None; AvatarSetup=NoAvatar; HasAvatar=False","Unknown","No imported/embedded animation clips detected"
"SO_Wall_02","FBX / ModelImporter","Assets/SimpleOfficeInteriors/_Models/SO_Wall_02.fbx","SimpleOfficeInteriors","No","No",0,"","No","ImportAnimation=False; AnimationType=None; AvatarSetup=NoAvatar; HasAvatar=False","Unknown","No imported/embedded animation clips detected"
"SO_Wall_CornerBlock","FBX / ModelImporter","Assets/SimpleOfficeInteriors/_Models/SO_Wall_CornerBlock.fbx","SimpleOfficeInteriors","No","No",0,"","No","ImportAnimation=False; AnimationType=None; AvatarSetup=NoAvatar; HasAvatar=False","Unknown","No imported/embedded animation clips detected"
"SO_Wall_Divider","FBX / ModelImporter","Assets/SimpleOfficeInteriors/_Models/SO_Wall_Divider.fbx","SimpleOfficeInteriors","No","No",0,"","No","ImportAnimation=False; AnimationType=None; AvatarSetup=NoAvatar; HasAvatar=False","Unknown","No imported/embedded animation clips detected"
"SO_Wall_Door_01","FBX / ModelImporter","Assets/SimpleOfficeInteriors/_Models/SO_Wall_Door_01.fbx","SimpleOfficeInteriors","No","No",0,"","No","ImportAnimation=False; AnimationType=None; AvatarSetup=NoAvatar; HasAvatar=False","Unknown","No imported/embedded animation clips detected"
"SO_Wall_Door_02","FBX / ModelImporter","Assets/SimpleOfficeInteriors/_Models/SO_Wall_Door_02.fbx","SimpleOfficeInteriors","No","No",0,"","No","ImportAnimation=False; AnimationType=None; AvatarSetup=NoAvatar; HasAvatar=False","Unknown","No imported/embedded animation clips detected"
"SO_Wall_Elevator2","FBX / ModelImporter","Assets/SimpleOfficeInteriors/_Models/SO_Wall_Elevator2.fbx","SimpleOfficeInteriors","No","No",0,"","No","ImportAnimation=False; AnimationType=None; AvatarSetup=NoAvatar; HasAvatar=False","Unknown","No imported/embedded animation clips detected"
"SO_Wall_Glass","FBX / ModelImporter","Assets/SimpleOfficeInteriors/_Models/SO_Wall_Glass.fbx","SimpleOfficeInteriors","No","No",0,"","No","ImportAnimation=False; AnimationType=None; AvatarSetup=NoAvatar; HasAvatar=False","Unknown","No imported/embedded animation clips detected"
"SO_Wall_Glass_Door","FBX / ModelImporter","Assets/SimpleOfficeInteriors/_Models/SO_Wall_Glass_Door.fbx","SimpleOfficeInteriors","No","No",0,"","No","ImportAnimation=False; AnimationType=None; AvatarSetup=NoAvatar; HasAvatar=False","Unknown","No imported/embedded animation clips detected"
"SO_Wall_Window","FBX / ModelImporter","Assets/SimpleOfficeInteriors/_Models/SO_Wall_Window.fbx","SimpleOfficeInteriors","No","No",0,"","No","ImportAnimation=False; AnimationType=None; AvatarSetup=NoAvatar; HasAvatar=False","Unknown","No imported/embedded animation clips detected"
"SO_WaterCooler_01","FBX / ModelImporter","Assets/SimpleOfficeInteriors/_Models/SO_WaterCooler_01.fbx","SimpleOfficeInteriors","No","No",0,"","No","ImportAnimation=False; AnimationType=None; AvatarSetup=NoAvatar; HasAvatar=False","Unknown","No imported/embedded animation clips detected"
"SO_WaterCooler_02","FBX / ModelImporter","Assets/SimpleOfficeInteriors/_Models/SO_WaterCooler_02.fbx","SimpleOfficeInteriors","No","No",0,"","No","ImportAnimation=False; AnimationType=None; AvatarSetup=NoAvatar; HasAvatar=False","Unknown","No imported/embedded animation clips detected"
"SO_Whiteboard","FBX / ModelImporter","Assets/SimpleOfficeInteriors/_Models/SO_Whiteboard.fbx","SimpleOfficeInteriors","No","No",0,"","No","ImportAnimation=False; AnimationType=None; AvatarSetup=NoAvatar; HasAvatar=False","Hit","No imported/embedded animation clips detected"
"SO_WindowBlinds_Large","FBX / ModelImporter","Assets/SimpleOfficeInteriors/_Models/SO_WindowBlinds_Large.fbx","SimpleOfficeInteriors","No","No",0,"","No","ImportAnimation=False; AnimationType=None; AvatarSetup=NoAvatar; HasAvatar=False","Unknown","No imported/embedded animation clips detected"
"SO_WindowBlinds_Small","FBX / ModelImporter","Assets/SimpleOfficeInteriors/_Models/SO_WindowBlinds_Small.fbx","SimpleOfficeInteriors","No","No",0,"","No","ImportAnimation=False; AnimationType=None; AvatarSetup=NoAvatar; HasAvatar=False","Unknown","No imported/embedded animation clips detected"
"SM_Env_Beam_01","FBX / ModelImporter","Assets/SimpleSpaceInteriors/Models/SM_Env_Beam_01.fbx","SimpleSpaceInteriors","No","No",0,"","No","ImportAnimation=False; AnimationType=None; AvatarSetup=NoAvatar; HasAvatar=False","Unknown","No imported/embedded animation clips detected"
"SM_Env_CableRack_01","FBX / ModelImporter","Assets/SimpleSpaceInteriors/Models/SM_Env_CableRack_01.fbx","SimpleSpaceInteriors","No","No",0,"","No","ImportAnimation=False; AnimationType=None; AvatarSetup=NoAvatar; HasAvatar=False","Unknown","No imported/embedded animation clips detected"
"SM_Env_CableRack_02","FBX / ModelImporter","Assets/SimpleSpaceInteriors/Models/SM_Env_CableRack_02.fbx","SimpleSpaceInteriors","No","No",0,"","No","ImportAnimation=False; AnimationType=None; AvatarSetup=NoAvatar; HasAvatar=False","Unknown","No imported/embedded animation clips detected"
"SM_Env_Ceiling_01","FBX / ModelImporter","Assets/SimpleSpaceInteriors/Models/SM_Env_Ceiling_01.fbx","SimpleSpaceInteriors","No","No",0,"","No","ImportAnimation=False; AnimationType=None; AvatarSetup=NoAvatar; HasAvatar=False","Unknown","No imported/embedded animation clips detected"
"SM_Env_Ceiling_02","FBX / ModelImporter","Assets/SimpleSpaceInteriors/Models/SM_Env_Ceiling_02.fbx","SimpleSpaceInteriors","No","No",0,"","No","ImportAnimation=False; AnimationType=None; AvatarSetup=NoAvatar; HasAvatar=False","Unknown","No imported/embedded animation clips detected"
"SM_Env_Ceiling_03","FBX / ModelImporter","Assets/SimpleSpaceInteriors/Models/SM_Env_Ceiling_03.fbx","SimpleSpaceInteriors","No","No",0,"","No","ImportAnimation=False; AnimationType=None; AvatarSetup=NoAvatar; HasAvatar=False","Unknown","No imported/embedded animation clips detected"
"SM_Env_Ceiling_Light_01","FBX / ModelImporter","Assets/SimpleSpaceInteriors/Models/SM_Env_Ceiling_Light_01.fbx","SimpleSpaceInteriors","No","No",0,"","No","ImportAnimation=False; AnimationType=None; AvatarSetup=NoAvatar; HasAvatar=False","Unknown","No imported/embedded animation clips detected"
"SM_Env_Ceiling_Light_02","FBX / ModelImporter","Assets/SimpleSpaceInteriors/Models/SM_Env_Ceiling_Light_02.fbx","SimpleSpaceInteriors","No","No",0,"","No","ImportAnimation=False; AnimationType=None; AvatarSetup=NoAvatar; HasAvatar=False","Unknown","No imported/embedded animation clips detected"
"SM_Env_Ceiling_Light_03","FBX / ModelImporter","Assets/SimpleSpaceInteriors/Models/SM_Env_Ceiling_Light_03.fbx","SimpleSpaceInteriors","No","No",0,"","No","ImportAnimation=False; AnimationType=None; AvatarSetup=NoAvatar; HasAvatar=False","Unknown","No imported/embedded animation clips detected"
"SM_Env_Ceiling_Light_04","FBX / ModelImporter","Assets/SimpleSpaceInteriors/Models/SM_Env_Ceiling_Light_04.fbx","SimpleSpaceInteriors","No","No",0,"","No","ImportAnimation=False; AnimationType=None; AvatarSetup=NoAvatar; HasAvatar=False","Unknown","No imported/embedded animation clips detected"
"SM_Env_Ceiling_Light_05","FBX / ModelImporter","Assets/SimpleSpaceInteriors/Models/SM_Env_Ceiling_Light_05.fbx","SimpleSpaceInteriors","No","No",0,"","No","ImportAnimation=False; AnimationType=None; AvatarSetup=NoAvatar; HasAvatar=False","Unknown","No imported/embedded animation clips detected"
"SM_Env_Ceiling_Sprinkler_01","FBX / ModelImporter","Assets/SimpleSpaceInteriors/Models/SM_Env_Ceiling_Sprinkler_01.fbx","SimpleSpaceInteriors","No","No",0,"","No","ImportAnimation=False; AnimationType=None; AvatarSetup=NoAvatar; HasAvatar=False","Unknown","No imported/embedded animation clips detected"
"SM_Env_Ceiling_Vents_01","FBX / ModelImporter","Assets/SimpleSpaceInteriors/Models/SM_Env_Ceiling_Vents_01.fbx","SimpleSpaceInteriors","No","No",0,"","No","ImportAnimation=False; AnimationType=None; AvatarSetup=NoAvatar; HasAvatar=False","Unknown","No imported/embedded animation clips detected"
"SM_Env_Ceiling_Vents_02","FBX / ModelImporter","Assets/SimpleSpaceInteriors/Models/SM_Env_Ceiling_Vents_02.fbx","SimpleSpaceInteriors","No","No",0,"","No","ImportAnimation=False; AnimationType=None; AvatarSetup=NoAvatar; HasAvatar=False","Unknown","No imported/embedded animation clips detected"
"SM_Env_Centrifuge_01","FBX / ModelImporter","Assets/SimpleSpaceInteriors/Models/SM_Env_Centrifuge_01.fbx","SimpleSpaceInteriors","No","No",0,"","No","ImportAnimation=False; AnimationType=None; AvatarSetup=NoAvatar; HasAvatar=False","Unknown","No imported/embedded animation clips detected"
"SM_Env_Centrifuge_Center_01","FBX / ModelImporter","Assets/SimpleSpaceInteriors/Models/SM_Env_Centrifuge_Center_01.fbx","SimpleSpaceInteriors","No","No",0,"","No","ImportAnimation=False; AnimationType=None; AvatarSetup=NoAvatar; HasAvatar=False","Unknown","No imported/embedded animation clips detected"
"SM_Env_Consoles_01","FBX / ModelImporter","Assets/SimpleSpaceInteriors/Models/SM_Env_Consoles_01.fbx","SimpleSpaceInteriors","No","No",0,"","No","ImportAnimation=False; AnimationType=None; AvatarSetup=NoAvatar; HasAvatar=False","Unknown","No imported/embedded animation clips detected"
"SM_Env_Consoles_Corner_01","FBX / ModelImporter","Assets/SimpleSpaceInteriors/Models/SM_Env_Consoles_Corner_01.fbx","SimpleSpaceInteriors","No","No",0,"","No","ImportAnimation=False; AnimationType=None; AvatarSetup=NoAvatar; HasAvatar=False","Unknown","No imported/embedded animation clips detected"
"SM_Env_Construction_Block_01","FBX / ModelImporter","Assets/SimpleSpaceInteriors/Models/SM_Env_Construction_Block_01.fbx","SimpleSpaceInteriors","No","No",0,"","No","ImportAnimation=False; AnimationType=None; AvatarSetup=NoAvatar; HasAvatar=False","Unknown","No imported/embedded animation clips detected"
"SM_Env_Construction_Block_02","FBX / ModelImporter","Assets/SimpleSpaceInteriors/Models/SM_Env_Construction_Block_02.fbx","SimpleSpaceInteriors","No","No",0,"","No","ImportAnimation=False; AnimationType=None; AvatarSetup=NoAvatar; HasAvatar=False","Unknown","No imported/embedded animation clips detected"
"SM_Env_Construction_Block_03","FBX / ModelImporter","Assets/SimpleSpaceInteriors/Models/SM_Env_Construction_Block_03.fbx","SimpleSpaceInteriors","No","No",0,"","No","ImportAnimation=False; AnimationType=None; AvatarSetup=NoAvatar; HasAvatar=False","Unknown","No imported/embedded animation clips detected"
"SM_Env_Construction_Block_04","FBX / ModelImporter","Assets/SimpleSpaceInteriors/Models/SM_Env_Construction_Block_04.fbx","SimpleSpaceInteriors","No","No",0,"","No","ImportAnimation=False; AnimationType=None; AvatarSetup=NoAvatar; HasAvatar=False","Unknown","No imported/embedded animation clips detected"
"SM_Env_Construction_Block_05","FBX / ModelImporter","Assets/SimpleSpaceInteriors/Models/SM_Env_Construction_Block_05.fbx","SimpleSpaceInteriors","No","No",0,"","No","ImportAnimation=False; AnimationType=None; AvatarSetup=NoAvatar; HasAvatar=False","Unknown","No imported/embedded animation clips detected"
"SM_Env_Construction_Block_06","FBX / ModelImporter","Assets/SimpleSpaceInteriors/Models/SM_Env_Construction_Block_06.fbx","SimpleSpaceInteriors","No","No",0,"","No","ImportAnimation=False; AnimationType=None; AvatarSetup=NoAvatar; HasAvatar=False","Unknown","No imported/embedded animation clips detected"
"SM_Env_Construction_Block_07","FBX / ModelImporter","Assets/SimpleSpaceInteriors/Models/SM_Env_Construction_Block_07.fbx","SimpleSpaceInteriors","No","No",0,"","No","ImportAnimation=False; AnimationType=None; AvatarSetup=NoAvatar; HasAvatar=False","Unknown","No imported/embedded animation clips detected"
"SM_Env_Construction_Block_08","FBX / ModelImporter","Assets/SimpleSpaceInteriors/Models/SM_Env_Construction_Block_08.fbx","SimpleSpaceInteriors","No","No",0,"","No","ImportAnimation=False; AnimationType=None; AvatarSetup=NoAvatar; HasAvatar=False","Unknown","No imported/embedded animation clips detected"
"SM_Env_Construction_Floor_01","FBX / ModelImporter","Assets/SimpleSpaceInteriors/Models/SM_Env_Construction_Floor_01.fbx","SimpleSpaceInteriors","No","No",0,"","No","ImportAnimation=False; AnimationType=None; AvatarSetup=NoAvatar; HasAvatar=False","Unknown","No imported/embedded animation clips detected"
"SM_Env_Construction_Floor_02","FBX / ModelImporter","Assets/SimpleSpaceInteriors/Models/SM_Env_Construction_Floor_02.fbx","SimpleSpaceInteriors","No","No",0,"","No","ImportAnimation=False; AnimationType=None; AvatarSetup=NoAvatar; HasAvatar=False","Unknown","No imported/embedded animation clips detected"
"SM_Env_Construction_Panel_01","FBX / ModelImporter","Assets/SimpleSpaceInteriors/Models/SM_Env_Construction_Panel_01.fbx","SimpleSpaceInteriors","No","No",0,"","No","ImportAnimation=False; AnimationType=None; AvatarSetup=NoAvatar; HasAvatar=False","Unknown","No imported/embedded animation clips detected"
"SM_Env_Construction_Rail_01","FBX / ModelImporter","Assets/SimpleSpaceInteriors/Models/SM_Env_Construction_Rail_01.fbx","SimpleSpaceInteriors","No","No",0,"","No","ImportAnimation=False; AnimationType=None; AvatarSetup=NoAvatar; HasAvatar=False","Unknown","No imported/embedded animation clips detected"
"SM_Env_Construction_Rail_02","FBX / ModelImporter","Assets/SimpleSpaceInteriors/Models/SM_Env_Construction_Rail_02.fbx","SimpleSpaceInteriors","No","No",0,"","No","ImportAnimation=False; AnimationType=None; AvatarSetup=NoAvatar; HasAvatar=False","Unknown","No imported/embedded animation clips detected"
"SM_Env_Construction_Rail_03","FBX / ModelImporter","Assets/SimpleSpaceInteriors/Models/SM_Env_Construction_Rail_03.fbx","SimpleSpaceInteriors","No","No",0,"","No","ImportAnimation=False; AnimationType=None; AvatarSetup=NoAvatar; HasAvatar=False","Unknown","No imported/embedded animation clips detected"
"SM_Env_Construction_Roof_01","FBX / ModelImporter","Assets/SimpleSpaceInteriors/Models/SM_Env_Construction_Roof_01.fbx","SimpleSpaceInteriors","No","No",0,"","No","ImportAnimation=False; AnimationType=None; AvatarSetup=NoAvatar; HasAvatar=False","Unknown","No imported/embedded animation clips detected"
"SM_Env_Construction_Stairs_01","FBX / ModelImporter","Assets/SimpleSpaceInteriors/Models/SM_Env_Construction_Stairs_01.fbx","SimpleSpaceInteriors","No","No",0,"","No","ImportAnimation=False; AnimationType=None; AvatarSetup=NoAvatar; HasAvatar=False","Unknown","No imported/embedded animation clips detected"
"SM_Env_Construction_Wall_01","FBX / ModelImporter","Assets/SimpleSpaceInteriors/Models/SM_Env_Construction_Wall_01.fbx","SimpleSpaceInteriors","No","No",0,"","No","ImportAnimation=False; AnimationType=None; AvatarSetup=NoAvatar; HasAvatar=False","Unknown","No imported/embedded animation clips detected"
"SM_Env_Construction_Wall_02","FBX / ModelImporter","Assets/SimpleSpaceInteriors/Models/SM_Env_Construction_Wall_02.fbx","SimpleSpaceInteriors","No","No",0,"","No","ImportAnimation=False; AnimationType=None; AvatarSetup=NoAvatar; HasAvatar=False","Unknown","No imported/embedded animation clips detected"
"SM_Env_ControlRoom_Door_01","FBX / ModelImporter","Assets/SimpleSpaceInteriors/Models/SM_Env_ControlRoom_Door_01.fbx","SimpleSpaceInteriors","No","No",0,"","No","ImportAnimation=False; AnimationType=None; AvatarSetup=NoAvatar; HasAvatar=False","Unknown","No imported/embedded animation clips detected"
"SM_Env_ControlRoom_Doorway_01","FBX / ModelImporter","Assets/SimpleSpaceInteriors/Models/SM_Env_ControlRoom_Doorway_01.fbx","SimpleSpaceInteriors","No","No",0,"","No","ImportAnimation=False; AnimationType=None; AvatarSetup=NoAvatar; HasAvatar=False","Unknown","No imported/embedded animation clips detected"
"SM_Env_ControlRoom_Wall_01","FBX / ModelImporter","Assets/SimpleSpaceInteriors/Models/SM_Env_ControlRoom_Wall_01.fbx","SimpleSpaceInteriors","No","No",0,"","No","ImportAnimation=False; AnimationType=None; AvatarSetup=NoAvatar; HasAvatar=False","Unknown","No imported/embedded animation clips detected"
"SM_Env_ControlRoom_Window_01","FBX / ModelImporter","Assets/SimpleSpaceInteriors/Models/SM_Env_ControlRoom_Window_01.fbx","SimpleSpaceInteriors","No","No",0,"","No","ImportAnimation=False; AnimationType=None; AvatarSetup=NoAvatar; HasAvatar=False","Unknown","No imported/embedded animation clips detected"
"SM_Env_CornerPanel_01","FBX / ModelImporter","Assets/SimpleSpaceInteriors/Models/SM_Env_CornerPanel_01.fbx","SimpleSpaceInteriors","No","No",0,"","No","ImportAnimation=False; AnimationType=None; AvatarSetup=NoAvatar; HasAvatar=False","Unknown","No imported/embedded animation clips detected"
"SM_Env_Door_01","FBX / ModelImporter","Assets/SimpleSpaceInteriors/Models/SM_Env_Door_01.fbx","SimpleSpaceInteriors","No","No",0,"","No","ImportAnimation=False; AnimationType=None; AvatarSetup=NoAvatar; HasAvatar=False","Unknown","No imported/embedded animation clips detected"
"SM_Env_Floor_01","FBX / ModelImporter","Assets/SimpleSpaceInteriors/Models/SM_Env_Floor_01.fbx","SimpleSpaceInteriors","No","No",0,"","No","ImportAnimation=False; AnimationType=None; AvatarSetup=NoAvatar; HasAvatar=False","Unknown","No imported/embedded animation clips detected"
"SM_Env_Floor_02","FBX / ModelImporter","Assets/SimpleSpaceInteriors/Models/SM_Env_Floor_02.fbx","SimpleSpaceInteriors","No","No",0,"","No","ImportAnimation=False; AnimationType=None; AvatarSetup=NoAvatar; HasAvatar=False","Unknown","No imported/embedded animation clips detected"
"SM_Env_Floor_03","FBX / ModelImporter","Assets/SimpleSpaceInteriors/Models/SM_Env_Floor_03.fbx","SimpleSpaceInteriors","No","No",0,"","No","ImportAnimation=False; AnimationType=None; AvatarSetup=NoAvatar; HasAvatar=False","Unknown","No imported/embedded animation clips detected"
"SM_Env_Floor_04","FBX / ModelImporter","Assets/SimpleSpaceInteriors/Models/SM_Env_Floor_04.fbx","SimpleSpaceInteriors","No","No",0,"","No","ImportAnimation=False; AnimationType=None; AvatarSetup=NoAvatar; HasAvatar=False","Unknown","No imported/embedded animation clips detected"
"SM_Env_Large_Corner_01","FBX / ModelImporter","Assets/SimpleSpaceInteriors/Models/SM_Env_Large_Corner_01.fbx","SimpleSpaceInteriors","No","No",0,"","No","ImportAnimation=False; AnimationType=None; AvatarSetup=NoAvatar; HasAvatar=False","Unknown","No imported/embedded animation clips detected"
"SM_Env_PlantWall_01","FBX / ModelImporter","Assets/SimpleSpaceInteriors/Models/SM_Env_PlantWall_01.fbx","SimpleSpaceInteriors","No","No",0,"","No","ImportAnimation=False; AnimationType=None; AvatarSetup=NoAvatar; HasAvatar=False","Unknown","No imported/embedded animation clips detected"
"SM_Env_PlantWall_02","FBX / ModelImporter","Assets/SimpleSpaceInteriors/Models/SM_Env_PlantWall_02.fbx","SimpleSpaceInteriors","No","No",0,"","No","ImportAnimation=False; AnimationType=None; AvatarSetup=NoAvatar; HasAvatar=False","Unknown","No imported/embedded animation clips detected"
"SM_Env_Space_Wall_01","FBX / ModelImporter","Assets/SimpleSpaceInteriors/Models/SM_Env_Space_Wall_01.fbx","SimpleSpaceInteriors","No","No",0,"","No","ImportAnimation=False; AnimationType=None; AvatarSetup=NoAvatar; HasAvatar=False","Unknown","No imported/embedded animation clips detected"
"SM_Env_Transition_Door_Curved_01","FBX / ModelImporter","Assets/SimpleSpaceInteriors/Models/SM_Env_Transition_Door_Curved_01.fbx","SimpleSpaceInteriors","No","No",0,"","No","ImportAnimation=False; AnimationType=None; AvatarSetup=NoAvatar; HasAvatar=False","Unknown","No imported/embedded animation clips detected"
"SM_Env_Transition_Door_Square_01","FBX / ModelImporter","Assets/SimpleSpaceInteriors/Models/SM_Env_Transition_Door_Square_01.fbx","SimpleSpaceInteriors","No","No",0,"","No","ImportAnimation=False; AnimationType=None; AvatarSetup=NoAvatar; HasAvatar=False","Unknown","No imported/embedded animation clips detected"
"SM_Env_Vents_01","FBX / ModelImporter","Assets/SimpleSpaceInteriors/Models/SM_Env_Vents_01.fbx","SimpleSpaceInteriors","No","No",0,"","No","ImportAnimation=False; AnimationType=None; AvatarSetup=NoAvatar; HasAvatar=False","Unknown","No imported/embedded animation clips detected"
"SM_Env_Vents_02","FBX / ModelImporter","Assets/SimpleSpaceInteriors/Models/SM_Env_Vents_02.fbx","SimpleSpaceInteriors","No","No",0,"","No","ImportAnimation=False; AnimationType=None; AvatarSetup=NoAvatar; HasAvatar=False","Unknown","No imported/embedded animation clips detected"
"SM_Env_Vents_03","FBX / ModelImporter","Assets/SimpleSpaceInteriors/Models/SM_Env_Vents_03.fbx","SimpleSpaceInteriors","No","No",0,"","No","ImportAnimation=False; AnimationType=None; AvatarSetup=NoAvatar; HasAvatar=False","Unknown","No imported/embedded animation clips detected"
"SM_Env_Vents_04","FBX / ModelImporter","Assets/SimpleSpaceInteriors/Models/SM_Env_Vents_04.fbx","SimpleSpaceInteriors","No","No",0,"","No","ImportAnimation=False; AnimationType=None; AvatarSetup=NoAvatar; HasAvatar=False","Unknown","No imported/embedded animation clips detected"
"SM_Env_Wall_01","FBX / ModelImporter","Assets/SimpleSpaceInteriors/Models/SM_Env_Wall_01.fbx","SimpleSpaceInteriors","No","No",0,"","No","ImportAnimation=False; AnimationType=None; AvatarSetup=NoAvatar; HasAvatar=False","Unknown","No imported/embedded animation clips detected"
"SM_Env_Wall_010","FBX / ModelImporter","Assets/SimpleSpaceInteriors/Models/SM_Env_Wall_010.fbx","SimpleSpaceInteriors","No","No",0,"","No","ImportAnimation=False; AnimationType=None; AvatarSetup=NoAvatar; HasAvatar=False","Unknown","No imported/embedded animation clips detected"
"SM_Env_Wall_011","FBX / ModelImporter","Assets/SimpleSpaceInteriors/Models/SM_Env_Wall_011.fbx","SimpleSpaceInteriors","No","No",0,"","No","ImportAnimation=False; AnimationType=None; AvatarSetup=NoAvatar; HasAvatar=False","Unknown","No imported/embedded animation clips detected"
"SM_Env_Wall_012","FBX / ModelImporter","Assets/SimpleSpaceInteriors/Models/SM_Env_Wall_012.fbx","SimpleSpaceInteriors","No","No",0,"","No","ImportAnimation=False; AnimationType=None; AvatarSetup=NoAvatar; HasAvatar=False","Unknown","No imported/embedded animation clips detected"
"SM_Env_Wall_013","FBX / ModelImporter","Assets/SimpleSpaceInteriors/Models/SM_Env_Wall_013.fbx","SimpleSpaceInteriors","No","No",0,"","No","ImportAnimation=False; AnimationType=None; AvatarSetup=NoAvatar; HasAvatar=False","Unknown","No imported/embedded animation clips detected"
"SM_Env_Wall_014","FBX / ModelImporter","Assets/SimpleSpaceInteriors/Models/SM_Env_Wall_014.fbx","SimpleSpaceInteriors","No","No",0,"","No","ImportAnimation=False; AnimationType=None; AvatarSetup=NoAvatar; HasAvatar=False","Unknown","No imported/embedded animation clips detected"
"SM_Env_Wall_015","FBX / ModelImporter","Assets/SimpleSpaceInteriors/Models/SM_Env_Wall_015.fbx","SimpleSpaceInteriors","No","No",0,"","No","ImportAnimation=False; AnimationType=None; AvatarSetup=NoAvatar; HasAvatar=False","Unknown","No imported/embedded animation clips detected"
"SM_Env_Wall_02","FBX / ModelImporter","Assets/SimpleSpaceInteriors/Models/SM_Env_Wall_02.fbx","SimpleSpaceInteriors","No","No",0,"","No","ImportAnimation=False; AnimationType=None; AvatarSetup=NoAvatar; HasAvatar=False","Unknown","No imported/embedded animation clips detected"
"SM_Env_Wall_03","FBX / ModelImporter","Assets/SimpleSpaceInteriors/Models/SM_Env_Wall_03.fbx","SimpleSpaceInteriors","No","No",0,"","No","ImportAnimation=False; AnimationType=None; AvatarSetup=NoAvatar; HasAvatar=False","Unknown","No imported/embedded animation clips detected"
"SM_Env_Wall_04","FBX / ModelImporter","Assets/SimpleSpaceInteriors/Models/SM_Env_Wall_04.fbx","SimpleSpaceInteriors","No","No",0,"","No","ImportAnimation=False; AnimationType=None; AvatarSetup=NoAvatar; HasAvatar=False","Unknown","No imported/embedded animation clips detected"
"SM_Env_Wall_05","FBX / ModelImporter","Assets/SimpleSpaceInteriors/Models/SM_Env_Wall_05.fbx","SimpleSpaceInteriors","No","No",0,"","No","ImportAnimation=False; AnimationType=None; AvatarSetup=NoAvatar; HasAvatar=False","Unknown","No imported/embedded animation clips detected"
"SM_Env_Wall_06","FBX / ModelImporter","Assets/SimpleSpaceInteriors/Models/SM_Env_Wall_06.fbx","SimpleSpaceInteriors","No","No",0,"","No","ImportAnimation=False; AnimationType=None; AvatarSetup=NoAvatar; HasAvatar=False","Unknown","No imported/embedded animation clips detected"
"SM_Env_Wall_07","FBX / ModelImporter","Assets/SimpleSpaceInteriors/Models/SM_Env_Wall_07.fbx","SimpleSpaceInteriors","No","No",0,"","No","ImportAnimation=False; AnimationType=None; AvatarSetup=NoAvatar; HasAvatar=False","Unknown","No imported/embedded animation clips detected"
"SM_Env_Wall_08","FBX / ModelImporter","Assets/SimpleSpaceInteriors/Models/SM_Env_Wall_08.fbx","SimpleSpaceInteriors","No","No",0,"","No","ImportAnimation=False; AnimationType=None; AvatarSetup=NoAvatar; HasAvatar=False","Unknown","No imported/embedded animation clips detected"
"SM_Env_Wall_09","FBX / ModelImporter","Assets/SimpleSpaceInteriors/Models/SM_Env_Wall_09.fbx","SimpleSpaceInteriors","No","No",0,"","No","ImportAnimation=False; AnimationType=None; AvatarSetup=NoAvatar; HasAvatar=False","Unknown","No imported/embedded animation clips detected"
"SM_Env_Wall_Curved_01","FBX / ModelImporter","Assets/SimpleSpaceInteriors/Models/SM_Env_Wall_Curved_01.fbx","SimpleSpaceInteriors","No","No",0,"","No","ImportAnimation=False; AnimationType=None; AvatarSetup=NoAvatar; HasAvatar=False","Unknown","No imported/embedded animation clips detected"
"SM_Env_Wall_Curved_02","FBX / ModelImporter","Assets/SimpleSpaceInteriors/Models/SM_Env_Wall_Curved_02.fbx","SimpleSpaceInteriors","No","No",0,"","No","ImportAnimation=False; AnimationType=None; AvatarSetup=NoAvatar; HasAvatar=False","Unknown","No imported/embedded animation clips detected"
"SM_Env_Wall_Curved_03","FBX / ModelImporter","Assets/SimpleSpaceInteriors/Models/SM_Env_Wall_Curved_03.fbx","SimpleSpaceInteriors","No","No",0,"","No","ImportAnimation=False; AnimationType=None; AvatarSetup=NoAvatar; HasAvatar=False","Unknown","No imported/embedded animation clips detected"
"SM_Env_Wall_Curved_04","FBX / ModelImporter","Assets/SimpleSpaceInteriors/Models/SM_Env_Wall_Curved_04.fbx","SimpleSpaceInteriors","No","No",0,"","No","ImportAnimation=False; AnimationType=None; AvatarSetup=NoAvatar; HasAvatar=False","Unknown","No imported/embedded animation clips detected"
"SM_Env_Wall_Curved_05","FBX / ModelImporter","Assets/SimpleSpaceInteriors/Models/SM_Env_Wall_Curved_05.fbx","SimpleSpaceInteriors","No","No",0,"","No","ImportAnimation=False; AnimationType=None; AvatarSetup=NoAvatar; HasAvatar=False","Unknown","No imported/embedded animation clips detected"
"SM_Env_Window_01","FBX / ModelImporter","Assets/SimpleSpaceInteriors/Models/SM_Env_Window_01.fbx","SimpleSpaceInteriors","No","No",0,"","No","ImportAnimation=False; AnimationType=None; AvatarSetup=NoAvatar; HasAvatar=False","Unknown","No imported/embedded animation clips detected"
"SM_Env_Window_02","FBX / ModelImporter","Assets/SimpleSpaceInteriors/Models/SM_Env_Window_02.fbx","SimpleSpaceInteriors","No","No",0,"","No","ImportAnimation=False; AnimationType=None; AvatarSetup=NoAvatar; HasAvatar=False","Unknown","No imported/embedded animation clips detected"
"SM_Env_Window_03","FBX / ModelImporter","Assets/SimpleSpaceInteriors/Models/SM_Env_Window_03.fbx","SimpleSpaceInteriors","No","No",0,"","No","ImportAnimation=False; AnimationType=None; AvatarSetup=NoAvatar; HasAvatar=False","Unknown","No imported/embedded animation clips detected"
"SM_Env_Window_End","FBX / ModelImporter","Assets/SimpleSpaceInteriors/Models/SM_Env_Window_End.fbx","SimpleSpaceInteriors","No","No",0,"","No","ImportAnimation=False; AnimationType=None; AvatarSetup=NoAvatar; HasAvatar=False","Unknown","No imported/embedded animation clips detected"
"SM_Env_WorldMap_01","FBX / ModelImporter","Assets/SimpleSpaceInteriors/Models/SM_Env_WorldMap_01.fbx","SimpleSpaceInteriors","No","No",0,"","No","ImportAnimation=False; AnimationType=None; AvatarSetup=NoAvatar; HasAvatar=False","Unknown","No imported/embedded animation clips detected"
"SM_Env_WorldMap_02","FBX / ModelImporter","Assets/SimpleSpaceInteriors/Models/SM_Env_WorldMap_02.fbx","SimpleSpaceInteriors","No","No",0,"","No","ImportAnimation=False; AnimationType=None; AvatarSetup=NoAvatar; HasAvatar=False","Unknown","No imported/embedded animation clips detected"
"SM_Item_Book_01","FBX / ModelImporter","Assets/SimpleSpaceInteriors/Models/SM_Item_Book_01.fbx","SimpleSpaceInteriors","No","No",0,"","No","ImportAnimation=False; AnimationType=None; AvatarSetup=NoAvatar; HasAvatar=False","Unknown","No imported/embedded animation clips detected"
"SM_Item_Book_02","FBX / ModelImporter","Assets/SimpleSpaceInteriors/Models/SM_Item_Book_02.fbx","SimpleSpaceInteriors","No","No",0,"","No","ImportAnimation=False; AnimationType=None; AvatarSetup=NoAvatar; HasAvatar=False","Unknown","No imported/embedded animation clips detected"
"SM_Item_Book_03","FBX / ModelImporter","Assets/SimpleSpaceInteriors/Models/SM_Item_Book_03.fbx","SimpleSpaceInteriors","No","No",0,"","No","ImportAnimation=False; AnimationType=None; AvatarSetup=NoAvatar; HasAvatar=False","Unknown","No imported/embedded animation clips detected"
"SM_Item_Book_04","FBX / ModelImporter","Assets/SimpleSpaceInteriors/Models/SM_Item_Book_04.fbx","SimpleSpaceInteriors","No","No",0,"","No","ImportAnimation=False; AnimationType=None; AvatarSetup=NoAvatar; HasAvatar=False","Unknown","No imported/embedded animation clips detected"
"SM_Item_Book_05","FBX / ModelImporter","Assets/SimpleSpaceInteriors/Models/SM_Item_Book_05.fbx","SimpleSpaceInteriors","No","No",0,"","No","ImportAnimation=False; AnimationType=None; AvatarSetup=NoAvatar; HasAvatar=False","Unknown","No imported/embedded animation clips detected"
"SM_Item_Book_06","FBX / ModelImporter","Assets/SimpleSpaceInteriors/Models/SM_Item_Book_06.fbx","SimpleSpaceInteriors","No","No",0,"","No","ImportAnimation=False; AnimationType=None; AvatarSetup=NoAvatar; HasAvatar=False","Unknown","No imported/embedded animation clips detected"
"SM_Item_Book_Floating_01","FBX / ModelImporter","Assets/SimpleSpaceInteriors/Models/SM_Item_Book_Floating_01.fbx","SimpleSpaceInteriors","No","No",0,"","No","ImportAnimation=False; AnimationType=None; AvatarSetup=NoAvatar; HasAvatar=False","Unknown","No imported/embedded animation clips detected"
"SM_Item_Camera_01","FBX / ModelImporter","Assets/SimpleSpaceInteriors/Models/SM_Item_Camera_01.fbx","SimpleSpaceInteriors","No","No",0,"","No","ImportAnimation=False; AnimationType=None; AvatarSetup=NoAvatar; HasAvatar=False","Unknown","No imported/embedded animation clips detected"
"SM_Item_Cups_01","FBX / ModelImporter","Assets/SimpleSpaceInteriors/Models/SM_Item_Cups_01.fbx","SimpleSpaceInteriors","No","No",0,"","No","ImportAnimation=False; AnimationType=None; AvatarSetup=NoAvatar; HasAvatar=False","Unknown","No imported/embedded animation clips detected"
"SM_Item_Drill_01","FBX / ModelImporter","Assets/SimpleSpaceInteriors/Models/SM_Item_Drill_01.fbx","SimpleSpaceInteriors","No","No",0,"","No","ImportAnimation=False; AnimationType=None; AvatarSetup=NoAvatar; HasAvatar=False","Unknown","No imported/embedded animation clips detected"
"SM_Item_Drink_01","FBX / ModelImporter","Assets/SimpleSpaceInteriors/Models/SM_Item_Drink_01.fbx","SimpleSpaceInteriors","No","No",0,"","No","ImportAnimation=False; AnimationType=None; AvatarSetup=NoAvatar; HasAvatar=False","Unknown","No imported/embedded animation clips detected"
"SM_Item_Extinguisher_01","FBX / ModelImporter","Assets/SimpleSpaceInteriors/Models/SM_Item_Extinguisher_01.fbx","SimpleSpaceInteriors","No","No",0,"","No","ImportAnimation=False; AnimationType=None; AvatarSetup=NoAvatar; HasAvatar=False","Unknown","No imported/embedded animation clips detected"
"SM_Item_Flag_01","FBX / ModelImporter","Assets/SimpleSpaceInteriors/Models/SM_Item_Flag_01.fbx","SimpleSpaceInteriors","No","No",0,"","No","ImportAnimation=False; AnimationType=None; AvatarSetup=NoAvatar; HasAvatar=False","Unknown","No imported/embedded animation clips detected"
"SM_Item_Food_01","FBX / ModelImporter","Assets/SimpleSpaceInteriors/Models/SM_Item_Food_01.fbx","SimpleSpaceInteriors","No","No",0,"","No","ImportAnimation=False; AnimationType=None; AvatarSetup=NoAvatar; HasAvatar=False","Unknown","No imported/embedded animation clips detected"
"SM_Item_Food_02","FBX / ModelImporter","Assets/SimpleSpaceInteriors/Models/SM_Item_Food_02.fbx","SimpleSpaceInteriors","No","No",0,"","No","ImportAnimation=False; AnimationType=None; AvatarSetup=NoAvatar; HasAvatar=False","Unknown","No imported/embedded animation clips detected"
"SM_Item_Food_03","FBX / ModelImporter","Assets/SimpleSpaceInteriors/Models/SM_Item_Food_03.fbx","SimpleSpaceInteriors","No","No",0,"","No","ImportAnimation=False; AnimationType=None; AvatarSetup=NoAvatar; HasAvatar=False","Unknown","No imported/embedded animation clips detected"
"SM_Item_Food_04","FBX / ModelImporter","Assets/SimpleSpaceInteriors/Models/SM_Item_Food_04.fbx","SimpleSpaceInteriors","No","No",0,"","No","ImportAnimation=False; AnimationType=None; AvatarSetup=NoAvatar; HasAvatar=False","Unknown","No imported/embedded animation clips detected"
"SM_Item_Food_05","FBX / ModelImporter","Assets/SimpleSpaceInteriors/Models/SM_Item_Food_05.fbx","SimpleSpaceInteriors","No","No",0,"","No","ImportAnimation=False; AnimationType=None; AvatarSetup=NoAvatar; HasAvatar=False","Unknown","No imported/embedded animation clips detected"
"SM_Item_Hammer_01","FBX / ModelImporter","Assets/SimpleSpaceInteriors/Models/SM_Item_Hammer_01.fbx","SimpleSpaceInteriors","No","No",0,"","No","ImportAnimation=False; AnimationType=None; AvatarSetup=NoAvatar; HasAvatar=False","Unknown","No imported/embedded animation clips detected"
"SM_Item_Health_01","FBX / ModelImporter","Assets/SimpleSpaceInteriors/Models/SM_Item_Health_01.fbx","SimpleSpaceInteriors","No","No",0,"","No","ImportAnimation=False; AnimationType=None; AvatarSetup=NoAvatar; HasAvatar=False","Unknown","No imported/embedded animation clips detected"
"SM_Item_Lamp_01","FBX / ModelImporter","Assets/SimpleSpaceInteriors/Models/SM_Item_Lamp_01.fbx","SimpleSpaceInteriors","No","No",0,"","No","ImportAnimation=False; AnimationType=None; AvatarSetup=NoAvatar; HasAvatar=False","Unknown","No imported/embedded animation clips detected"
"SM_Item_Saw_01","FBX / ModelImporter","Assets/SimpleSpaceInteriors/Models/SM_Item_Saw_01.fbx","SimpleSpaceInteriors","No","No",0,"","No","ImportAnimation=False; AnimationType=None; AvatarSetup=NoAvatar; HasAvatar=False","Unknown","No imported/embedded animation clips detected"
"SM_Item_Scoop_01","FBX / ModelImporter","Assets/SimpleSpaceInteriors/Models/SM_Item_Scoop_01.fbx","SimpleSpaceInteriors","No","No",0,"","No","ImportAnimation=False; AnimationType=None; AvatarSetup=NoAvatar; HasAvatar=False","Unknown","No imported/embedded animation clips detected"
"SM_Item_Tether_01","FBX / ModelImporter","Assets/SimpleSpaceInteriors/Models/SM_Item_Tether_01.fbx","SimpleSpaceInteriors","No","No",0,"","No","ImportAnimation=False; AnimationType=None; AvatarSetup=NoAvatar; HasAvatar=False","Unknown","No imported/embedded animation clips detected"
"SM_Item_Wrench_01","FBX / ModelImporter","Assets/SimpleSpaceInteriors/Models/SM_Item_Wrench_01.fbx","SimpleSpaceInteriors","No","No",0,"","No","ImportAnimation=False; AnimationType=None; AvatarSetup=NoAvatar; HasAvatar=False","Unknown","No imported/embedded animation clips detected"
"SM_Prop_3DPrinter_01","FBX / ModelImporter","Assets/SimpleSpaceInteriors/Models/SM_Prop_3DPrinter_01.fbx","SimpleSpaceInteriors","No","No",0,"","No","ImportAnimation=False; AnimationType=None; AvatarSetup=NoAvatar; HasAvatar=False","Unknown","No imported/embedded animation clips detected"
"SM_Prop_AirBalloon_01","FBX / ModelImporter","Assets/SimpleSpaceInteriors/Models/SM_Prop_AirBalloon_01.fbx","SimpleSpaceInteriors","No","No",0,"","No","ImportAnimation=False; AnimationType=None; AvatarSetup=NoAvatar; HasAvatar=False","Unknown","No imported/embedded animation clips detected"
"SM_Prop_Battery_01","FBX / ModelImporter","Assets/SimpleSpaceInteriors/Models/SM_Prop_Battery_01.fbx","SimpleSpaceInteriors","No","No",0,"","No","ImportAnimation=False; AnimationType=None; AvatarSetup=NoAvatar; HasAvatar=False","Unknown","No imported/embedded animation clips detected"
"SM_Prop_Beaker_01","FBX / ModelImporter","Assets/SimpleSpaceInteriors/Models/SM_Prop_Beaker_01.fbx","SimpleSpaceInteriors","No","No",0,"","No","ImportAnimation=False; AnimationType=None; AvatarSetup=NoAvatar; HasAvatar=False","Unknown","No imported/embedded animation clips detected"
"SM_Prop_Bed_01","FBX / ModelImporter","Assets/SimpleSpaceInteriors/Models/SM_Prop_Bed_01.fbx","SimpleSpaceInteriors","No","No",0,"","No","ImportAnimation=False; AnimationType=None; AvatarSetup=NoAvatar; HasAvatar=False","Unknown","No imported/embedded animation clips detected"
"SM_Prop_Bed_02","FBX / ModelImporter","Assets/SimpleSpaceInteriors/Models/SM_Prop_Bed_02.fbx","SimpleSpaceInteriors","No","No",0,"","No","ImportAnimation=False; AnimationType=None; AvatarSetup=NoAvatar; HasAvatar=False","Unknown","No imported/embedded animation clips detected"
"SM_Prop_Button_01","FBX / ModelImporter","Assets/SimpleSpaceInteriors/Models/SM_Prop_Button_01.fbx","SimpleSpaceInteriors","No","No",0,"","No","ImportAnimation=False; AnimationType=None; AvatarSetup=NoAvatar; HasAvatar=False","Unknown","No imported/embedded animation clips detected"
"SM_Prop_Button_02","FBX / ModelImporter","Assets/SimpleSpaceInteriors/Models/SM_Prop_Button_02.fbx","SimpleSpaceInteriors","No","No",0,"","No","ImportAnimation=False; AnimationType=None; AvatarSetup=NoAvatar; HasAvatar=False","Unknown","No imported/embedded animation clips detected"
"SM_Prop_Button_03","FBX / ModelImporter","Assets/SimpleSpaceInteriors/Models/SM_Prop_Button_03.fbx","SimpleSpaceInteriors","No","No",0,"","No","ImportAnimation=False; AnimationType=None; AvatarSetup=NoAvatar; HasAvatar=False","Unknown","No imported/embedded animation clips detected"
"SM_Prop_Button_04","FBX / ModelImporter","Assets/SimpleSpaceInteriors/Models/SM_Prop_Button_04.fbx","SimpleSpaceInteriors","No","No",0,"","No","ImportAnimation=False; AnimationType=None; AvatarSetup=NoAvatar; HasAvatar=False","Unknown","No imported/embedded animation clips detected"
"SM_Prop_Button_05","FBX / ModelImporter","Assets/SimpleSpaceInteriors/Models/SM_Prop_Button_05.fbx","SimpleSpaceInteriors","No","No",0,"","No","ImportAnimation=False; AnimationType=None; AvatarSetup=NoAvatar; HasAvatar=False","Unknown","No imported/embedded animation clips detected"
"SM_Prop_Cabinets_01","FBX / ModelImporter","Assets/SimpleSpaceInteriors/Models/SM_Prop_Cabinets_01.fbx","SimpleSpaceInteriors","No","No",0,"","No","ImportAnimation=False; AnimationType=None; AvatarSetup=NoAvatar; HasAvatar=False","Unknown","No imported/embedded animation clips detected"
"SM_Prop_Cabinets_02","FBX / ModelImporter","Assets/SimpleSpaceInteriors/Models/SM_Prop_Cabinets_02.fbx","SimpleSpaceInteriors","No","No",0,"","No","ImportAnimation=False; AnimationType=None; AvatarSetup=NoAvatar; HasAvatar=False","Unknown","No imported/embedded animation clips detected"
"SM_Prop_Cables_01","FBX / ModelImporter","Assets/SimpleSpaceInteriors/Models/SM_Prop_Cables_01.fbx","SimpleSpaceInteriors","No","No",0,"","No","ImportAnimation=False; AnimationType=None; AvatarSetup=NoAvatar; HasAvatar=False","Unknown","No imported/embedded animation clips detected"
"SM_Prop_Cables_02","FBX / ModelImporter","Assets/SimpleSpaceInteriors/Models/SM_Prop_Cables_02.fbx","SimpleSpaceInteriors","No","No",0,"","No","ImportAnimation=False; AnimationType=None; AvatarSetup=NoAvatar; HasAvatar=False","Unknown","No imported/embedded animation clips detected"
"SM_Prop_Cables_03","FBX / ModelImporter","Assets/SimpleSpaceInteriors/Models/SM_Prop_Cables_03.fbx","SimpleSpaceInteriors","No","No",0,"","No","ImportAnimation=False; AnimationType=None; AvatarSetup=NoAvatar; HasAvatar=False","Unknown","No imported/embedded animation clips detected"
"SM_Prop_Cart_01","FBX / ModelImporter","Assets/SimpleSpaceInteriors/Models/SM_Prop_Cart_01.fbx","SimpleSpaceInteriors","No","No",0,"","No","ImportAnimation=False; AnimationType=None; AvatarSetup=NoAvatar; HasAvatar=False","Unknown","No imported/embedded animation clips detected"
"SM_Prop_Computer_01","FBX / ModelImporter","Assets/SimpleSpaceInteriors/Models/SM_Prop_Computer_01.fbx","SimpleSpaceInteriors","No","No",0,"","No","ImportAnimation=False; AnimationType=None; AvatarSetup=NoAvatar; HasAvatar=False","Unknown","No imported/embedded animation clips detected"
"SM_Prop_Computer_02","FBX / ModelImporter","Assets/SimpleSpaceInteriors/Models/SM_Prop_Computer_02.fbx","SimpleSpaceInteriors","No","No",0,"","No","ImportAnimation=False; AnimationType=None; AvatarSetup=NoAvatar; HasAvatar=False","Unknown","No imported/embedded animation clips detected"
"SM_Prop_Computer_03","FBX / ModelImporter","Assets/SimpleSpaceInteriors/Models/SM_Prop_Computer_03.fbx","SimpleSpaceInteriors","No","No",0,"","No","ImportAnimation=False; AnimationType=None; AvatarSetup=NoAvatar; HasAvatar=False","Unknown","No imported/embedded animation clips detected"
"SM_Prop_Computer_04","FBX / ModelImporter","Assets/SimpleSpaceInteriors/Models/SM_Prop_Computer_04.fbx","SimpleSpaceInteriors","No","No",0,"","No","ImportAnimation=False; AnimationType=None; AvatarSetup=NoAvatar; HasAvatar=False","Unknown","No imported/embedded animation clips detected"
"SM_Prop_Console_01","FBX / ModelImporter","Assets/SimpleSpaceInteriors/Models/SM_Prop_Console_01.fbx","SimpleSpaceInteriors","No","No",0,"","No","ImportAnimation=False; AnimationType=None; AvatarSetup=NoAvatar; HasAvatar=False","Unknown","No imported/embedded animation clips detected"
"SM_Prop_Console_02","FBX / ModelImporter","Assets/SimpleSpaceInteriors/Models/SM_Prop_Console_02.fbx","SimpleSpaceInteriors","No","No",0,"","No","ImportAnimation=False; AnimationType=None; AvatarSetup=NoAvatar; HasAvatar=False","Unknown","No imported/embedded animation clips detected"
"SM_Prop_Console_03","FBX / ModelImporter","Assets/SimpleSpaceInteriors/Models/SM_Prop_Console_03.fbx","SimpleSpaceInteriors","No","No",0,"","No","ImportAnimation=False; AnimationType=None; AvatarSetup=NoAvatar; HasAvatar=False","Unknown","No imported/embedded animation clips detected"
"SM_Prop_Console_04","FBX / ModelImporter","Assets/SimpleSpaceInteriors/Models/SM_Prop_Console_04.fbx","SimpleSpaceInteriors","No","No",0,"","No","ImportAnimation=False; AnimationType=None; AvatarSetup=NoAvatar; HasAvatar=False","Unknown","No imported/embedded animation clips detected"
"SM_Prop_Console_05","FBX / ModelImporter","Assets/SimpleSpaceInteriors/Models/SM_Prop_Console_05.fbx","SimpleSpaceInteriors","No","No",0,"","No","ImportAnimation=False; AnimationType=None; AvatarSetup=NoAvatar; HasAvatar=False","Unknown","No imported/embedded animation clips detected"
"SM_Prop_Console_06","FBX / ModelImporter","Assets/SimpleSpaceInteriors/Models/SM_Prop_Console_06.fbx","SimpleSpaceInteriors","No","No",0,"","No","ImportAnimation=False; AnimationType=None; AvatarSetup=NoAvatar; HasAvatar=False","Unknown","No imported/embedded animation clips detected"
"SM_Prop_Console_07","FBX / ModelImporter","Assets/SimpleSpaceInteriors/Models/SM_Prop_Console_07.fbx","SimpleSpaceInteriors","No","No",0,"","No","ImportAnimation=False; AnimationType=None; AvatarSetup=NoAvatar; HasAvatar=False","Unknown","No imported/embedded animation clips detected"
"SM_Prop_Console_08","FBX / ModelImporter","Assets/SimpleSpaceInteriors/Models/SM_Prop_Console_08.fbx","SimpleSpaceInteriors","No","No",0,"","No","ImportAnimation=False; AnimationType=None; AvatarSetup=NoAvatar; HasAvatar=False","Unknown","No imported/embedded animation clips detected"
"SM_Prop_Container_01","FBX / ModelImporter","Assets/SimpleSpaceInteriors/Models/SM_Prop_Container_01.fbx","SimpleSpaceInteriors","No","No",0,"","No","ImportAnimation=False; AnimationType=None; AvatarSetup=NoAvatar; HasAvatar=False","Unknown","No imported/embedded animation clips detected"
"SM_Prop_Container_02","FBX / ModelImporter","Assets/SimpleSpaceInteriors/Models/SM_Prop_Container_02.fbx","SimpleSpaceInteriors","No","No",0,"","No","ImportAnimation=False; AnimationType=None; AvatarSetup=NoAvatar; HasAvatar=False","Unknown","No imported/embedded animation clips detected"
"SM_Prop_Container_03","FBX / ModelImporter","Assets/SimpleSpaceInteriors/Models/SM_Prop_Container_03.fbx","SimpleSpaceInteriors","No","No",0,"","No","ImportAnimation=False; AnimationType=None; AvatarSetup=NoAvatar; HasAvatar=False","Unknown","No imported/embedded animation clips detected"
"SM_Prop_Container_04","FBX / ModelImporter","Assets/SimpleSpaceInteriors/Models/SM_Prop_Container_04.fbx","SimpleSpaceInteriors","No","No",0,"","No","ImportAnimation=False; AnimationType=None; AvatarSetup=NoAvatar; HasAvatar=False","Unknown","No imported/embedded animation clips detected"
"SM_Prop_ControlDesk_01","FBX / ModelImporter","Assets/SimpleSpaceInteriors/Models/SM_Prop_ControlDesk_01.fbx","SimpleSpaceInteriors","No","No",0,"","No","ImportAnimation=False; AnimationType=None; AvatarSetup=NoAvatar; HasAvatar=False","Unknown","No imported/embedded animation clips detected"
"SM_Prop_ControlDesk_02","FBX / ModelImporter","Assets/SimpleSpaceInteriors/Models/SM_Prop_ControlDesk_02.fbx","SimpleSpaceInteriors","No","No",0,"","No","ImportAnimation=False; AnimationType=None; AvatarSetup=NoAvatar; HasAvatar=False","Unknown","No imported/embedded animation clips detected"
"SM_Prop_ControlDesk_03","FBX / ModelImporter","Assets/SimpleSpaceInteriors/Models/SM_Prop_ControlDesk_03.fbx","SimpleSpaceInteriors","No","No",0,"","No","ImportAnimation=False; AnimationType=None; AvatarSetup=NoAvatar; HasAvatar=False","Unknown","No imported/embedded animation clips detected"
"SM_Prop_ControlDesk_Vintage_01","FBX / ModelImporter","Assets/SimpleSpaceInteriors/Models/SM_Prop_ControlDesk_Vintage_01.fbx","SimpleSpaceInteriors","No","No",0,"","No","ImportAnimation=False; AnimationType=None; AvatarSetup=NoAvatar; HasAvatar=False","Unknown","No imported/embedded animation clips detected"
"SM_Prop_ControlDesk_Vintage_02","FBX / ModelImporter","Assets/SimpleSpaceInteriors/Models/SM_Prop_ControlDesk_Vintage_02.fbx","SimpleSpaceInteriors","No","No",0,"","No","ImportAnimation=False; AnimationType=None; AvatarSetup=NoAvatar; HasAvatar=False","Unknown","No imported/embedded animation clips detected"
"SM_Prop_ControlDesk_Vintage_03","FBX / ModelImporter","Assets/SimpleSpaceInteriors/Models/SM_Prop_ControlDesk_Vintage_03.fbx","SimpleSpaceInteriors","No","No",0,"","No","ImportAnimation=False; AnimationType=None; AvatarSetup=NoAvatar; HasAvatar=False","Unknown","No imported/embedded animation clips detected"
"SM_Prop_ControlDesk_Vintage_04","FBX / ModelImporter","Assets/SimpleSpaceInteriors/Models/SM_Prop_ControlDesk_Vintage_04.fbx","SimpleSpaceInteriors","No","No",0,"","No","ImportAnimation=False; AnimationType=None; AvatarSetup=NoAvatar; HasAvatar=False","Unknown","No imported/embedded animation clips detected"
"SM_Prop_Desk_01","FBX / ModelImporter","Assets/SimpleSpaceInteriors/Models/SM_Prop_Desk_01.fbx","SimpleSpaceInteriors","No","No",0,"","No","ImportAnimation=False; AnimationType=None; AvatarSetup=NoAvatar; HasAvatar=False","Unknown","No imported/embedded animation clips detected"
"SM_Prop_Desk_02","FBX / ModelImporter","Assets/SimpleSpaceInteriors/Models/SM_Prop_Desk_02.fbx","SimpleSpaceInteriors","No","No",0,"","No","ImportAnimation=False; AnimationType=None; AvatarSetup=NoAvatar; HasAvatar=False","Unknown","No imported/embedded animation clips detected"
"SM_Prop_Desk_03","FBX / ModelImporter","Assets/SimpleSpaceInteriors/Models/SM_Prop_Desk_03.fbx","SimpleSpaceInteriors","No","No",0,"","No","ImportAnimation=False; AnimationType=None; AvatarSetup=NoAvatar; HasAvatar=False","Unknown","No imported/embedded animation clips detected"
"SM_Prop_Desk_04","FBX / ModelImporter","Assets/SimpleSpaceInteriors/Models/SM_Prop_Desk_04.fbx","SimpleSpaceInteriors","No","No",0,"","No","ImportAnimation=False; AnimationType=None; AvatarSetup=NoAvatar; HasAvatar=False","Unknown","No imported/embedded animation clips detected"
"SM_Prop_Desk_Lab_01","FBX / ModelImporter","Assets/SimpleSpaceInteriors/Models/SM_Prop_Desk_Lab_01.fbx","SimpleSpaceInteriors","No","No",0,"","No","ImportAnimation=False; AnimationType=None; AvatarSetup=NoAvatar; HasAvatar=False","Unknown","No imported/embedded animation clips detected"
"SM_Prop_Desk_Lab_02","FBX / ModelImporter","Assets/SimpleSpaceInteriors/Models/SM_Prop_Desk_Lab_02.fbx","SimpleSpaceInteriors","No","No",0,"","No","ImportAnimation=False; AnimationType=None; AvatarSetup=NoAvatar; HasAvatar=False","Unknown","No imported/embedded animation clips detected"
"SM_Prop_Flightstick_01","FBX / ModelImporter","Assets/SimpleSpaceInteriors/Models/SM_Prop_Flightstick_01.fbx","SimpleSpaceInteriors","No","No",0,"","No","ImportAnimation=False; AnimationType=None; AvatarSetup=NoAvatar; HasAvatar=False","Unknown","No imported/embedded animation clips detected"
"SM_Prop_Handle_01","FBX / ModelImporter","Assets/SimpleSpaceInteriors/Models/SM_Prop_Handle_01.fbx","SimpleSpaceInteriors","No","No",0,"","No","ImportAnimation=False; AnimationType=None; AvatarSetup=NoAvatar; HasAvatar=False","Unknown","No imported/embedded animation clips detected"
"SM_Prop_Hatch_01","FBX / ModelImporter","Assets/SimpleSpaceInteriors/Models/SM_Prop_Hatch_01.fbx","SimpleSpaceInteriors","No","No",0,"","No","ImportAnimation=False; AnimationType=None; AvatarSetup=NoAvatar; HasAvatar=False","Unknown","No imported/embedded animation clips detected"
"SM_Prop_Hatch_02","FBX / ModelImporter","Assets/SimpleSpaceInteriors/Models/SM_Prop_Hatch_02.fbx","SimpleSpaceInteriors","No","No",0,"","No","ImportAnimation=False; AnimationType=None; AvatarSetup=NoAvatar; HasAvatar=False","Unknown","No imported/embedded animation clips detected"
"SM_Prop_Hatch_03","FBX / ModelImporter","Assets/SimpleSpaceInteriors/Models/SM_Prop_Hatch_03.fbx","SimpleSpaceInteriors","No","No",0,"","No","ImportAnimation=False; AnimationType=None; AvatarSetup=NoAvatar; HasAvatar=False","Unknown","No imported/embedded animation clips detected"
"SM_Prop_Ladder_01","FBX / ModelImporter","Assets/SimpleSpaceInteriors/Models/SM_Prop_Ladder_01.fbx","SimpleSpaceInteriors","No","No",0,"","No","ImportAnimation=False; AnimationType=None; AvatarSetup=NoAvatar; HasAvatar=False","Unknown","No imported/embedded animation clips detected"
"SM_Prop_Lander_01","FBX / ModelImporter","Assets/SimpleSpaceInteriors/Models/SM_Prop_Lander_01.fbx","SimpleSpaceInteriors","No","No",0,"","No","ImportAnimation=False; AnimationType=None; AvatarSetup=NoAvatar; HasAvatar=False","Unknown","No imported/embedded animation clips detected"
"SM_Prop_Light_01","FBX / ModelImporter","Assets/SimpleSpaceInteriors/Models/SM_Prop_Light_01.fbx","SimpleSpaceInteriors","No","No",0,"","No","ImportAnimation=False; AnimationType=None; AvatarSetup=NoAvatar; HasAvatar=False","Unknown","No imported/embedded animation clips detected"
"SM_Prop_Lockers_01","FBX / ModelImporter","Assets/SimpleSpaceInteriors/Models/SM_Prop_Lockers_01.fbx","SimpleSpaceInteriors","No","No",0,"","No","ImportAnimation=False; AnimationType=None; AvatarSetup=NoAvatar; HasAvatar=False","Unknown","No imported/embedded animation clips detected"
"SM_Prop_Lockers_02","FBX / ModelImporter","Assets/SimpleSpaceInteriors/Models/SM_Prop_Lockers_02.fbx","SimpleSpaceInteriors","No","No",0,"","No","ImportAnimation=False; AnimationType=None; AvatarSetup=NoAvatar; HasAvatar=False","Unknown","No imported/embedded animation clips detected"
"SM_Prop_Lockers_03","FBX / ModelImporter","Assets/SimpleSpaceInteriors/Models/SM_Prop_Lockers_03.fbx","SimpleSpaceInteriors","No","No",0,"","No","ImportAnimation=False; AnimationType=None; AvatarSetup=NoAvatar; HasAvatar=False","Unknown","No imported/embedded animation clips detected"
"SM_Prop_Lockers_04","FBX / ModelImporter","Assets/SimpleSpaceInteriors/Models/SM_Prop_Lockers_04.fbx","SimpleSpaceInteriors","No","No",0,"","No","ImportAnimation=False; AnimationType=None; AvatarSetup=NoAvatar; HasAvatar=False","Unknown","No imported/embedded animation clips detected"
"SM_Prop_Lockers_05","FBX / ModelImporter","Assets/SimpleSpaceInteriors/Models/SM_Prop_Lockers_05.fbx","SimpleSpaceInteriors","No","No",0,"","No","ImportAnimation=False; AnimationType=None; AvatarSetup=NoAvatar; HasAvatar=False","Unknown","No imported/embedded animation clips detected"
"SM_Prop_Microscope_01","FBX / ModelImporter","Assets/SimpleSpaceInteriors/Models/SM_Prop_Microscope_01.fbx","SimpleSpaceInteriors","No","No",0,"","No","ImportAnimation=False; AnimationType=None; AvatarSetup=NoAvatar; HasAvatar=False","Unknown","No imported/embedded animation clips detected"
"SM_Prop_Monitor_01","FBX / ModelImporter","Assets/SimpleSpaceInteriors/Models/SM_Prop_Monitor_01.fbx","SimpleSpaceInteriors","No","No",0,"","No","ImportAnimation=False; AnimationType=None; AvatarSetup=NoAvatar; HasAvatar=False","Unknown","No imported/embedded animation clips detected"
"SM_Prop_Monitor_02","FBX / ModelImporter","Assets/SimpleSpaceInteriors/Models/SM_Prop_Monitor_02.fbx","SimpleSpaceInteriors","No","No",0,"","No","ImportAnimation=False; AnimationType=None; AvatarSetup=NoAvatar; HasAvatar=False","Unknown","No imported/embedded animation clips detected"
"SM_Prop_Monitor_03","FBX / ModelImporter","Assets/SimpleSpaceInteriors/Models/SM_Prop_Monitor_03.fbx","SimpleSpaceInteriors","No","No",0,"","No","ImportAnimation=False; AnimationType=None; AvatarSetup=NoAvatar; HasAvatar=False","Unknown","No imported/embedded animation clips detected"
"SM_Prop_Monitor_04","FBX / ModelImporter","Assets/SimpleSpaceInteriors/Models/SM_Prop_Monitor_04.fbx","SimpleSpaceInteriors","No","No",0,"","No","ImportAnimation=False; AnimationType=None; AvatarSetup=NoAvatar; HasAvatar=False","Unknown","No imported/embedded animation clips detected"
"SM_Prop_Panel_01","FBX / ModelImporter","Assets/SimpleSpaceInteriors/Models/SM_Prop_Panel_01.fbx","SimpleSpaceInteriors","No","No",0,"","No","ImportAnimation=False; AnimationType=None; AvatarSetup=NoAvatar; HasAvatar=False","Unknown","No imported/embedded animation clips detected"
"SM_Prop_Panel_02","FBX / ModelImporter","Assets/SimpleSpaceInteriors/Models/SM_Prop_Panel_02.fbx","SimpleSpaceInteriors","No","No",0,"","No","ImportAnimation=False; AnimationType=None; AvatarSetup=NoAvatar; HasAvatar=False","Unknown","No imported/embedded animation clips detected"
"SM_Prop_Panel_03","FBX / ModelImporter","Assets/SimpleSpaceInteriors/Models/SM_Prop_Panel_03.fbx","SimpleSpaceInteriors","No","No",0,"","No","ImportAnimation=False; AnimationType=None; AvatarSetup=NoAvatar; HasAvatar=False","Unknown","No imported/embedded animation clips detected"
"SM_Prop_Panel_04","FBX / ModelImporter","Assets/SimpleSpaceInteriors/Models/SM_Prop_Panel_04.fbx","SimpleSpaceInteriors","No","No",0,"","No","ImportAnimation=False; AnimationType=None; AvatarSetup=NoAvatar; HasAvatar=False","Unknown","No imported/embedded animation clips detected"
"SM_Prop_Panel_05","FBX / ModelImporter","Assets/SimpleSpaceInteriors/Models/SM_Prop_Panel_05.fbx","SimpleSpaceInteriors","No","No",0,"","No","ImportAnimation=False; AnimationType=None; AvatarSetup=NoAvatar; HasAvatar=False","Unknown","No imported/embedded animation clips detected"
"SM_Prop_Panel_06","FBX / ModelImporter","Assets/SimpleSpaceInteriors/Models/SM_Prop_Panel_06.fbx","SimpleSpaceInteriors","No","No",0,"","No","ImportAnimation=False; AnimationType=None; AvatarSetup=NoAvatar; HasAvatar=False","Unknown","No imported/embedded animation clips detected"
"SM_Prop_Panel_07","FBX / ModelImporter","Assets/SimpleSpaceInteriors/Models/SM_Prop_Panel_07.fbx","SimpleSpaceInteriors","No","No",0,"","No","ImportAnimation=False; AnimationType=None; AvatarSetup=NoAvatar; HasAvatar=False","Unknown","No imported/embedded animation clips detected"
"SM_Prop_Panel_Vintage_01","FBX / ModelImporter","Assets/SimpleSpaceInteriors/Models/SM_Prop_Panel_Vintage_01.fbx","SimpleSpaceInteriors","No","No",0,"","No","ImportAnimation=False; AnimationType=None; AvatarSetup=NoAvatar; HasAvatar=False","Unknown","No imported/embedded animation clips detected"
"SM_Prop_Panel_Vintage_02","FBX / ModelImporter","Assets/SimpleSpaceInteriors/Models/SM_Prop_Panel_Vintage_02.fbx","SimpleSpaceInteriors","No","No",0,"","No","ImportAnimation=False; AnimationType=None; AvatarSetup=NoAvatar; HasAvatar=False","Unknown","No imported/embedded animation clips detected"
"SM_Prop_Panel_Vintage_03","FBX / ModelImporter","Assets/SimpleSpaceInteriors/Models/SM_Prop_Panel_Vintage_03.fbx","SimpleSpaceInteriors","No","No",0,"","No","ImportAnimation=False; AnimationType=None; AvatarSetup=NoAvatar; HasAvatar=False","Unknown","No imported/embedded animation clips detected"
"SM_Prop_Panel_Vintage_04","FBX / ModelImporter","Assets/SimpleSpaceInteriors/Models/SM_Prop_Panel_Vintage_04.fbx","SimpleSpaceInteriors","No","No",0,"","No","ImportAnimation=False; AnimationType=None; AvatarSetup=NoAvatar; HasAvatar=False","Unknown","No imported/embedded animation clips detected"
"SM_Prop_Panel_Vintage_05","FBX / ModelImporter","Assets/SimpleSpaceInteriors/Models/SM_Prop_Panel_Vintage_05.fbx","SimpleSpaceInteriors","No","No",0,"","No","ImportAnimation=False; AnimationType=None; AvatarSetup=NoAvatar; HasAvatar=False","Unknown","No imported/embedded animation clips detected"
"SM_Prop_Phone_01","FBX / ModelImporter","Assets/SimpleSpaceInteriors/Models/SM_Prop_Phone_01.fbx","SimpleSpaceInteriors","No","No",0,"","No","ImportAnimation=False; AnimationType=None; AvatarSetup=NoAvatar; HasAvatar=False","Unknown","No imported/embedded animation clips detected"
"SM_Prop_Pipe_01","FBX / ModelImporter","Assets/SimpleSpaceInteriors/Models/SM_Prop_Pipe_01.fbx","SimpleSpaceInteriors","No","No",0,"","No","ImportAnimation=False; AnimationType=None; AvatarSetup=NoAvatar; HasAvatar=False","Unknown","No imported/embedded animation clips detected"
"SM_Prop_Pipe_02","FBX / ModelImporter","Assets/SimpleSpaceInteriors/Models/SM_Prop_Pipe_02.fbx","SimpleSpaceInteriors","No","No",0,"","No","ImportAnimation=False; AnimationType=None; AvatarSetup=NoAvatar; HasAvatar=False","Unknown","No imported/embedded animation clips detected"
"SM_Prop_Plants_01","FBX / ModelImporter","Assets/SimpleSpaceInteriors/Models/SM_Prop_Plants_01.fbx","SimpleSpaceInteriors","No","No",0,"","No","ImportAnimation=False; AnimationType=None; AvatarSetup=NoAvatar; HasAvatar=False","Unknown","No imported/embedded animation clips detected"
"SM_Prop_Plants_02","FBX / ModelImporter","Assets/SimpleSpaceInteriors/Models/SM_Prop_Plants_02.fbx","SimpleSpaceInteriors","No","No",0,"","No","ImportAnimation=False; AnimationType=None; AvatarSetup=NoAvatar; HasAvatar=False","Unknown","No imported/embedded animation clips detected"
"SM_Prop_Plants_03","FBX / ModelImporter","Assets/SimpleSpaceInteriors/Models/SM_Prop_Plants_03.fbx","SimpleSpaceInteriors","No","No",0,"","No","ImportAnimation=False; AnimationType=None; AvatarSetup=NoAvatar; HasAvatar=False","Unknown","No imported/embedded animation clips detected"
"SM_Prop_Plants_04","FBX / ModelImporter","Assets/SimpleSpaceInteriors/Models/SM_Prop_Plants_04.fbx","SimpleSpaceInteriors","No","No",0,"","No","ImportAnimation=False; AnimationType=None; AvatarSetup=NoAvatar; HasAvatar=False","Unknown","No imported/embedded animation clips detected"
"SM_Prop_Plants_05","FBX / ModelImporter","Assets/SimpleSpaceInteriors/Models/SM_Prop_Plants_05.fbx","SimpleSpaceInteriors","No","No",0,"","No","ImportAnimation=False; AnimationType=None; AvatarSetup=NoAvatar; HasAvatar=False","Unknown","No imported/embedded animation clips detected"
"SM_Prop_Plants_06","FBX / ModelImporter","Assets/SimpleSpaceInteriors/Models/SM_Prop_Plants_06.fbx","SimpleSpaceInteriors","No","No",0,"","No","ImportAnimation=False; AnimationType=None; AvatarSetup=NoAvatar; HasAvatar=False","Unknown","No imported/embedded animation clips detected"
"SM_Prop_Pole_01","FBX / ModelImporter","Assets/SimpleSpaceInteriors/Models/SM_Prop_Pole_01.fbx","SimpleSpaceInteriors","No","No",0,"","No","ImportAnimation=False; AnimationType=None; AvatarSetup=NoAvatar; HasAvatar=False","Unknown","No imported/embedded animation clips detected"
"SM_Prop_Rocket_01","FBX / ModelImporter","Assets/SimpleSpaceInteriors/Models/SM_Prop_Rocket_01.fbx","SimpleSpaceInteriors","No","No",0,"","No","ImportAnimation=False; AnimationType=None; AvatarSetup=NoAvatar; HasAvatar=False","Unknown","No imported/embedded animation clips detected"
"SM_Prop_Satellite_01","FBX / ModelImporter","Assets/SimpleSpaceInteriors/Models/SM_Prop_Satellite_01.fbx","SimpleSpaceInteriors","No","No",0,"","No","ImportAnimation=False; AnimationType=None; AvatarSetup=NoAvatar; HasAvatar=False","Unknown","No imported/embedded animation clips detected"
"SM_Prop_Scales_01","FBX / ModelImporter","Assets/SimpleSpaceInteriors/Models/SM_Prop_Scales_01.fbx","SimpleSpaceInteriors","No","No",0,"","No","ImportAnimation=False; AnimationType=None; AvatarSetup=NoAvatar; HasAvatar=False","Unknown","No imported/embedded animation clips detected"
"SM_Prop_Seat_01","FBX / ModelImporter","Assets/SimpleSpaceInteriors/Models/SM_Prop_Seat_01.fbx","SimpleSpaceInteriors","No","No",0,"","No","ImportAnimation=False; AnimationType=None; AvatarSetup=NoAvatar; HasAvatar=False","Unknown","No imported/embedded animation clips detected"
"SM_Prop_Seat_02","FBX / ModelImporter","Assets/SimpleSpaceInteriors/Models/SM_Prop_Seat_02.fbx","SimpleSpaceInteriors","No","No",0,"","No","ImportAnimation=False; AnimationType=None; AvatarSetup=NoAvatar; HasAvatar=False","Unknown","No imported/embedded animation clips detected"
"SM_Prop_Seat_03","FBX / ModelImporter","Assets/SimpleSpaceInteriors/Models/SM_Prop_Seat_03.fbx","SimpleSpaceInteriors","No","No",0,"","No","ImportAnimation=False; AnimationType=None; AvatarSetup=NoAvatar; HasAvatar=False","Unknown","No imported/embedded animation clips detected"
"SM_Prop_Server_01","FBX / ModelImporter","Assets/SimpleSpaceInteriors/Models/SM_Prop_Server_01.fbx","SimpleSpaceInteriors","No","No",0,"","No","ImportAnimation=False; AnimationType=None; AvatarSetup=NoAvatar; HasAvatar=False","Unknown","No imported/embedded animation clips detected"
"SM_Prop_Server_02","FBX / ModelImporter","Assets/SimpleSpaceInteriors/Models/SM_Prop_Server_02.fbx","SimpleSpaceInteriors","No","No",0,"","No","ImportAnimation=False; AnimationType=None; AvatarSetup=NoAvatar; HasAvatar=False","Unknown","No imported/embedded animation clips detected"
"SM_Prop_Server_03","FBX / ModelImporter","Assets/SimpleSpaceInteriors/Models/SM_Prop_Server_03.fbx","SimpleSpaceInteriors","No","No",0,"","No","ImportAnimation=False; AnimationType=None; AvatarSetup=NoAvatar; HasAvatar=False","Unknown","No imported/embedded animation clips detected"
"SM_Prop_ServerRack_01","FBX / ModelImporter","Assets/SimpleSpaceInteriors/Models/SM_Prop_ServerRack_01.fbx","SimpleSpaceInteriors","No","No",0,"","No","ImportAnimation=False; AnimationType=None; AvatarSetup=NoAvatar; HasAvatar=False","Unknown","No imported/embedded animation clips detected"
"SM_Prop_Shuttle_01","FBX / ModelImporter","Assets/SimpleSpaceInteriors/Models/SM_Prop_Shuttle_01.fbx","SimpleSpaceInteriors","No","No",0,"","No","ImportAnimation=False; AnimationType=None; AvatarSetup=NoAvatar; HasAvatar=False","Unknown","No imported/embedded animation clips detected"
"SM_Prop_Sign_01","FBX / ModelImporter","Assets/SimpleSpaceInteriors/Models/SM_Prop_Sign_01.fbx","SimpleSpaceInteriors","No","No",0,"","No","ImportAnimation=False; AnimationType=None; AvatarSetup=NoAvatar; HasAvatar=False","Unknown","No imported/embedded animation clips detected"
"SM_Prop_Simulator_01","FBX / ModelImporter","Assets/SimpleSpaceInteriors/Models/SM_Prop_Simulator_01.fbx","SimpleSpaceInteriors","No","No",0,"","No","ImportAnimation=False; AnimationType=None; AvatarSetup=NoAvatar; HasAvatar=False","Unknown","No imported/embedded animation clips detected"
"SM_Prop_Stairs_01","FBX / ModelImporter","Assets/SimpleSpaceInteriors/Models/SM_Prop_Stairs_01.fbx","SimpleSpaceInteriors","No","No",0,"","No","ImportAnimation=False; AnimationType=None; AvatarSetup=NoAvatar; HasAvatar=False","Unknown","No imported/embedded animation clips detected"
"SM_Prop_StepLadder_01","FBX / ModelImporter","Assets/SimpleSpaceInteriors/Models/SM_Prop_StepLadder_01.fbx","SimpleSpaceInteriors","No","No",0,"","No","ImportAnimation=False; AnimationType=None; AvatarSetup=NoAvatar; HasAvatar=False","Unknown","No imported/embedded animation clips detected"
"SM_Prop_SwivelChair_01","FBX / ModelImporter","Assets/SimpleSpaceInteriors/Models/SM_Prop_SwivelChair_01.fbx","SimpleSpaceInteriors","No","No",0,"","No","ImportAnimation=False; AnimationType=None; AvatarSetup=NoAvatar; HasAvatar=False","Unknown","No imported/embedded animation clips detected"
"SM_Prop_SwivelChair_02","FBX / ModelImporter","Assets/SimpleSpaceInteriors/Models/SM_Prop_SwivelChair_02.fbx","SimpleSpaceInteriors","No","No",0,"","No","ImportAnimation=False; AnimationType=None; AvatarSetup=NoAvatar; HasAvatar=False","Unknown","No imported/embedded animation clips detected"
"SM_Prop_SwivelChair_03","FBX / ModelImporter","Assets/SimpleSpaceInteriors/Models/SM_Prop_SwivelChair_03.fbx","SimpleSpaceInteriors","No","No",0,"","No","ImportAnimation=False; AnimationType=None; AvatarSetup=NoAvatar; HasAvatar=False","Unknown","No imported/embedded animation clips detected"
"SM_Prop_SwivelChair_04","FBX / ModelImporter","Assets/SimpleSpaceInteriors/Models/SM_Prop_SwivelChair_04.fbx","SimpleSpaceInteriors","No","No",0,"","No","ImportAnimation=False; AnimationType=None; AvatarSetup=NoAvatar; HasAvatar=False","Unknown","No imported/embedded animation clips detected"
"SM_Prop_Table_01","FBX / ModelImporter","Assets/SimpleSpaceInteriors/Models/SM_Prop_Table_01.fbx","SimpleSpaceInteriors","No","No",0,"","No","ImportAnimation=False; AnimationType=None; AvatarSetup=NoAvatar; HasAvatar=False","Unknown","No imported/embedded animation clips detected"
"SM_Prop_Tanks_01","FBX / ModelImporter","Assets/SimpleSpaceInteriors/Models/SM_Prop_Tanks_01.fbx","SimpleSpaceInteriors","No","No",0,"","No","ImportAnimation=False; AnimationType=None; AvatarSetup=NoAvatar; HasAvatar=False","Unknown","No imported/embedded animation clips detected"
"SM_Prop_Tape_01","FBX / ModelImporter","Assets/SimpleSpaceInteriors/Models/SM_Prop_Tape_01.fbx","SimpleSpaceInteriors","No","No",0,"","No","ImportAnimation=False; AnimationType=None; AvatarSetup=NoAvatar; HasAvatar=False","Unknown","No imported/embedded animation clips detected"
"SM_Prop_Tape_02","FBX / ModelImporter","Assets/SimpleSpaceInteriors/Models/SM_Prop_Tape_02.fbx","SimpleSpaceInteriors","No","No",0,"","No","ImportAnimation=False; AnimationType=None; AvatarSetup=NoAvatar; HasAvatar=False","Unknown","No imported/embedded animation clips detected"
"SM_Prop_TestTube_01","FBX / ModelImporter","Assets/SimpleSpaceInteriors/Models/SM_Prop_TestTube_01.fbx","SimpleSpaceInteriors","No","No",0,"","No","ImportAnimation=False; AnimationType=None; AvatarSetup=NoAvatar; HasAvatar=False","Unknown","No imported/embedded animation clips detected"
"SM_Prop_TestTube_02","FBX / ModelImporter","Assets/SimpleSpaceInteriors/Models/SM_Prop_TestTube_02.fbx","SimpleSpaceInteriors","No","No",0,"","No","ImportAnimation=False; AnimationType=None; AvatarSetup=NoAvatar; HasAvatar=False","Unknown","No imported/embedded animation clips detected"
"SM_Prop_TestTube_03","FBX / ModelImporter","Assets/SimpleSpaceInteriors/Models/SM_Prop_TestTube_03.fbx","SimpleSpaceInteriors","No","No",0,"","No","ImportAnimation=False; AnimationType=None; AvatarSetup=NoAvatar; HasAvatar=False","Unknown","No imported/embedded animation clips detected"
"SM_Prop_TestTube_04","FBX / ModelImporter","Assets/SimpleSpaceInteriors/Models/SM_Prop_TestTube_04.fbx","SimpleSpaceInteriors","No","No",0,"","No","ImportAnimation=False; AnimationType=None; AvatarSetup=NoAvatar; HasAvatar=False","Unknown","No imported/embedded animation clips detected"
"SM_Prop_Treadmill_01","FBX / ModelImporter","Assets/SimpleSpaceInteriors/Models/SM_Prop_Treadmill_01.fbx","SimpleSpaceInteriors","No","No",0,"","No","ImportAnimation=False; AnimationType=None; AvatarSetup=NoAvatar; HasAvatar=False","Unknown","No imported/embedded animation clips detected"
"SM_Prop_Trolley_01","FBX / ModelImporter","Assets/SimpleSpaceInteriors/Models/SM_Prop_Trolley_01.fbx","SimpleSpaceInteriors","No","No",0,"","No","ImportAnimation=False; AnimationType=None; AvatarSetup=NoAvatar; HasAvatar=False","Unknown","No imported/embedded animation clips detected"
